network_id,station,network,latitude,longitude,elevation,start,end,channels,max_sample_rate,sensor_types,sensors,datacenter,source,duration_days
12_2022,OBS19,12,9.83424,-104.27936,-2522.8,2022-01-22 17:04:18.000,2023-01-18 17:25:08.000000,EDH EL1 EL2 ELZ (100 Hz),100.0,pressure+seismometer,HTI_90_U Hydrophone OBSIP-SIO/ABALONES | L28LB OBSIP-SIO Seismometer Differential/ABALONES,EarthScope,fdsn,361
12_2022,OBS20,12,9.84388,-104.28328,-2511.9,2022-01-22 17:13:24.000,2023-01-17 20:37:19.000000,EDH EL1 EL2 ELZ (100 Hz),100.0,pressure+seismometer,HTI_90_U Hydrophone OBSIP-SIO/ABALONES | L28LB OBSIP-SIO Seismometer Differential/ABALONES,EarthScope,fdsn,360
12_2022,OBS21,12,9.82879,-104.29892,-2524.5,2022-01-22 17:23:41.000,2023-01-23 01:31:49.000000,EDH EL1 EL2 ELZ (200 Hz),200.0,pressure+seismometer,HTI_90_U Hydrophone OBSIP-SIO/ABALONES | L28LB OBSIP-SIO Seismometer Differential/ABALONES,EarthScope,fdsn,365
1B_2010,101,1B,53.735298,-139.328705,-3550.0,2011-06-16 00:00:00.000,2011-06-20 23:59:59.000000,EDH EL1 EL2 ELZ (200 Hz); LDH LL1 LL2 LLZ (1 Hz),200.0,pressure+seismometer,Geospace GS-11D/Quanterra Q330 Linear Phase Below | HTI-90-U Hydrophone;/Quanterra Q330 Linear Phase B,EarthScope,fdsn,4
1B_2010,103,1B,53.931499,-139.891205,-3523.0,2011-06-17 00:00:00.000,2011-06-20 23:59:59.000000,EDH EL1 EL2 ELZ (200 Hz); LDH LL1 LL2 LLZ (1 Hz),200.0,pressure+seismometer,Geospace GS-11D/Quanterra Q330 Linear Phase Below | HTI-90-U Hydrophone;/Quanterra Q330 Linear Phase B,EarthScope,fdsn,3
1B_2010,104,1B,54.027699,-140.173096,-3488.0,2011-06-17 00:00:00.000,2011-06-20 23:59:59.000000,EDH EL1 EL2 ELZ (200 Hz); LDH LL1 LL2 LLZ (1 Hz),200.0,pressure+seismometer,Geospace GS-11D/Quanterra Q330 Linear Phase Below | HTI-90-U Hydrophone;/Quanterra Q330 Linear Phase B,EarthScope,fdsn,3
1B_2010,105,1B,54.123699,-140.455994,-3607.0,2011-06-17 00:00:00.000,2011-06-21 23:59:59.000000,EDH EL1 EL2 ELZ (200 Hz); LDH LL1 LL2 LLZ (1 Hz),200.0,pressure+seismometer,Geospace GS-11D/Quanterra Q330 Linear Phase Below | HTI-90-U Hydrophone;/Quanterra Q330 Linear Phase B,EarthScope,fdsn,4
1B_2010,106,1B,54.219002,-140.740906,-3691.0,2011-06-17 00:00:00.000,2011-06-21 23:59:59.000000,EDH EL1 EL2 ELZ (200 Hz); LDH LL1 LL2 LLZ (1 Hz),200.0,pressure+seismometer,Geospace GS-11D/Quanterra Q330 Linear Phase Below | HTI-90-U Hydrophone;/Quanterra Q330 Linear Phase B,EarthScope,fdsn,4
1B_2010,107,1B,54.313499,-141.026901,-3727.0,2011-06-17 00:00:00.000,2011-06-21 23:59:59.000000,EDH EL1 EL2 ELZ (200 Hz); LDH LL1 LL2 LLZ (1 Hz),200.0,pressure+seismometer,Geospace GS-11D/Quanterra Q330 Linear Phase Below | HTI-90-U Hydrophone;/Quanterra Q330 Linear Phase B,EarthScope,fdsn,4
1B_2010,201,1B,54.6702,-141.267303,-3637.0,2011-06-17 00:00:00.000,2011-06-21 23:59:59.000000,EDH EL1 EL2 ELZ (200 Hz); LDH LL1 LL2 LLZ (1 Hz),200.0,pressure+seismometer,Geospace GS-11D/Quanterra Q330 Linear Phase Below | HTI-90-U Hydrophone;/Quanterra Q330 Linear Phase B,EarthScope,fdsn,4
1B_2010,202,1B,54.858299,-141.240997,-3589.0,2011-06-17 00:00:00.000,2011-06-21 23:59:59.000000,EDH EL1 EL2 ELZ (200 Hz); LDH LL1 LL2 LLZ (1 Hz),200.0,pressure+seismometer,Geospace GS-11D/Quanterra Q330 Linear Phase Below | HTI-90-U Hydrophone;/Quanterra Q330 Linear Phase B,EarthScope,fdsn,4
1B_2010,203,1B,55.001801,-141.220703,-3502.0,2011-06-17 00:00:00.000,2011-06-21 23:59:59.000000,EDH EL1 EL2 ELZ (200 Hz); LDH LL1 LL2 LLZ (1 Hz),200.0,pressure+seismometer,Geospace GS-11D/Quanterra Q330 Linear Phase Below | HTI-90-U Hydrophone;/Quanterra Q330 Linear Phase B,EarthScope,fdsn,4
1B_2010,204,1B,55.234402,-141.187195,-3478.0,2011-06-17 00:00:00.000,2011-06-21 23:59:59.000000,EDH EL1 EL2 ELZ (200 Hz); LDH LL1 LL2 LLZ (1 Hz),200.0,pressure+seismometer,Geospace GS-11D/Quanterra Q330 Linear Phase Below | HTI-90-U Hydrophone;/Quanterra Q330 Linear Phase B,EarthScope,fdsn,4
1B_2010,205,1B,55.422001,-141.159607,-3538.0,2011-06-17 00:00:00.000,2011-06-21 23:59:59.000000,EDH EL1 EL2 ELZ (200 Hz); LDH LL1 LL2 LLZ (1 Hz),200.0,pressure+seismometer,Geospace GS-11D/Quanterra Q330 Linear Phase Below | HTI-90-U Hydrophone;/Quanterra Q330 Linear Phase B,EarthScope,fdsn,4
1B_2010,206,1B,55.610401,-141.132706,-3559.0,2011-06-17 00:00:00.000,2011-06-22 23:59:59.000000,EDH EL1 EL2 ELZ (200 Hz); LDH LL1 LL2 LLZ (1 Hz),200.0,pressure+seismometer,Geospace GS-11D/Quanterra Q330 Linear Phase Below | HTI-90-U Hydrophone;/Quanterra Q330 Linear Phase B,EarthScope,fdsn,5
1B_2010,207,1B,55.798199,-141.105103,-3533.0,2011-06-17 00:00:00.000,2011-06-22 23:59:59.000000,EDH EL1 EL2 ELZ (200 Hz); LDH LL1 LL2 LLZ (1 Hz),200.0,pressure+seismometer,Geospace GS-11D/Quanterra Q330 Linear Phase Below | HTI-90-U Hydrophone;/Quanterra Q330 Linear Phase B,EarthScope,fdsn,5
1B_2010,208,1B,55.986401,-141.078293,-3590.0,2011-06-17 00:00:00.000,2011-06-22 23:59:59.000000,EDH EL1 EL2 ELZ (200 Hz); LDH LL1 LL2 LLZ (1 Hz),200.0,pressure+seismometer,Geospace GS-11D/Quanterra Q330 Linear Phase Below | HTI-90-U Hydrophone;/Quanterra Q330 Linear Phase B,EarthScope,fdsn,5
1E_2015,OS101,1E,36.633171,25.54211,-458.0,2015-11-22 17:54:00.000,2015-12-09 11:18:59.000000,EDH EL1 EL2 ELZ (200 Hz),200.0,pressure+seismometer,HTI_90_U Hydrophone OBSIP-SIO/ABALONES | L28LB OBSIP-SIO Seismometer Differential/ABALONES,EarthScope,fdsn,16
1E_2015,OS102,1E,36.603992,25.475185,-423.0,2015-11-22 17:08:00.000,2015-12-09 12:10:00.000000,EDH EL1 EL2 ELZ (200 Hz),200.0,pressure+seismometer,HTI_90_U Hydrophone OBSIP-SIO/ABALONES | L28LB OBSIP-SIO Seismometer Differential/ABALONES,EarthScope,fdsn,16
1E_2015,OS103,1E,36.562199,25.364401,-300.5,2015-11-19 00:00:00.000,2015-12-09 23:59:59.000000,EDH EL1 EL2 ELZ (200 Hz); LDH LL1 LL2 LLZ (1 Hz); VPB (0.1 Hz),200.0,pressure+seismometer,Geospace GS-11D/Quanterra Q330 Linear Phase Compos | HTI-90-U Hydrophone;/Quanterra Q330 Linear Phase C | Quanterra Q330 Linear Phase Composite,EarthScope,fdsn,20
1E_2015,OS104,1E,36.588505,25.519314,-415.0,2015-11-20 18:33:00.000,2015-12-09 10:26:59.000000,EDH EL1 EL2 ELZ (200 Hz),200.0,pressure+seismometer,HTI_90_U Hydrophone OBSIP-SIO/ABALONES | L28LB OBSIP-SIO Seismometer Differential/ABALONES,EarthScope,fdsn,18
1E_2015,OS105,1E,36.561401,25.453899,-399.7,2015-11-20 00:00:00.000,2015-12-09 23:59:59.000000,EDH EL1 EL2 ELZ (200 Hz); LDH LL1 LL2 LLZ (1 Hz); VPB (0.1 Hz),200.0,pressure+seismometer,Geospace GS-11D/Quanterra Q330 Linear Phase Compos | HTI-90-U Hydrophone;/Quanterra Q330 Linear Phase C | Quanterra Q330 Linear Phase Composite,EarthScope,fdsn,19
1E_2015,OS106,1E,36.540081,25.395752,-352.0,2015-11-22 15:59:00.000,2015-12-09 14:27:00.000000,EDH EL1 EL2 ELZ (200 Hz),200.0,pressure+seismometer,HTI_90_U Hydrophone OBSIP-SIO/ABALONES | L28LB OBSIP-SIO Seismometer Differential/ABALONES,EarthScope,fdsn,16
1E_2015,OS107,1E,36.514793,25.330902,-198.0,2015-11-22 15:02:00.000,2015-12-09 16:12:59.000000,EDH EL1 EL2 ELZ (200 Hz),200.0,pressure+seismometer,HTI_90_U Hydrophone OBSIP-SIO/ABALONES | L28LB OBSIP-SIO Seismometer Differential/ABALONES,EarthScope,fdsn,17
1E_2015,OS108,1E,36.471298,25.2258,-126.6,2015-11-20 00:00:00.000,2015-12-09 23:59:59.000000,EDH EL1 EL2 ELZ (200 Hz); LDH LL1 LL2 LLZ (1 Hz); VPB (0.1 Hz),200.0,pressure+seismometer,Geospace GS-11D/Quanterra Q330 Linear Phase Compos | HTI-90-U Hydrophone;/Quanterra Q330 Linear Phase C | Quanterra Q330 Linear Phase Composite,EarthScope,fdsn,19
1E_2015,OS109,1E,36.579155,25.578089,-454.0,2015-11-20 17:42:00.000,2015-12-09 08:47:00.000000,EDH EL1 EL2 ELZ (200 Hz),200.0,pressure+seismometer,HTI_90_U Hydrophone OBSIP-SIO/ABALONES | L28LB OBSIP-SIO Seismometer Differential/ABALONES,EarthScope,fdsn,18
1E_2015,OS110,1E,36.560902,25.5389,-381.1,2015-11-18 00:00:00.000,2015-12-09 23:59:59.000000,EDH EL1 EL2 ELZ (200 Hz); LDH LL1 LL2 LLZ (1 Hz); VPB (0.1 Hz),200.0,pressure+seismometer,Geospace GS-11D/Quanterra Q330 Linear Phase Compos | HTI-90-U Hydrophone;/Quanterra Q330 Linear Phase C | Quanterra Q330 Linear Phase Composite,EarthScope,fdsn,21
1E_2015,OS112,1E,36.524872,25.442156,-342.0,2015-11-22 16:37:00.000,2015-12-09 13:36:59.000000,EDH EL1 EL2 ELZ (200 Hz),200.0,pressure+seismometer,HTI_90_U Hydrophone OBSIP-SIO/ABALONES | L28LB OBSIP-SIO Seismometer Differential/ABALONES,EarthScope,fdsn,16
1E_2015,OS113,1E,36.504971,25.387726,-242.0,2015-11-21 03:18:00.000,2015-12-08 11:45:00.000000,EDH EL1 EL2 ELZ (200 Hz),200.0,pressure+seismometer,HTI_90_U Hydrophone OBSIP-SIO/ABALONES | L28LB OBSIP-SIO Seismometer Differential/ABALONES,EarthScope,fdsn,17
1E_2015,OS114,1E,36.492332,25.343569,-142.0,2015-11-22 14:10:00.000,2015-12-08 11:02:59.000000,EDH EL1 EL2 ELZ (200 Hz),200.0,pressure+seismometer,HTI_90_U Hydrophone OBSIP-SIO/ABALONES | L28LB OBSIP-SIO Seismometer Differential/ABALONES,EarthScope,fdsn,15
1E_2015,OS115,1E,36.458698,25.278799,-181.1,2015-11-19 00:00:00.000,2015-12-09 23:59:59.000000,EDH EL1 EL2 ELZ (200 Hz); LDH LL1 LL2 LLZ (1 Hz); VPB (0.1 Hz),200.0,pressure+seismometer,Geospace GS-11D/Quanterra Q330 Linear Phase Compos | HTI-90-U Hydrophone;/Quanterra Q330 Linear Phase C | Quanterra Q330 Linear Phase Composite,EarthScope,fdsn,20
1E_2015,OS117,1E,36.401699,25.127399,-481.8,2015-11-20 00:00:00.000,2015-12-09 23:59:59.000000,EDH EL1 EL2 ELZ (200 Hz); LDH LL1 LL2 LLZ (1 Hz); VPB (0.1 Hz),200.0,pressure+seismometer,Geospace GS-11D/Quanterra Q330 Linear Phase Compos | HTI-90-U Hydrophone;/Quanterra Q330 Linear Phase C | Quanterra Q330 Linear Phase Composite,EarthScope,fdsn,19
1E_2015,OS118,1E,36.360203,25.02066,-527.0,2015-11-22 10:01:00.000,2015-12-10 04:46:59.000000,EDH EL1 EL2 ELZ (200 Hz),200.0,pressure+seismometer,HTI_90_U Hydrophone OBSIP-SIO/ABALONES | L28LB OBSIP-SIO Seismometer Differential/ABALONES,EarthScope,fdsn,17
1E_2015,OS119,1E,36.653851,25.863108,-710.0,2015-11-20 06:33:00.000,2015-12-09 03:14:59.000000,EDH EL1 EL2 ELZ (200 Hz),200.0,pressure+seismometer,HTI_90_U Hydrophone OBSIP-SIO/ABALONES | L28LB OBSIP-SIO Seismometer Differential/ABALONES,EarthScope,fdsn,18
1E_2015,OS120,1E,36.630646,25.809895,-716.0,2015-11-20 13:23:00.000,2015-12-09 04:16:59.000000,EDH EL1 EL2 ELZ (200 Hz),200.0,pressure+seismometer,HTI_90_U Hydrophone OBSIP-SIO/ABALONES | L28LB OBSIP-SIO Seismometer Differential/ABALONES,EarthScope,fdsn,18
1E_2015,OS121,1E,36.602299,25.7188,-164.1,2015-11-18 00:00:00.000,2015-12-09 23:59:59.000000,EDH EL1 EL2 ELZ (200 Hz); LDH LL1 LL2 LLZ (1 Hz); VPB (0.1 Hz),200.0,pressure+seismometer,Geospace GS-11D/Quanterra Q330 Linear Phase Compos | HTI-90-U Hydrophone;/Quanterra Q330 Linear Phase C | Quanterra Q330 Linear Phase Composite,EarthScope,fdsn,21
1E_2015,OS122,1E,36.579342,25.669558,-202.0,2015-11-20 16:48:00.000,2015-12-09 06:39:59.000000,EDH EL1 EL2 ELZ (200 Hz),200.0,pressure+seismometer,HTI_90_U Hydrophone OBSIP-SIO/ABALONES | L28LB OBSIP-SIO Seismometer Differential/ABALONES,EarthScope,fdsn,18
1E_2015,OS123,1E,36.554199,25.606001,-268.2,2015-11-18 00:00:00.000,2015-12-09 23:59:59.000000,EDH EL1 EL2 ELZ (200 Hz); LDH LL1 LL2 LLZ (1 Hz); VPB (0.1 Hz),200.0,pressure+seismometer,Geospace GS-11D/Quanterra Q330 Linear Phase Compos | HTI-90-U Hydrophone;/Quanterra Q330 Linear Phase C | Quanterra Q330 Linear Phase Composite,EarthScope,fdsn,21
1E_2015,OS124,1E,36.529228,25.542986,-365.0,2015-11-20 19:09:00.000,2015-12-08 17:41:00.000000,EDH EL1 EL2 ELZ (200 Hz),200.0,pressure+seismometer,HTI_90_U Hydrophone OBSIP-SIO/ABALONES | L28LB OBSIP-SIO Seismometer Differential/ABALONES,EarthScope,fdsn,17
1E_2015,OS125,1E,36.495811,25.456099,-299.0,2015-11-20 23:57:00.000,2015-12-08 12:35:59.000000,EDH EL1 EL2 ELZ (200 Hz),200.0,pressure+seismometer,HTI_90_U Hydrophone OBSIP-SIO/ABALONES | L28LB OBSIP-SIO Seismometer Differential/ABALONES,EarthScope,fdsn,17
1E_2015,OS126,1E,36.420074,25.257973,-288.0,2015-11-21 10:18:00.000,2015-12-08 05:23:24.000000,EDH EL1 EL2 ELZ (200 Hz),200.0,pressure+seismometer,HTI_90_U Hydrophone OBSIP-SIO/ABALONES | L28LB OBSIP-SIO Seismometer Differential/ABALONES,EarthScope,fdsn,16
1E_2015,OS127,1E,36.394001,25.1933,-424.2,2015-11-19 00:00:00.000,2015-12-08 23:59:59.000000,EDH EL1 EL2 ELZ (200 Hz); LDH LL1 LL2 LLZ (1 Hz); VPB (0.1 Hz),200.0,pressure+seismometer,Geospace GS-11D/Quanterra Q330 Linear Phase Compos | HTI-90-U Hydrophone;/Quanterra Q330 Linear Phase C | Quanterra Q330 Linear Phase Composite,EarthScope,fdsn,19
1E_2015,OS128,1E,36.38504,25.163897,-462.0,2015-11-22 12:46:00.000,2015-12-07 21:07:00.000000,EDH EL1 EL2 ELZ (200 Hz),200.0,pressure+seismometer,HTI_90_U Hydrophone OBSIP-SIO/ABALONES | L28LB OBSIP-SIO Seismometer Differential/ABALONES,EarthScope,fdsn,15
1E_2015,OS129,1E,36.370682,25.132051,-497.0,2015-11-22 12:00:00.000,2015-12-09 21:04:59.000000,EDH EL1 EL2 ELZ (200 Hz),200.0,pressure+seismometer,HTI_90_U Hydrophone OBSIP-SIO/ABALONES | L28LB OBSIP-SIO Seismometer Differential/ABALONES,EarthScope,fdsn,17
1E_2015,OS130,1E,36.357395,25.098164,-506.0,2015-11-22 11:18:00.000,2015-12-10 03:04:00.000000,EDH EL1 EL2 ELZ (200 Hz),200.0,pressure+seismometer,HTI_90_U Hydrophone OBSIP-SIO/ABALONES | L28LB OBSIP-SIO Seismometer Differential/ABALONES,EarthScope,fdsn,17
1E_2015,OS131,1E,36.343987,25.066536,-518.0,2015-11-22 10:48:00.000,2015-12-10 03:54:59.000000,EDH EL1 EL2 ELZ (200 Hz),200.0,pressure+seismometer,HTI_90_U Hydrophone OBSIP-SIO/ABALONES | L28LB OBSIP-SIO Seismometer Differential/ABALONES,EarthScope,fdsn,17
1E_2015,OS132,1E,36.318619,25.001648,-529.0,2015-11-22 07:44:00.000,2015-12-10 05:35:00.000000,EDH EL1 EL2 ELZ (200 Hz),200.0,pressure+seismometer,HTI_90_U Hydrophone OBSIP-SIO/ABALONES | L28LB OBSIP-SIO Seismometer Differential/ABALONES,EarthScope,fdsn,17
1E_2015,OS133,1E,36.304192,24.959627,-522.0,2015-11-22 06:02:00.000,2015-12-10 06:21:00.000000,EDH EL1 EL2 ELZ (200 Hz),200.0,pressure+seismometer,HTI_90_U Hydrophone OBSIP-SIO/ABALONES | L28LB OBSIP-SIO Seismometer Differential/ABALONES,EarthScope,fdsn,18
1E_2015,OS134,1E,36.285831,24.913763,-517.0,2015-11-22 05:18:00.000,2015-12-10 15:32:00.000000,EDH EL1 EL2 ELZ (200 Hz),200.0,pressure+seismometer,HTI_90_U Hydrophone OBSIP-SIO/ABALONES | L28LB OBSIP-SIO Seismometer Differential/ABALONES,EarthScope,fdsn,18
1E_2015,OS135,1E,36.59309,25.780199,-703.0,2015-11-20 12:57:00.000,2015-12-09 05:13:00.000000,EDH EL1 EL2 ELZ (200 Hz),200.0,pressure+seismometer,HTI_90_U Hydrophone OBSIP-SIO/ABALONES | L28LB OBSIP-SIO Seismometer Differential/ABALONES,EarthScope,fdsn,18
1E_2015,OS136,1E,36.544945,25.653063,-327.0,2015-11-20 17:19:00.000,2015-12-09 07:19:59.000000,EDH EL1 EL2 ELZ (200 Hz),200.0,pressure+seismometer,HTI_90_U Hydrophone OBSIP-SIO/ABALONES | L28LB OBSIP-SIO Seismometer Differential/ABALONES,EarthScope,fdsn,18
1E_2015,OS137,1E,36.520557,25.589087,-327.0,2015-11-20 20:23:00.000,2015-12-08 18:30:59.000000,EDH EL1 EL2 ELZ (200 Hz),200.0,pressure+seismometer,HTI_90_U Hydrophone OBSIP-SIO/ABALONES | L28LB OBSIP-SIO Seismometer Differential/ABALONES,EarthScope,fdsn,17
1E_2015,OS138,1E,36.496101,25.524099,-343.8,2015-11-18 00:00:00.000,2015-12-08 23:59:59.000000,EDH EL1 EL2 ELZ (200 Hz); LDH LL1 LL2 LLZ (1 Hz); VPB (0.1 Hz),200.0,pressure+seismometer,Geospace GS-11D/Quanterra Q330 Linear Phase Compos | HTI-90-U Hydrophone;/Quanterra Q330 Linear Phase C | Quanterra Q330 Linear Phase Composite,EarthScope,fdsn,20
1E_2015,OS139,1E,36.472698,25.466299,-277.9,2015-11-19 00:00:00.000,2015-12-08 23:59:59.000000,EDH EL1 EL2 ELZ (200 Hz); LDH LL1 LL2 LLZ (1 Hz); VPB (0.1 Hz),200.0,pressure+seismometer,Geospace GS-11D/Quanterra Q330 Linear Phase Compos | HTI-90-U Hydrophone;/Quanterra Q330 Linear Phase C | Quanterra Q330 Linear Phase Composite,EarthScope,fdsn,19
1E_2015,OS140,1E,36.437199,25.377899,-383.2,2015-11-19 00:00:00.000,2015-12-08 23:59:59.000000,EDH EL1 EL2 ELZ (200 Hz); LDH LL1 LL2 LLZ (1 Hz); VPB (0.1 Hz),200.0,pressure+seismometer,Geospace GS-11D/Quanterra Q330 Linear Phase Compos | HTI-90-U Hydrophone;/Quanterra Q330 Linear Phase C | Quanterra Q330 Linear Phase Composite,EarthScope,fdsn,19
1E_2015,OS141,1E,36.409355,25.307932,-70.0,2015-11-21 08:00:00.000,2015-12-08 06:09:59.000000,EDH EL1 EL2 ELZ (200 Hz),200.0,pressure+seismometer,HTI_90_U Hydrophone OBSIP-SIO/ABALONES | L28LB OBSIP-SIO Seismometer Differential/ABALONES,EarthScope,fdsn,16
1E_2015,OS142,1E,36.401814,25.275894,-263.0,2015-11-21 10:56:00.000,2015-12-08 04:37:59.000000,EDH EL1 EL2 ELZ (200 Hz),200.0,pressure+seismometer,HTI_90_U Hydrophone OBSIP-SIO/ABALONES | L28LB OBSIP-SIO Seismometer Differential/ABALONES,EarthScope,fdsn,16
1E_2015,OS143,1E,36.385452,25.245848,-355.0,2015-11-21 16:05:00.000,2015-12-08 03:19:59.000000,EDH EL1 EL2 ELZ (200 Hz),200.0,pressure+seismometer,HTI_90_U Hydrophone OBSIP-SIO/ABALONES | L28LB OBSIP-SIO Seismometer Differential/ABALONES,EarthScope,fdsn,16
1E_2015,OS144,1E,36.371269,25.199457,-432.0,2015-11-21 17:46:00.000,2015-12-07 20:15:59.000000,EDH EL1 EL2 ELZ (200 Hz),200.0,pressure+seismometer,HTI_90_U Hydrophone OBSIP-SIO/ABALONES | L28LB OBSIP-SIO Seismometer Differential/ABALONES,EarthScope,fdsn,16
1E_2015,OS145,1E,36.357353,25.164661,-476.0,2015-11-21 18:22:00.000,2015-12-07 18:44:00.000000,EDH EL1 EL2 ELZ (200 Hz),200.0,pressure+seismometer,HTI_90_U Hydrophone OBSIP-SIO/ABALONES | L28LB OBSIP-SIO Seismometer Differential/ABALONES,EarthScope,fdsn,16
1E_2015,OS146,1E,36.349602,25.145201,-494.0,2015-11-19 00:00:00.000,2015-12-09 23:59:59.000000,EDH EL1 EL2 ELZ (200 Hz); LDH LL1 LL2 LLZ (1 Hz); VPB (0.1 Hz),200.0,pressure+seismometer,Geospace GS-11D/Quanterra Q330 Linear Phase Compos | HTI-90-U Hydrophone;/Quanterra Q330 Linear Phase C | Quanterra Q330 Linear Phase Composite,EarthScope,fdsn,20
1E_2015,OS147,1E,36.335999,25.1103,-512.6,2015-11-20 00:00:00.000,2015-12-10 23:59:59.000000,EDH EL1 EL2 ELZ (200 Hz); LDH LL1 LL2 LLZ (1 Hz); VPB (0.1 Hz),200.0,pressure+seismometer,Geospace GS-11D/Quanterra Q330 Linear Phase Compos | HTI-90-U Hydrophone;/Quanterra Q330 Linear Phase C | Quanterra Q330 Linear Phase Composite,EarthScope,fdsn,20
1E_2015,OS148,1E,36.310902,25.051701,-539.4,2015-11-20 00:00:00.000,2015-12-10 23:59:59.000000,EDH EL1 EL2 ELZ (200 Hz); LDH LL1 LL2 LLZ (1 Hz); VPB (0.1 Hz),200.0,pressure+seismometer,Geospace GS-11D/Quanterra Q330 Linear Phase Compos | HTI-90-U Hydrophone;/Quanterra Q330 Linear Phase C | Quanterra Q330 Linear Phase Composite,EarthScope,fdsn,20
1E_2015,OS149,1E,36.302608,25.027534,-535.0,2015-11-22 09:11:00.000,2015-12-10 08:33:59.000000,EDH EL1 EL2 ELZ (200 Hz),200.0,pressure+seismometer,HTI_90_U Hydrophone OBSIP-SIO/ABALONES | L28LB OBSIP-SIO Seismometer Differential/ABALONES,EarthScope,fdsn,17
1E_2015,OS150,1E,36.2859,24.985901,-520.5,2015-11-20 00:00:00.000,2015-12-10 23:59:59.000000,EDH EL1 EL2 ELZ (200 Hz); LDH LL1 LL2 LLZ (1 Hz); VPB (0.1 Hz),200.0,pressure+seismometer,Geospace GS-11D/Quanterra Q330 Linear Phase Compos | HTI-90-U Hydrophone;/Quanterra Q330 Linear Phase C | Quanterra Q330 Linear Phase Composite,EarthScope,fdsn,20
1E_2015,OS151,1E,36.267799,24.9356,-518.2,2015-11-20 00:00:00.000,2015-12-10 23:59:59.000000,EDH EL1 EL2 ELZ (200 Hz); LDH LL1 LL2 LLZ (1 Hz); VPB (0.1 Hz),200.0,pressure+seismometer,Geospace GS-11D/Quanterra Q330 Linear Phase Compos | HTI-90-U Hydrophone;/Quanterra Q330 Linear Phase C | Quanterra Q330 Linear Phase Composite,EarthScope,fdsn,20
1E_2015,OS153,1E,36.622799,25.917999,-705.3,2015-11-18 00:00:00.000,2015-12-09 23:59:59.000000,EDH EL1 EL2 ELZ (200 Hz); LDH LL1 LL2 LLZ (1 Hz); VPB (0.1 Hz),200.0,pressure+seismometer,Geospace GS-11D/Quanterra Q330 Linear Phase Compos | HTI-90-U Hydrophone;/Quanterra Q330 Linear Phase C | Quanterra Q330 Linear Phase Composite,EarthScope,fdsn,21
1E_2015,OS154,1E,36.589951,25.835037,-684.0,2015-11-20 12:08:00.000,2015-12-09 00:18:00.000000,EDH EL1 EL2 ELZ (200 Hz),200.0,pressure+seismometer,HTI_90_U Hydrophone OBSIP-SIO/ABALONES | L28LB OBSIP-SIO Seismometer Differential/ABALONES,EarthScope,fdsn,18
1E_2015,OS155,1E,36.561787,25.760651,-689.0,2015-11-20 15:17:00.000,2015-12-08 22:32:59.000000,EDH EL1 EL2 ELZ (200 Hz),200.0,pressure+seismometer,HTI_90_U Hydrophone OBSIP-SIO/ABALONES | L28LB OBSIP-SIO Seismometer Differential/ABALONES,EarthScope,fdsn,18
1E_2015,OS156,1E,36.5369,25.697201,-292.4,2015-11-18 00:00:00.000,2015-12-08 23:59:59.000000,EDH EL1 EL2 ELZ (200 Hz); LDH LL1 LL2 LLZ (1 Hz); VPB (0.1 Hz),200.0,pressure+seismometer,Geospace GS-11D/Quanterra Q330 Linear Phase Compos | HTI-90-U Hydrophone;/Quanterra Q330 Linear Phase C | Quanterra Q330 Linear Phase Composite,EarthScope,fdsn,20
1E_2015,OS157,1E,36.486828,25.56867,-373.0,2015-11-20 21:01:00.000,2015-12-08 15:57:59.000000,EDH EL1 EL2 ELZ (200 Hz),200.0,pressure+seismometer,HTI_90_U Hydrophone OBSIP-SIO/ABALONES | L28LB OBSIP-SIO Seismometer Differential/ABALONES,EarthScope,fdsn,17
1E_2015,OS158,1E,36.462032,25.504393,-292.0,2015-11-20 22:34:00.000,2015-12-08 14:24:59.000000,EDH EL1 EL2 ELZ (200 Hz),200.0,pressure+seismometer,HTI_90_U Hydrophone OBSIP-SIO/ABALONES | L28LB OBSIP-SIO Seismometer Differential/ABALONES,EarthScope,fdsn,17
1E_2015,OS160,1E,36.420811,25.371138,-380.0,2015-11-21 03:51:00.000,2015-12-08 09:29:00.000000,EDH EL1 EL2 ELZ (200 Hz),200.0,pressure+seismometer,HTI_90_U Hydrophone OBSIP-SIO/ABALONES | L28LB OBSIP-SIO Seismometer Differential/ABALONES,EarthScope,fdsn,17
1E_2015,OS162,1E,36.3759,25.2826,-261.1,2015-11-19 00:00:00.000,2015-12-08 23:59:59.000000,EDH EL1 EL2 ELZ (200 Hz); LDH LL1 LL2 LLZ (1 Hz); VPB (0.1 Hz),200.0,pressure+seismometer,Geospace GS-11D/Quanterra Q330 Linear Phase Compos | HTI-90-U Hydrophone;/Quanterra Q330 Linear Phase C | Quanterra Q330 Linear Phase Composite,EarthScope,fdsn,19
1E_2015,OS163,1E,36.367626,25.25458,-359.0,2015-11-21 15:30:00.000,2015-12-08 02:39:00.000000,EDH EL1 EL2 ELZ (200 Hz),200.0,pressure+seismometer,HTI_90_U Hydrophone OBSIP-SIO/ABALONES | L28LB OBSIP-SIO Seismometer Differential/ABALONES,EarthScope,fdsn,16
1E_2015,OS164,1E,36.351501,25.219999,-436.8,2015-11-19 00:00:00.000,2015-12-08 23:59:59.000000,EDH EL1 EL2 ELZ (200 Hz); LDH LL1 LL2 LLZ (1 Hz); VPB (0.1 Hz),200.0,pressure+seismometer,Geospace GS-11D/Quanterra Q330 Linear Phase Compos | HTI-90-U Hydrophone;/Quanterra Q330 Linear Phase C | Quanterra Q330 Linear Phase Composite,EarthScope,fdsn,19
1E_2015,OS165,1E,36.340748,25.189852,-472.0,2015-11-21 14:52:00.000,2015-12-07 19:30:59.000000,EDH EL1 EL2 ELZ (200 Hz),200.0,pressure+seismometer,HTI_90_U Hydrophone OBSIP-SIO/ABALONES | L28LB OBSIP-SIO Seismometer Differential/ABALONES,EarthScope,fdsn,16
1E_2015,OS166,1E,36.327911,25.158621,-499.0,2015-11-21 19:08:00.000,2015-12-09 22:32:59.000000,EDH EL1 EL2 ELZ (200 Hz),200.0,pressure+seismometer,HTI_90_U Hydrophone OBSIP-SIO/ABALONES | L28LB OBSIP-SIO Seismometer Differential/ABALONES,EarthScope,fdsn,18
1E_2015,OS167,1E,36.312622,25.118374,-522.0,2015-11-21 22:50:00.000,2015-12-10 01:31:59.000000,EDH EL1 EL2 ELZ (200 Hz),200.0,pressure+seismometer,HTI_90_U Hydrophone OBSIP-SIO/ABALONES | L28LB OBSIP-SIO Seismometer Differential/ABALONES,EarthScope,fdsn,18
1E_2015,OS168,1E,36.297955,25.077724,-541.0,2015-11-21 23:19:00.000,2015-12-10 09:58:59.000000,EDH EL1 EL2 ELZ (200 Hz),200.0,pressure+seismometer,HTI_90_U Hydrophone OBSIP-SIO/ABALONES | L28LB OBSIP-SIO Seismometer Differential/ABALONES,EarthScope,fdsn,18
1E_2015,OS169,1E,36.276928,25.026081,-513.0,2015-11-22 08:18:00.000,2015-12-10 07:53:00.000000,EDH EL1 EL2 ELZ (200 Hz),200.0,pressure+seismometer,HTI_90_U Hydrophone OBSIP-SIO/ABALONES | L28LB OBSIP-SIO Seismometer Differential/ABALONES,EarthScope,fdsn,17
1E_2015,OS170,1E,36.251801,24.9639,-447.9,2015-11-20 00:00:00.000,2015-12-10 23:59:59.000000,EDH EL1 EL2 ELZ (200 Hz); LDH LL1 LL2 LLZ (1 Hz); VPB (0.1 Hz),200.0,pressure+seismometer,Geospace GS-11D/Quanterra Q330 Linear Phase Compos | HTI-90-U Hydrophone;/Quanterra Q330 Linear Phase C | Quanterra Q330 Linear Phase Composite,EarthScope,fdsn,20
1E_2015,OS171,1E,36.237518,24.922472,-445.0,2015-11-22 01:56:00.000,2015-12-10 17:09:59.000000,EDH EL1 EL2 ELZ (200 Hz),200.0,pressure+seismometer,HTI_90_U Hydrophone OBSIP-SIO/ABALONES | L28LB OBSIP-SIO Seismometer Differential/ABALONES,EarthScope,fdsn,18
1E_2015,OS172,1E,36.217999,24.8701,-885.2,2015-11-20 00:00:00.000,2015-12-10 23:59:59.000000,EDH EL1 EL2 ELZ (200 Hz); LDH LL1 LL2 LLZ (1 Hz); VPB (0.1 Hz),200.0,pressure+seismometer,Geospace GS-11D/Quanterra Q330 Linear Phase Compos | HTI-90-U Hydrophone;/Quanterra Q330 Linear Phase C | Quanterra Q330 Linear Phase Composite,EarthScope,fdsn,20
1E_2015,OS173,1E,36.582104,25.888123,-618.0,2015-11-20 11:27:00.000,2015-12-09 01:13:00.000000,EDH EL1 EL2 ELZ (200 Hz),200.0,pressure+seismometer,HTI_90_U Hydrophone OBSIP-SIO/ABALONES | L28LB OBSIP-SIO Seismometer Differential/ABALONES,EarthScope,fdsn,18
1E_2015,OS174,1E,36.555698,25.8193,-541.6,2015-11-18 00:00:00.000,2015-12-08 23:59:59.000000,EDH EL1 EL2 ELZ (200 Hz); LDH LL1 LL2 LLZ (1 Hz); VPB (0.1 Hz),200.0,pressure+seismometer,Geospace GS-11D/Quanterra Q330 Linear Phase Compos | HTI-90-U Hydrophone;/Quanterra Q330 Linear Phase C | Quanterra Q330 Linear Phase Composite,EarthScope,fdsn,20
1E_2015,OS175,1E,36.527004,25.739513,-661.0,2015-11-20 16:05:00.000,2015-12-08 21:37:00.000000,EDH EL1 EL2 ELZ (200 Hz),200.0,pressure+seismometer,HTI_90_U Hydrophone OBSIP-SIO/ABALONES | L28LB OBSIP-SIO Seismometer Differential/ABALONES,EarthScope,fdsn,18
1E_2015,OS176,1E,36.477901,25.6147,-410.2,2015-11-18 00:00:00.000,2015-12-08 23:59:59.000000,EDH EL1 EL2 ELZ (200 Hz); LDH LL1 LL2 LLZ (1 Hz); VPB (0.1 Hz),200.0,pressure+seismometer,Geospace GS-11D/Quanterra Q330 Linear Phase Compos | HTI-90-U Hydrophone;/Quanterra Q330 Linear Phase C | Quanterra Q330 Linear Phase Composite,EarthScope,fdsn,20
1E_2015,OS177,1E,36.455605,25.554821,-381.0,2015-11-20 21:59:00.000,2015-12-08 15:09:00.000000,EDH EL1 EL2 ELZ (200 Hz),200.0,pressure+seismometer,HTI_90_U Hydrophone OBSIP-SIO/ABALONES | L28LB OBSIP-SIO Seismometer Differential/ABALONES,EarthScope,fdsn,17
1E_2015,OS178,1E,36.433739,25.5012,-207.0,2015-11-20 23:22:00.000,2015-12-08 13:47:59.000000,EDH EL1 EL2 ELZ (200 Hz),200.0,pressure+seismometer,HTI_90_U Hydrophone OBSIP-SIO/ABALONES | L28LB OBSIP-SIO Seismometer Differential/ABALONES,EarthScope,fdsn,17
1E_2015,OS179,1E,36.381184,25.39673,-286.0,2015-11-21 04:30:00.000,2015-12-08 08:35:00.000000,EDH EL1 EL2 ELZ (200 Hz),200.0,pressure+seismometer,HTI_90_U Hydrophone OBSIP-SIO/ABALONES | L28LB OBSIP-SIO Seismometer Differential/ABALONES,EarthScope,fdsn,17
1E_2015,OS181,1E,36.35162,25.289003,-379.0,2015-11-21 11:31:00.000,2015-12-08 01:29:59.000000,EDH EL1 EL2 ELZ (200 Hz),200.0,pressure+seismometer,HTI_90_U Hydrophone OBSIP-SIO/ABALONES | L28LB OBSIP-SIO Seismometer Differential/ABALONES,EarthScope,fdsn,16
1E_2015,OS182,1E,36.339687,25.256287,-428.0,2015-11-21 12:31:00.000,2015-12-08 00:49:59.000000,EDH EL1 EL2 ELZ (200 Hz),200.0,pressure+seismometer,HTI_90_U Hydrophone OBSIP-SIO/ABALONES | L28LB OBSIP-SIO Seismometer Differential/ABALONES,EarthScope,fdsn,16
1E_2015,OS183,1E,36.330601,25.2302,-444.2,2015-11-19 00:00:00.000,2015-12-08 23:59:59.000000,EDH EL1 EL2 ELZ (200 Hz); LDH LL1 LL2 LLZ (1 Hz); VPB (0.1 Hz),200.0,pressure+seismometer,Geospace GS-11D/Quanterra Q330 Linear Phase Compos | HTI-90-U Hydrophone;/Quanterra Q330 Linear Phase C | Quanterra Q330 Linear Phase Composite,EarthScope,fdsn,19
1E_2015,OS184,1E,36.320583,25.208714,-475.0,2015-11-21 13:13:00.000,2015-12-07 17:04:00.000000,EDH EL1 EL2 ELZ (200 Hz),200.0,pressure+seismometer,HTI_90_U Hydrophone OBSIP-SIO/ABALONES | L28LB OBSIP-SIO Seismometer Differential/ABALONES,EarthScope,fdsn,16
1E_2015,OS185,1E,36.312843,25.183765,-498.0,2015-11-21 20:49:00.000,2015-12-07 17:48:59.000000,EDH EL1 EL2 ELZ (200 Hz),200.0,pressure+seismometer,HTI_90_U Hydrophone OBSIP-SIO/ABALONES | L28LB OBSIP-SIO Seismometer Differential/ABALONES,EarthScope,fdsn,15
1E_2015,OS186,1E,36.302799,25.1616,-517.1,2015-11-19 00:00:00.000,2015-12-09 23:59:59.000000,EDH EL1 EL2 ELZ (200 Hz); LDH LL1 LL2 LLZ (1 Hz); VPB (0.1 Hz),200.0,pressure+seismometer,Geospace GS-11D/Quanterra Q330 Linear Phase Compos | HTI-90-U Hydrophone;/Quanterra Q330 Linear Phase C | Quanterra Q330 Linear Phase Composite,EarthScope,fdsn,20
1E_2015,OS187,1E,36.2938,25.136538,-525.0,2015-11-21 22:21:00.000,2015-12-10 00:04:00.000000,EDH EL1 EL2 ELZ (200 Hz),200.0,pressure+seismometer,HTI_90_U Hydrophone OBSIP-SIO/ABALONES | L28LB OBSIP-SIO Seismometer Differential/ABALONES,EarthScope,fdsn,18
1E_2015,OS188,1E,36.283001,25.1124,-540.1,2015-11-19 00:00:00.000,2015-12-10 23:59:59.000000,EDH EL1 EL2 ELZ (200 Hz); LDH LL1 LL2 LLZ (1 Hz); VPB (0.1 Hz),200.0,pressure+seismometer,Geospace GS-11D/Quanterra Q330 Linear Phase Compos | HTI-90-U Hydrophone;/Quanterra Q330 Linear Phase C | Quanterra Q330 Linear Phase Composite,EarthScope,fdsn,21
1E_2015,OS189,1E,36.272327,25.082321,-560.0,2015-11-21 23:36:00.000,2015-12-10 10:42:59.000000,EDH EL1 EL2 ELZ (200 Hz),200.0,pressure+seismometer,HTI_90_U Hydrophone OBSIP-SIO/ABALONES | L28LB OBSIP-SIO Seismometer Differential/ABALONES,EarthScope,fdsn,18
1E_2015,OS190,1E,36.256901,25.0483,-534.8,2015-11-20 00:00:00.000,2015-12-10 23:59:59.000000,EDH EL1 EL2 ELZ (200 Hz); LDH LL1 LL2 LLZ (1 Hz); VPB (0.1 Hz),200.0,pressure+seismometer,Geospace GS-11D/Quanterra Q330 Linear Phase Compos | HTI-90-U Hydrophone;/Quanterra Q330 Linear Phase C | Quanterra Q330 Linear Phase Composite,EarthScope,fdsn,20
1E_2015,OS191,1E,36.24366,25.011288,-518.0,2015-11-22 00:16:00.000,2015-12-10 12:12:59.000000,EDH EL1 EL2 ELZ (200 Hz),200.0,pressure+seismometer,HTI_90_U Hydrophone OBSIP-SIO/ABALONES | L28LB OBSIP-SIO Seismometer Differential/ABALONES,EarthScope,fdsn,18
1E_2015,OS192,1E,36.231995,24.979097,-451.0,2015-11-22 01:05:00.000,2015-12-10 12:58:00.000000,EDH EL1 EL2 ELZ (200 Hz),200.0,pressure+seismometer,HTI_90_U Hydrophone OBSIP-SIO/ABALONES | L28LB OBSIP-SIO Seismometer Differential/ABALONES,EarthScope,fdsn,18
1E_2015,OS193,1E,36.207539,24.908974,-813.0,2015-11-22 03:36:00.000,2015-12-10 18:13:00.000000,EDH EL1 EL2 ELZ (200 Hz),200.0,pressure+seismometer,HTI_90_U Hydrophone OBSIP-SIO/ABALONES | L28LB OBSIP-SIO Seismometer Differential/ABALONES,EarthScope,fdsn,18
1L_2017,OBS03,1L,73.5661,8.1579,-2345.0,2017-06-09 00:00:00.000,2018-03-01 00:00:00.000000,HDH HH1 HH2 HHZ (100 Hz),100.0,pressure+seismometer,,UIB-NORSAR,fdsn,265
1L_2017,OBS04,1L,73.567,8.1545,-2340.0,2017-06-09 00:00:00.000,2018-03-01 00:00:00.000000,HDH HH1 HH2 HHZ (100 Hz),100.0,pressure+seismometer,,UIB-NORSAR,fdsn,265
1L_2017,OBS05,1L,73.5671,8.1585,-2342.0,2017-06-09 00:00:00.000,2018-03-01 00:00:00.000000,HDH HH1 HH2 HHZ (100 Hz),100.0,pressure+seismometer,,UIB-NORSAR,fdsn,265
1L_2017,OBS06,1L,73.5664,8.1578,-2337.0,2017-06-09 00:00:00.000,2018-03-01 00:00:00.000000,HDH HH1 HH2 HHZ (100 Hz),100.0,pressure+seismometer,,UIB-NORSAR,fdsn,265
1L_2017,OBS11,1L,73.5658,8.1649,-2362.0,2017-06-09 00:00:00.000,2018-03-01 00:00:00.000000,HDH HH1 HH2 HHZ (100 Hz),100.0,pressure+seismometer,,UIB-NORSAR,fdsn,265
1L_2017,OBS12,1L,73.5668,8.1615,-2353.0,2017-06-09 00:00:00.000,2018-03-01 00:00:00.000000,HDH HH1 HH2 HHZ (100 Hz),100.0,pressure+seismometer,,UIB-NORSAR,fdsn,265
1T_2018,MAH1A,1T,-13.1951,45.3563,-1303.0,2020-10-16 00:08:42.000,2021-04-10 06:12:56.000000,EDH (240 Hz),240.0,pressure,"HiTech HTI-90-U hydrophone with integrated preamp,                                                                                                                                                                                                                                                                                                                                                                                                                                                                                                                                                                                                                                                                                                                                                                                                                                                                                                                                                                                                                                                                                                                                                                                                                                                                                                                                                                                                                                                                                                       +
 serial number 580019, 2-20000 Hz [config: 580019]",EPOSFR,fdsn,176
1T_2018,MAH2A,1T,-13.3529,45.8233,-1342.0,2020-10-15 00:10:01.000,2021-04-11 13:32:26.000000,EDH (240 Hz),240.0,pressure,"HiTech HTI-90-U hydrophone with integrated preamp,                                                                                                                                                                                                                                                                                                                                                                                                                                                                                                                                                                                                                                                                                                                                                                                                                                                                                                                                                                                                                                                                                                                                                                                                                                                                                                                                                                                                                                                                                                       +
 serial number 580019, 2-20000 Hz [config: 580017]",EPOSFR,fdsn,178
1T_2018,MAH3A,1T,-12.77,46.156,-1366.0,2020-10-14 09:14:19.000,2021-04-08 11:18:33.000000,EDH (240 Hz),240.0,pressure,"HiTech HTI-90-U hydrophone with integrated preamp,                                                                                                                                                                                                                                                                                                                                                                                                                                                                                                                                                                                                                                                                                                                                                                                                                                                                                                                                                                                                                                                                                                                                                                                                                                                                                                                                                                                                                                                                                                          +
 serial number 580019, 2-20000 Hz [config: 580011]",EPOSFR,fdsn,176
1T_2018,MAH4A,1T,-12.49,45.5496,-1331.0,2020-10-13 15:00:51.000,2021-04-12 12:09:34.000000,EDH (240 Hz),240.0,pressure,"HiTech HTI-90-U hydrophone with integrated preamp,                                                                                                                                                                                                                                                                                                                                                                                                                                                                                                                                                                                                                                                                                                                                                                                                                                                                                                                                                                                                                                                                                                                                                                                                                                                                                                                                                                                                                                                                                                         +
 serial number 580019, 2-20000 Hz [config: 580009]",EPOSFR,fdsn,180
1V_2023,101,1V,32.738567,-77.844767,-270.0,2023-08-24 00:00:00.000,2023-08-30 23:59:59.000000,EDH EL1 EL2 ELZ (200 Hz); LDH LL1 LL2 LLZ (1 Hz); VPB (0.1 Hz),200.0,pressure+seismometer,Geospace GS-11D/Quanterra Q330 Linear Phase Compos | HTI-90-U Hydrophone;/Quanterra Q330 Linear Phase C | Quanterra Q330 Linear Phase Composite,EarthScope,fdsn,6
1V_2023,102,1V,32.62123,-77.68247,-43.0,2023-08-24 08:29:00.000,2023-08-29 12:14:40.000000,EDH EL1 EL2 ELZ (200 Hz),200.0,pressure+seismometer,HTI_90_U Hydrophone OBSIP-SIO/ABALONES | L28LB OBSIP-SIO Seismometer Differential/ABALONES,EarthScope,fdsn,5
1V_2023,103,1V,32.556683,-77.593567,-381.0,2023-08-24 00:00:00.000,2023-08-30 23:59:59.000000,EDH EL1 EL2 ELZ (200 Hz); LDH LL1 LL2 LLZ (1 Hz); VPB (0.1 Hz),200.0,pressure+seismometer,Geospace GS-11D/Quanterra Q330 Linear Phase Compos | HTI-90-U Hydrophone;/Quanterra Q330 Linear Phase C | Quanterra Q330 Linear Phase Composite,EarthScope,fdsn,6
1V_2023,104,1V,32.45077,-77.44843,-567.0,2023-08-24 10:20:00.000,2023-08-29 19:48:00.410000,EDH EL1 EL2 ELZ (200 Hz),200.0,pressure+seismometer,HTI_90_U Hydrophone OBSIP-SIO/ABALONES | L28LB OBSIP-SIO Seismometer Differential/ABALONES,EarthScope,fdsn,5
1V_2023,105,1V,32.362432,-77.327482,-708.0,2023-08-24 00:00:00.000,2023-08-30 23:59:59.000000,EDH EL1 EL2 ELZ (200 Hz); LDH LL1 LL2 LLZ (1 Hz); VPB (0.1 Hz),200.0,pressure+seismometer,Geospace GS-11D/Quanterra Q330 Linear Phase Compos | HTI-90-U Hydrophone;/Quanterra Q330 Linear Phase C | Quanterra Q330 Linear Phase Composite,EarthScope,fdsn,6
1V_2023,106,1V,32.249853,-77.175513,-822.0,2023-08-24 12:56:00.000,2023-08-29 23:42:59.993400,EDH EL1 EL2 ELZ (200 Hz),200.0,pressure+seismometer,HTI_90_U Hydrophone OBSIP-SIO/ABALONES | L28LB OBSIP-SIO Seismometer Differential/ABALONES,EarthScope,fdsn,5
1V_2023,107,1V,32.155498,-77.046992,-926.0,2023-08-24 00:00:00.000,2023-08-31 23:59:59.000000,EDH EL1 EL2 ELZ (200 Hz); LDH LL1 LL2 LLZ (1 Hz); VPB (0.1 Hz),200.0,pressure+seismometer,Geospace GS-11D/Quanterra Q330 Linear Phase Compos | HTI-90-U Hydrophone;/Quanterra Q330 Linear Phase C | Quanterra Q330 Linear Phase Composite,EarthScope,fdsn,7
1V_2023,108,1V,32.05501,-76.91139,-1300.0,2023-08-24 16:15:00.000,2023-08-30 03:44:00.181000,EDH EL1 EL2 ELZ (200 Hz),200.0,pressure+seismometer,HTI_90_U Hydrophone OBSIP-SIO/ABALONES | L28LB OBSIP-SIO Seismometer Differential/ABALONES,EarthScope,fdsn,5
1V_2023,109,1V,31.966145,-76.791687,-2206.0,2023-08-24 00:00:00.000,2023-08-31 23:59:59.000000,EDH EL1 EL2 ELZ (200 Hz); LDH LL1 LL2 LLZ (1 Hz); VPB (0.1 Hz),200.0,pressure+seismometer,Geospace GS-11D/Quanterra Q330 Linear Phase Compos | HTI-90-U Hydrophone;/Quanterra Q330 Linear Phase C | Quanterra Q330 Linear Phase Composite,EarthScope,fdsn,7
1V_2023,111,1V,31.69895,-76.433117,-2642.0,2023-08-24 00:00:00.000,2023-08-31 23:59:59.000000,EDH EL1 EL2 ELZ (200 Hz); LDH LL1 LL2 LLZ (1 Hz); VPB (0.1 Hz),200.0,pressure+seismometer,Geospace GS-11D/Quanterra Q330 Linear Phase Compos | HTI-90-U Hydrophone;/Quanterra Q330 Linear Phase C | Quanterra Q330 Linear Phase Composite,EarthScope,fdsn,7
1V_2023,112,1V,31.62789,-76.33909,-2707.0,2023-08-24 20:53:00.000,2023-08-30 13:59:00.900000,EDH EL1 EL2 ELZ (200 Hz),200.0,pressure+seismometer,HTI_90_U Hydrophone OBSIP-SIO/ABALONES | L28LB OBSIP-SIO Seismometer Differential/ABALONES,EarthScope,fdsn,5
1V_2023,113,1V,31.555805,-76.242775,-2724.0,2023-08-24 00:00:00.000,2023-08-31 23:59:59.000000,EDH EL1 EL2 ELZ (200 Hz); LDH LL1 LL2 LLZ (1 Hz); VPB (0.1 Hz),200.0,pressure+seismometer,Geospace GS-11D/Quanterra Q330 Linear Phase Compos | HTI-90-U Hydrophone;/Quanterra Q330 Linear Phase C | Quanterra Q330 Linear Phase Composite,EarthScope,fdsn,7
1V_2023,114,1V,31.48477,-76.14896,-2855.0,2023-08-24 23:47:00.000,2023-08-30 18:02:59.998800,EDH EL1 EL2 ELZ (200 Hz),200.0,pressure+seismometer,HTI_90_U Hydrophone OBSIP-SIO/ABALONES | L28LB OBSIP-SIO Seismometer Differential/ABALONES,EarthScope,fdsn,5
1V_2023,115,1V,31.41303,-76.054255,-3084.0,2023-08-25 00:00:00.000,2023-08-31 23:59:59.000000,EDH EL1 EL2 ELZ (200 Hz); LDH LL1 LL2 LLZ (1 Hz); VPB (0.1 Hz),200.0,pressure+seismometer,Geospace GS-11D/Quanterra Q330 Linear Phase Compos | HTI-90-U Hydrophone;/Quanterra Q330 Linear Phase C | Quanterra Q330 Linear Phase Composite,EarthScope,fdsn,6
1V_2023,116,1V,31.34131,-75.96005,-3162.0,2023-08-25 01:45:00.000,2023-09-04 07:03:59.984400,EDH EL1 EL2 ELZ (200 Hz),200.0,pressure+seismometer,HTI_90_U Hydrophone OBSIP-SIO/ABALONES | L28LB OBSIP-SIO Seismometer Differential/ABALONES,EarthScope,fdsn,10
1V_2023,117,1V,31.26953,-75.866005,-3193.0,2023-08-25 00:00:00.000,2023-09-05 23:59:59.000000,EDH EL1 EL2 ELZ (200 Hz); LDH LL1 LL2 LLZ (1 Hz); VPB (0.1 Hz),200.0,pressure+seismometer,Geospace GS-11D/Quanterra Q330 Linear Phase Compos | HTI-90-U Hydrophone;/Quanterra Q330 Linear Phase C | Quanterra Q330 Linear Phase Composite,EarthScope,fdsn,11
1V_2023,118,1V,31.19794,-75.77151,-3256.0,2023-08-25 04:02:00.000,2023-09-04 12:02:59.994400,EDH EL1 EL2 ELZ (200 Hz),200.0,pressure+seismometer,HTI_90_U Hydrophone OBSIP-SIO/ABALONES | L28LB OBSIP-SIO Seismometer Differential/ABALONES,EarthScope,fdsn,10
1V_2023,119,1V,31.126003,-75.6779,-3399.0,2023-08-25 00:00:00.000,2023-09-05 23:59:59.000000,EDH EL1 EL2 ELZ (200 Hz); LDH LL1 LL2 LLZ (1 Hz); VPB (0.1 Hz),200.0,pressure+seismometer,Geospace GS-11D/Quanterra Q330 Linear Phase Compos | HTI-90-U Hydrophone;/Quanterra Q330 Linear Phase C | Quanterra Q330 Linear Phase Composite,EarthScope,fdsn,11
1V_2023,120,1V,31.05389,-75.58351,-3525.0,2023-08-25 06:03:00.000,2023-09-04 16:35:00.135000,EDH EL1 EL2 ELZ (200 Hz),200.0,pressure+seismometer,HTI_90_U Hydrophone OBSIP-SIO/ABALONES | L28LB OBSIP-SIO Seismometer Differential/ABALONES,EarthScope,fdsn,10
1V_2023,121,1V,30.981538,-75.489742,-3601.0,2023-08-25 00:00:00.000,2023-09-05 23:59:59.000000,EDH EL1 EL2 ELZ (200 Hz); LDH LL1 LL2 LLZ (1 Hz); VPB (0.1 Hz),200.0,pressure+seismometer,Geospace GS-11D/Quanterra Q330 Linear Phase Compos | HTI-90-U Hydrophone;/Quanterra Q330 Linear Phase C | Quanterra Q330 Linear Phase Composite,EarthScope,fdsn,11
1V_2023,122,1V,30.90892,-75.39619,-3659.0,2023-08-25 07:51:00.000,2023-09-04 21:05:59.944800,EDH EL1 EL2 ELZ (200 Hz),200.0,pressure+seismometer,HTI_90_U Hydrophone OBSIP-SIO/ABALONES | L28LB OBSIP-SIO Seismometer Differential/ABALONES,EarthScope,fdsn,10
1V_2023,123,1V,30.83656,-75.30208,-3690.0,2023-08-25 09:02:00.000,2023-09-04 23:29:59.976000,EDH EL1 EL2 ELZ (200 Hz),200.0,pressure+seismometer,HTI_90_U Hydrophone OBSIP-SIO/ABALONES | L28LB OBSIP-SIO Seismometer Differential/ABALONES,EarthScope,fdsn,10
1V_2023,124,1V,30.76508,-75.209678,-3712.0,2023-08-25 00:00:00.000,2023-09-06 23:59:59.000000,EDH EL1 EL2 ELZ (200 Hz); LDH LL1 LL2 LLZ (1 Hz); VPB (0.1 Hz),200.0,pressure+seismometer,Geospace GS-11D/Quanterra Q330 Linear Phase Compos | HTI-90-U Hydrophone;/Quanterra Q330 Linear Phase C | Quanterra Q330 Linear Phase Composite,EarthScope,fdsn,12
1V_2023,125,1V,30.69327,-75.11605,-3833.0,2023-08-25 10:41:00.000,2023-09-05 04:17:00.144000,EDH EL1 EL2 ELZ (200 Hz),200.0,pressure+seismometer,HTI_90_U Hydrophone OBSIP-SIO/ABALONES | L28LB OBSIP-SIO Seismometer Differential/ABALONES,EarthScope,fdsn,10
1V_2023,126,1V,30.61996,-75.02303,-3783.0,2023-08-25 11:27:00.000,2023-09-05 06:43:59.985300,EDH EL1 EL2 ELZ (200 Hz),200.0,pressure+seismometer,HTI_90_U Hydrophone OBSIP-SIO/ABALONES | L28LB OBSIP-SIO Seismometer Differential/ABALONES,EarthScope,fdsn,10
1V_2023,127,1V,30.541315,-74.922325,-3907.0,2023-08-25 00:00:00.000,2023-09-06 23:59:59.000000,EDH EL1 EL2 ELZ (200 Hz); LDH LL1 LL2 LLZ (1 Hz); VPB (0.1 Hz),200.0,pressure+seismometer,Geospace GS-11D/Quanterra Q330 Linear Phase Compos | HTI-90-U Hydrophone;/Quanterra Q330 Linear Phase C | Quanterra Q330 Linear Phase Composite,EarthScope,fdsn,12
1V_2023,128,1V,30.46276,-74.82186,-3848.0,2023-08-25 13:29:00.000,2023-09-05 11:30:59.000000,EDH EL1 EL2 ELZ (200 Hz),200.0,pressure+seismometer,HTI_90_U Hydrophone OBSIP-SIO/ABALONES | L28LB OBSIP-SIO Seismometer Differential/ABALONES,EarthScope,fdsn,10
1V_2023,129,1V,30.38448,-74.72175,-4099.0,2023-08-25 14:35:00.000,2023-09-05 15:03:59.980600,EDH EL1 EL2 ELZ (200 Hz),200.0,pressure+seismometer,HTI_90_U Hydrophone OBSIP-SIO/ABALONES | L28LB OBSIP-SIO Seismometer Differential/ABALONES,EarthScope,fdsn,11
1V_2023,130,1V,30.305488,-74.621672,-4378.0,2023-08-25 00:00:00.000,2023-09-06 23:59:59.000000,EDH EL1 EL2 ELZ (200 Hz); LDH LL1 LL2 LLZ (1 Hz); VPB (0.1 Hz),200.0,pressure+seismometer,Geospace GS-11D/Quanterra Q330 Linear Phase Compos | HTI-90-U Hydrophone;/Quanterra Q330 Linear Phase C | Quanterra Q330 Linear Phase Composite,EarthScope,fdsn,12
1V_2023,132,1V,30.148245,-74.421542,-4412.0,2023-08-25 17:46:00.000,2023-09-05 23:25:00.110000,EDH EL1 EL2 ELZ (200 Hz),200.0,pressure+seismometer,HTI_90_U Hydrophone OBSIP-SIO/ABALONES | L28LB OBSIP-SIO Seismometer Differential/ABALONES,EarthScope,fdsn,11
1V_2023,201,1V,30.79737,-79.1936,-773.0,2023-09-03 01:19:00.000,2023-09-11 03:42:59.989800,EDH EL1 EL2 ELZ (200 Hz),200.0,pressure+seismometer,HTI_90_U Hydrophone OBSIP-SIO/ABALONES | L28LB OBSIP-SIO Seismometer Differential/ABALONES,EarthScope,fdsn,8
1V_2023,202,1V,30.72934,-79.0829,-796.0,2023-09-03 03:09:00.000,2023-09-11 06:04:00.143000,EDH EL1 EL2 ELZ (200 Hz),200.0,pressure+seismometer,HTI_90_U Hydrophone OBSIP-SIO/ABALONES | L28LB OBSIP-SIO Seismometer Differential/ABALONES,EarthScope,fdsn,8
1V_2023,203,1V,30.661545,-78.972272,-806.0,2023-09-03 00:00:00.000,2023-09-12 23:59:59.000000,EDH EL1 EL2 ELZ (200 Hz); LDH LL1 LL2 LLZ (1 Hz); VPB (0.1 Hz),200.0,pressure+seismometer,Geospace GS-11D/Quanterra Q330 Linear Phase Compos | HTI-90-U Hydrophone;/Quanterra Q330 Linear Phase C | Quanterra Q330 Linear Phase Composite,EarthScope,fdsn,9
1V_2023,204,1V,30.593,-78.8621,-816.0,2023-09-03 05:22:00.000,2023-09-11 08:45:59.980000,EDH EL1 EL2 ELZ (200 Hz),200.0,pressure+seismometer,HTI_90_U Hydrophone OBSIP-SIO/ABALONES | L28LB OBSIP-SIO Seismometer Differential/ABALONES,EarthScope,fdsn,8
1V_2023,205,1V,30.52469,-78.7519,-821.0,2023-09-03 06:33:00.000,2023-09-11 10:18:00.560000,EDH EL1 EL2 ELZ (200 Hz),200.0,pressure+seismometer,HTI_90_U Hydrophone OBSIP-SIO/ABALONES | L28LB OBSIP-SIO Seismometer Differential/ABALONES,EarthScope,fdsn,8
1V_2023,206,1V,30.456343,-78.641635,-812.0,2023-09-03 00:00:00.000,2023-09-12 23:59:59.000000,EDH EL1 EL2 ELZ (200 Hz); LDH LL1 LL2 LLZ (1 Hz); VPB (0.1 Hz),200.0,pressure+seismometer,Geospace GS-11D/Quanterra Q330 Linear Phase Compos | HTI-90-U Hydrophone;/Quanterra Q330 Linear Phase C | Quanterra Q330 Linear Phase Composite,EarthScope,fdsn,9
1V_2023,207,1V,30.38779,-78.532,-824.0,2023-09-03 08:46:00.000,2023-09-11 12:55:59.992800,EDH EL1 EL2 ELZ (200 Hz),200.0,pressure+seismometer,HTI_90_U Hydrophone OBSIP-SIO/ABALONES | L28LB OBSIP-SIO Seismometer Differential/ABALONES,EarthScope,fdsn,8
1V_2023,208,1V,30.3192,-78.4223,-820.0,2023-09-03 09:56:00.000,2023-09-11 14:18:00.160000,EDH EL1 EL2 ELZ (200 Hz),200.0,pressure+seismometer,HTI_90_U Hydrophone OBSIP-SIO/ABALONES | L28LB OBSIP-SIO Seismometer Differential/ABALONES,EarthScope,fdsn,8
1V_2023,209,1V,30.250863,-78.312632,-803.0,2023-09-03 00:00:00.000,2023-09-12 23:59:59.000000,EDH EL1 EL2 ELZ (200 Hz); LDH LL1 LL2 LLZ (1 Hz); VPB (0.1 Hz),200.0,pressure+seismometer,Geospace GS-11D/Quanterra Q330 Linear Phase Compos | HTI-90-U Hydrophone;/Quanterra Q330 Linear Phase C | Quanterra Q330 Linear Phase Composite,EarthScope,fdsn,9
1V_2023,210,1V,30.18175,-78.2033,-844.0,2023-09-03 12:30:00.000,2023-09-11 17:20:00.840000,EDH EL1 EL2 ELZ (200 Hz),200.0,pressure+seismometer,HTI_90_U Hydrophone OBSIP-SIO/ABALONES | L28LB OBSIP-SIO Seismometer Differential/ABALONES,EarthScope,fdsn,8
1V_2023,211,1V,30.11289,-78.0941,-861.0,2023-09-03 13:23:00.000,2023-09-11 18:33:59.981300,EDH EL1 EL2 ELZ (200 Hz),200.0,pressure+seismometer,HTI_90_U Hydrophone OBSIP-SIO/ABALONES | L28LB OBSIP-SIO Seismometer Differential/ABALONES,EarthScope,fdsn,8
1V_2023,212,1V,30.043647,-77.985128,-817.0,2023-09-03 00:00:00.000,2023-09-12 23:59:59.000000,EDH EL1 EL2 ELZ (200 Hz); LDH LL1 LL2 LLZ (1 Hz); VPB (0.1 Hz),200.0,pressure+seismometer,Geospace GS-11D/Quanterra Q330 Linear Phase Compos | HTI-90-U Hydrophone;/Quanterra Q330 Linear Phase C | Quanterra Q330 Linear Phase Composite,EarthScope,fdsn,9
1V_2023,213,1V,29.9749,-77.876,-824.0,2023-09-01 20:26:00.000,2023-09-11 21:16:00.170000,EDH EL1 EL2 ELZ (200 Hz),200.0,pressure+seismometer,HTI_90_U Hydrophone OBSIP-SIO/ABALONES | L28LB OBSIP-SIO Seismometer Differential/ABALONES,EarthScope,fdsn,10
1V_2023,215,1V,29.836125,-77.658733,-845.0,2023-09-01 00:00:00.000,2023-09-13 23:59:59.000000,EDH EL1 EL2 ELZ (200 Hz); LDH LL1 LL2 LLZ (1 Hz); VPB (0.1 Hz),200.0,pressure+seismometer,Geospace GS-11D/Quanterra Q330 Linear Phase Compos | HTI-90-U Hydrophone;/Quanterra Q330 Linear Phase C | Quanterra Q330 Linear Phase Composite,EarthScope,fdsn,12
1V_2023,216,1V,29.76724,-77.55,-852.0,2023-09-01 17:18:00.000,2023-09-12 01:36:00.130000,EDH EL1 EL2 ELZ (200 Hz),200.0,pressure+seismometer,HTI_90_U Hydrophone OBSIP-SIO/ABALONES | L28LB OBSIP-SIO Seismometer Differential/ABALONES,EarthScope,fdsn,10
1V_2023,217,1V,29.69785,-77.4417,-918.0,2023-09-01 15:58:00.000,2023-09-12 03:17:59.990900,EDH EL1 EL2 ELZ (200 Hz),200.0,pressure+seismometer,HTI_90_U Hydrophone OBSIP-SIO/ABALONES | L28LB OBSIP-SIO Seismometer Differential/ABALONES,EarthScope,fdsn,10
1V_2023,218,1V,29.627975,-77.333687,-942.0,2023-09-01 00:00:00.000,2023-09-13 23:59:59.000000,EDH EL1 EL2 ELZ (200 Hz); LDH LL1 LL2 LLZ (1 Hz); VPB (0.1 Hz),200.0,pressure+seismometer,Geospace GS-11D/Quanterra Q330 Linear Phase Compos | HTI-90-U Hydrophone;/Quanterra Q330 Linear Phase C | Quanterra Q330 Linear Phase Composite,EarthScope,fdsn,12
1V_2023,219,1V,29.558979,-77.2254,-922.0,2023-09-01 14:02:00.000,2023-09-12 06:17:00.216000,EDH EL1 EL2 ELZ (200 Hz),200.0,pressure+seismometer,HTI_90_U Hydrophone OBSIP-SIO/ABALONES | L28LB OBSIP-SIO Seismometer Differential/ABALONES,EarthScope,fdsn,10
1V_2023,220,1V,29.48913,-77.1175,-872.0,2023-09-01 11:55:00.000,2023-09-12 07:45:00.155000,EDH EL1 EL2 ELZ (200 Hz),200.0,pressure+seismometer,HTI_90_U Hydrophone OBSIP-SIO/ABALONES | L28LB OBSIP-SIO Seismometer Differential/ABALONES,EarthScope,fdsn,10
1V_2023,221,1V,29.418717,-77.00954,-1028.0,2023-09-01 00:00:00.000,2023-09-13 23:59:59.000000,EDH EL1 EL2 ELZ (200 Hz); LDH LL1 LL2 LLZ (1 Hz); VPB (0.1 Hz),200.0,pressure+seismometer,Geospace GS-11D/Quanterra Q330 Linear Phase Compos | HTI-90-U Hydrophone;/Quanterra Q330 Linear Phase C | Quanterra Q330 Linear Phase Composite,EarthScope,fdsn,12
1V_2023,301,1V,30.310742,-79.120325,-802.0,2023-09-07 09:00:00.000,2023-09-13 15:01:00.200000,EDH EL1 EL2 ELZ (200 Hz),200.0,pressure+seismometer,HTI_90_U Hydrophone OBSIP-SIO/ABALONES | L28LB OBSIP-SIO Seismometer Differential/ABALONES,EarthScope,fdsn,6
1V_2023,302,1V,30.24223,-79.0107,-803.0,2023-09-07 07:43:00.000,2023-09-13 13:08:59.994400,EDH EL1 EL2 ELZ (200 Hz),200.0,pressure+seismometer,HTI_90_U Hydrophone OBSIP-SIO/ABALONES | L28LB OBSIP-SIO Seismometer Differential/ABALONES,EarthScope,fdsn,6
1V_2023,303,1V,30.1738,-78.901,-802.0,2023-09-07 06:50:00.000,2023-09-13 11:33:59.993300,EDH EL1 EL2 ELZ (200 Hz),200.0,pressure+seismometer,HTI_90_U Hydrophone OBSIP-SIO/ABALONES | L28LB OBSIP-SIO Seismometer Differential/ABALONES,EarthScope,fdsn,6
1V_2023,304,1V,30.10573,-78.791314,-807.0,2023-09-07 00:00:00.000,2023-09-14 23:59:59.000000,EDH EL1 EL2 ELZ (200 Hz); LDH LL1 LL2 LLZ (1 Hz); VPB (0.1 Hz),200.0,pressure+seismometer,Geospace GS-11D/Quanterra Q330 Linear Phase Compos | HTI-90-U Hydrophone;/Quanterra Q330 Linear Phase C | Quanterra Q330 Linear Phase Composite,EarthScope,fdsn,7
1V_2023,305,1V,30.03669,-78.6821,-800.0,2023-09-07 04:53:00.000,2023-09-13 08:29:00.200000,EDH EL1 EL2 ELZ (200 Hz),200.0,pressure+seismometer,HTI_90_U Hydrophone OBSIP-SIO/ABALONES | L28LB OBSIP-SIO Seismometer Differential/ABALONES,EarthScope,fdsn,6
1V_2023,306,1V,29.96799,-78.5728,-803.0,2023-09-07 03:44:00.000,2023-09-13 07:10:00.137000,EDH EL1 EL2 ELZ (200 Hz),200.0,pressure+seismometer,HTI_90_U Hydrophone OBSIP-SIO/ABALONES | L28LB OBSIP-SIO Seismometer Differential/ABALONES,EarthScope,fdsn,6
1V_2023,307,1V,29.89921,-78.4637,-817.0,2023-09-07 02:52:00.000,2023-09-13 05:47:59.000000,EDH EL1 EL2 ELZ (200 Hz),200.0,pressure+seismometer,HTI_90_U Hydrophone OBSIP-SIO/ABALONES | L28LB OBSIP-SIO Seismometer Differential/ABALONES,EarthScope,fdsn,6
1V_2023,308,1V,29.830153,-78.355008,-832.0,2023-09-07 00:00:00.000,2023-09-14 23:59:59.000000,EDH EL1 EL2 ELZ (200 Hz); LDH LL1 LL2 LLZ (1 Hz); VPB (0.1 Hz),200.0,pressure+seismometer,Geospace GS-11D/Quanterra Q330 Linear Phase Compos | HTI-90-U Hydrophone;/Quanterra Q330 Linear Phase C | Quanterra Q330 Linear Phase Composite,EarthScope,fdsn,7
1V_2023,309,1V,29.76137,-78.246,-849.0,2023-09-07 00:47:00.000,2023-09-13 02:37:59.988800,EDH EL1 EL2 ELZ (200 Hz),200.0,pressure+seismometer,HTI_90_U Hydrophone OBSIP-SIO/ABALONES | L28LB OBSIP-SIO Seismometer Differential/ABALONES,EarthScope,fdsn,6
1V_2023,310,1V,29.69231,-78.1374,-826.0,2023-09-06 23:44:00.000,2023-09-13 01:15:59.995000,EDH EL1 EL2 ELZ (200 Hz),200.0,pressure+seismometer,HTI_90_U Hydrophone OBSIP-SIO/ABALONES | L28LB OBSIP-SIO Seismometer Differential/ABALONES,EarthScope,fdsn,6
1V_2023,311,1V,29.62317,-78.0289,-879.0,2023-09-06 22:32:00.000,2023-09-12 23:37:59.993500,EDH EL1 EL2 ELZ (200 Hz),200.0,pressure+seismometer,HTI_90_U Hydrophone OBSIP-SIO/ABALONES | L28LB OBSIP-SIO Seismometer Differential/ABALONES,EarthScope,fdsn,6
1V_2023,312,1V,29.55368,-77.920697,-832.0,2023-09-06 00:00:00.000,2023-09-13 23:59:59.000000,EDH EL1 EL2 ELZ (200 Hz); LDH LL1 LL2 LLZ (1 Hz); VPB (0.1 Hz),200.0,pressure+seismometer,Geospace GS-11D/Quanterra Q330 Linear Phase Compos | HTI-90-U Hydrophone;/Quanterra Q330 Linear Phase C | Quanterra Q330 Linear Phase Composite,EarthScope,fdsn,7
1V_2023,313,1V,29.48463,-77.8124,-853.0,2023-09-06 20:27:00.000,2023-09-12 20:30:00.131000,EDH EL1 EL2 ELZ (200 Hz),200.0,pressure+seismometer,HTI_90_U Hydrophone OBSIP-SIO/ABALONES | L28LB OBSIP-SIO Seismometer Differential/ABALONES,EarthScope,fdsn,6
1V_2023,314,1V,29.41522,-77.7043,-873.0,2023-09-06 19:20:00.000,2023-09-12 18:38:59.999100,EDH EL1 EL2 ELZ (200 Hz),200.0,pressure+seismometer,HTI_90_U Hydrophone OBSIP-SIO/ABALONES | L28LB OBSIP-SIO Seismometer Differential/ABALONES,EarthScope,fdsn,5
1V_2023,315,1V,29.34573,-77.5964,-899.0,2023-09-06 18:17:00.000,2023-09-12 17:08:59.999100,EDH EL1 EL2 ELZ (200 Hz),200.0,pressure+seismometer,HTI_90_U Hydrophone OBSIP-SIO/ABALONES | L28LB OBSIP-SIO Seismometer Differential/ABALONES,EarthScope,fdsn,5
1V_2023,316,1V,29.27587,-77.488745,-947.0,2023-09-06 00:00:00.000,2023-09-13 23:59:59.000000,EDH EL1 EL2 ELZ (200 Hz); LDH LL1 LL2 LLZ (1 Hz); VPB (0.1 Hz),200.0,pressure+seismometer,Geospace GS-11D/Quanterra Q330 Linear Phase Compos | HTI-90-U Hydrophone;/Quanterra Q330 Linear Phase C | Quanterra Q330 Linear Phase Composite,EarthScope,fdsn,7
1V_2023,317,1V,29.20649,-77.3811,-1020.0,2023-09-06 16:04:00.000,2023-09-12 13:49:59.999500,EDH EL1 EL2 ELZ (200 Hz),200.0,pressure+seismometer,HTI_90_U Hydrophone OBSIP-SIO/ABALONES | L28LB OBSIP-SIO Seismometer Differential/ABALONES,EarthScope,fdsn,5
1V_2023,318,1V,29.13674,-77.2736,-1037.0,2023-09-06 15:19:00.000,2023-09-12 12:22:00.900000,EDH EL1 EL2 ELZ (200 Hz),200.0,pressure+seismometer,HTI_90_U Hydrophone OBSIP-SIO/ABALONES | L28LB OBSIP-SIO Seismometer Differential/ABALONES,EarthScope,fdsn,5
2A_2001,28,2A,-15.6994,-117.000801,-3390.0,2001-12-01 01:00:00.000,2001-12-16 21:59:59.000000,HDH HH1 HH2 HHZ (128 Hz); BDH BH1 BH2 BHZ (32 Hz),128.0,pressure+seismometer,LDEO DPG/LDEO_old dummy at 32/128 | LDEO OBS Sensor Mk1/LDEO_old dummy at 32/128,EarthScope,fdsn,15
2A_2001,29,2A,-15.2803,-116.370003,-3352.1,2001-12-01 01:00:00.000,2002-11-23 10:00:08.000000,HDH HH1 HH2 HHZ (128 Hz); BDH BH1 BH2 BHZ (32 Hz),128.0,pressure+seismometer,LDEO DPG/LDEO_old dummy at 32/128 | LDEO OBS Sensor Mk1/LDEO_old dummy at 32/128,EarthScope,fdsn,357
2A_2001,30,2A,-14.3692,-116.1567,-2633.0,2001-12-03 09:00:00.000,2002-11-21 18:43:04.000000,HDH HH1 HH2 HHZ (128 Hz); BDH BH1 BH2 BHZ (32 Hz),128.0,pressure+seismometer,LDEO DPG/LDEO_old dummy at 32/128 | LDEO OBS Sensor Mk1/LDEO_old dummy at 32/128,EarthScope,fdsn,353
2A_2001,32,2A,-12.9996,-115.8554,-3119.0,2001-12-04 01:00:00.000,2002-11-13 22:00:16.000000,HDH HH1 HH2 HHZ (128 Hz); BDH BH1 BH2 BHZ (32 Hz),128.0,pressure+seismometer,LDEO DPG/LDEO_old dummy at 32/128 | LDEO OBS Sensor Mk1/LDEO_old dummy at 32/128,EarthScope,fdsn,344
2A_2001,34,2A,-11.7336,-117.275101,-3578.0,2001-12-05 01:00:00.000,2002-11-14 17:59:55.000000,HDH HH1 HH2 HHZ (128 Hz); BDH BH1 BH2 BHZ (32 Hz),128.0,pressure+seismometer,LDEO DPG/LDEO_old dummy at 32/128 | LDEO OBS Sensor Mk1/LDEO_old dummy at 32/128,EarthScope,fdsn,344
2A_2001,36,2A,-12.4828,-116.633598,-3556.0,2001-12-06 01:00:00.000,2002-11-14 18:00:02.000000,HDH HH1 HH2 HHZ (128 Hz); BDH BH1 BH2 BHZ (32 Hz),128.0,pressure+seismometer,LDEO DPG/LDEO_old dummy at 32/128 | LDEO OBS Sensor Mk1/LDEO_old dummy at 32/128,EarthScope,fdsn,343
2A_2001,38,2A,-13.8003,-115.120399,-3413.0,2001-12-09 01:00:00.000,2002-11-24 09:59:13.000000,HDH HH1 HH2 HHZ (128 Hz); BDH BH1 BH2 BHZ (32 Hz),128.0,pressure+seismometer,LDEO DPG/LDEO_old dummy at 32/128 | LDEO OBS Sensor Mk1/LDEO_old dummy at 32/128,EarthScope,fdsn,350
2A_2001,39,2A,-12.37,-114.524902,-3397.0,2001-12-13 01:00:00.000,2002-06-20 18:00:01.000000,HDH HH1 HH2 HHZ (128 Hz); BDH BH1 BH2 BHZ (32 Hz),128.0,pressure+seismometer,LDEO DPG/LDEO_old dummy at 32/128 | LDEO OBS Sensor Mk1/LDEO_old dummy at 32/128,EarthScope,fdsn,189
2A_2001,41,2A,-14.4508,-114.949699,-2294.0,2001-12-16 01:00:00.000,2002-02-27 23:59:59.000000,HDH HH1 HH2 HHZ (128 Hz); BDH BH1 BH2 BHZ (32 Hz),128.0,pressure+seismometer,LDEO DPG/LDEO_old dummy at 32/128 | LDEO OBS Sensor Mk1/LDEO_old dummy at 32/128,EarthScope,fdsn,73
2A_2001,42,2A,-15.41,-115.203499,-3382.0,2001-12-16 01:00:00.000,2002-11-25 14:20:14.000000,HDH HH1 HH2 HHZ (128 Hz); BDH BH1 BH2 BHZ (32 Hz),128.0,pressure+seismometer,LDEO DPG/LDEO_old dummy at 32/128 | LDEO OBS Sensor Mk1/LDEO_old dummy at 32/128,EarthScope,fdsn,344
2A_2001,43,2A,-15.5517,-114.799797,-3202.0,2001-12-17 01:00:00.000,2002-11-18 12:02:34.000000,HDH HH1 HH2 HHZ (128 Hz); BDH BH1 BH2 BHZ (32 Hz),128.0,pressure+seismometer,LDEO DPG/LDEO_old dummy at 32/128 | LDEO OBS Sensor Mk1/LDEO_old dummy at 32/128,EarthScope,fdsn,336
2A_2001,44,2A,-16.002001,-115.2491,-3297.0,2001-12-17 01:00:00.000,2002-11-25 17:59:54.000000,HDH HH1 HH2 HHZ (128 Hz); BDH BH1 BH2 BHZ (32 Hz),128.0,pressure+seismometer,LDEO DPG/LDEO_old dummy at 32/128 | LDEO OBS Sensor Mk1/LDEO_old dummy at 32/128,EarthScope,fdsn,343
2A_2001,46,2A,-14.85,-118.3703,-3666.0,2002-03-14 01:00:00.000,2002-11-16 14:00:24.000000,BDH BH1 BH2 BHZ (32 Hz),32.0,pressure+seismometer,LDEO DPG/LDEO_old dummy at 32/128 | LDEO OBS Sensor Mk1/LDEO_old dummy at 32/128,EarthScope,fdsn,247
2A_2001,47,2A,-15.2121,-117.600601,-3605.0,2001-12-19 01:00:00.000,2002-11-20 14:00:03.000000,HDH HH1 HH2 HHZ (128 Hz); BDH BH1 BH2 BHZ (32 Hz),128.0,pressure+seismometer,LDEO DPG/LDEO_old dummy at 32/128 | LDEO OBS Sensor Mk1/LDEO_old dummy at 32/128,EarthScope,fdsn,336
2A_2001,48,2A,-13.1701,-117.201202,-3318.0,2002-02-01 01:00:00.000,2002-11-17 18:00:26.000000,BDH BH1 BH2 BHZ (32 Hz),32.0,pressure+seismometer,LDEO DPG/LDEO_old dummy at 32/128 | LDEO OBS Sensor Mk1/LDEO_old dummy at 32/128,EarthScope,fdsn,289
2A_2001,49,2A,-12.7201,-117.991798,-3714.0,2001-12-19 01:00:00.000,2002-11-14 14:00:02.000000,HDH HH1 HH2 HHZ (128 Hz); BDH BH1 BH2 BHZ (32 Hz),128.0,pressure+seismometer,LDEO DPG/LDEO_old dummy at 32/128 | LDEO OBS Sensor Mk1/LDEO_old dummy at 32/128,EarthScope,fdsn,330
2A_2001,50,2A,-13.7495,-117.901604,-3540.0,2001-12-20 01:00:00.000,2002-11-17 14:00:01.000000,HDH HH1 HH2 HHZ (128 Hz); BDH BH1 BH2 BHZ (32 Hz),128.0,pressure+seismometer,LDEO DPG/LDEO_old dummy at 32/128 | LDEO OBS Sensor Mk1/LDEO_old dummy at 32/128,EarthScope,fdsn,332
2A_2001,52,2A,-14.9995,-115.8004,-3414.0,2001-12-21 01:00:00.000,2002-11-22 22:00:22.000000,HDH HH1 HH2 HHZ (128 Hz); BDH BH1 BH2 BHZ (32 Hz),128.0,pressure+seismometer,LDEO DPG/LDEO_old dummy at 32/128 | LDEO OBS Sensor Mk1/LDEO_old dummy at 32/128,EarthScope,fdsn,336
2B_2010,OBS01,2B,56.817699,174.817307,-3840.0,2011-08-21 00:00:00.000,2011-08-29 23:59:59.000000,EDH EL1 EL2 ELZ (200 Hz); LDH LL1 LL2 LLZ (1 Hz),200.0,pressure+seismometer,Geospace GS-11D/Quanterra Q330 Linear Phase Below | HTI-90-U Hydrophone;/Quanterra Q330 Linear Phase B,EarthScope,fdsn,8
2B_2010,OBS02,2B,56.956299,175.030899,-3797.0,2011-08-21 00:00:00.000,2011-08-29 23:59:59.000000,EDH EL1 EL2 ELZ (200 Hz); LDH LL1 LL2 LLZ (1 Hz),200.0,pressure+seismometer,Geospace GS-11D/Quanterra Q330 Linear Phase Below | HTI-90-U Hydrophone;/Quanterra Q330 Linear Phase B,EarthScope,fdsn,8
2B_2010,OBS03,2B,57.094501,175.246094,-3793.0,2011-08-22 00:00:00.000,2011-08-29 23:59:59.000000,EDH EL1 EL2 ELZ (200 Hz); LDH LL1 LL2 LLZ (1 Hz),200.0,pressure+seismometer,Geospace GS-11D/Quanterra Q330 Linear Phase Below | HTI-90-U Hydrophone;/Quanterra Q330 Linear Phase B,EarthScope,fdsn,7
2B_2010,OBS04,2B,57.2337,175.460602,-3786.0,2011-08-21 00:00:00.000,2011-08-28 23:59:59.000000,EDH EL1 EL2 ELZ (200 Hz); LDH LL1 LL2 LLZ (1 Hz),200.0,pressure+seismometer,Geospace GS-11D/Quanterra Q330 Linear Phase Below | HTI-90-U Hydrophone;/Quanterra Q330 Linear Phase B,EarthScope,fdsn,7
2B_2010,OBS05,2B,57.371799,175.677002,-3784.0,2011-08-21 00:00:00.000,2011-08-28 23:59:59.000000,EDH EL1 EL2 ELZ (200 Hz); LDH LL1 LL2 LLZ (1 Hz),200.0,pressure+seismometer,Geospace GS-11D/Quanterra Q330 Linear Phase Below | HTI-90-U Hydrophone;/Quanterra Q330 Linear Phase B,EarthScope,fdsn,7
2B_2010,OBS06,2B,57.509602,175.893997,-3783.0,2011-08-21 00:00:00.000,2011-08-28 23:59:59.000000,EDH EL1 EL2 ELZ (200 Hz); LDH LL1 LL2 LLZ (1 Hz),200.0,pressure+seismometer,Geospace GS-11D/Quanterra Q330 Linear Phase Below | HTI-90-U Hydrophone;/Quanterra Q330 Linear Phase B,EarthScope,fdsn,7
2B_2010,OBS07,2B,57.647301,176.111404,-3777.0,2011-08-20 00:00:00.000,2011-08-28 23:59:59.000000,EDH EL1 EL2 ELZ (200 Hz); LDH LL1 LL2 LLZ (1 Hz),200.0,pressure+seismometer,Geospace GS-11D/Quanterra Q330 Linear Phase Below | HTI-90-U Hydrophone;/Quanterra Q330 Linear Phase B,EarthScope,fdsn,8
2B_2010,OBS08,2B,57.605,176.255707,-3792.0,2011-08-20 00:00:00.000,2011-08-28 23:59:59.000000,EDH EL1 EL2 ELZ (200 Hz); LDH LL1 LL2 LLZ (1 Hz),200.0,pressure+seismometer,Geospace GS-11D/Quanterra Q330 Linear Phase Below | HTI-90-U Hydrophone;/Quanterra Q330 Linear Phase B,EarthScope,fdsn,8
2B_2010,OBS09,2B,57.5093,176.538498,-3785.0,2011-08-20 00:00:00.000,2011-08-28 23:59:59.000000,EDH EL1 EL2 ELZ (200 Hz); LDH LL1 LL2 LLZ (1 Hz),200.0,pressure+seismometer,Geospace GS-11D/Quanterra Q330 Linear Phase Below | HTI-90-U Hydrophone;/Quanterra Q330 Linear Phase B,EarthScope,fdsn,8
2B_2010,OBS10,2B,57.412899,176.843399,-3793.0,2011-08-20 00:00:00.000,2011-08-27 23:59:59.000000,EDH EL1 EL2 ELZ (200 Hz); LDH LL1 LL2 LLZ (1 Hz),200.0,pressure+seismometer,Geospace GS-11D/Quanterra Q330 Linear Phase Below | HTI-90-U Hydrophone;/Quanterra Q330 Linear Phase B,EarthScope,fdsn,7
2B_2010,OBS11,2B,57.323101,177.113007,-3811.0,2011-08-20 00:00:00.000,2011-08-27 23:59:59.000000,EDH EL1 EL2 ELZ (200 Hz); LDH LL1 LL2 LLZ (1 Hz),200.0,pressure+seismometer,Geospace GS-11D/Quanterra Q330 Linear Phase Below | HTI-90-U Hydrophone;/Quanterra Q330 Linear Phase B,EarthScope,fdsn,7
2B_2010,OBS12,2B,57.233501,177.382202,-3811.0,2011-08-20 00:00:00.000,2011-08-27 23:59:59.000000,EDH EL1 EL2 ELZ (200 Hz); LDH LL1 LL2 LLZ (1 Hz),200.0,pressure+seismometer,Geospace GS-11D/Quanterra Q330 Linear Phase Below | HTI-90-U Hydrophone;/Quanterra Q330 Linear Phase B,EarthScope,fdsn,7
2B_2010,OBS13,2B,57.1437,177.6548,-3817.0,2011-08-20 00:00:00.000,2011-08-27 23:59:59.000000,EDH EL1 EL2 ELZ (200 Hz); LDH LL1 LL2 LLZ (1 Hz),200.0,pressure+seismometer,Geospace GS-11D/Quanterra Q330 Linear Phase Below | HTI-90-U Hydrophone;/Quanterra Q330 Linear Phase B,EarthScope,fdsn,7
2B_2010,OBS14,2B,57.119598,177.726196,-3818.0,2011-08-20 00:00:00.000,2011-08-27 23:59:59.000000,EDH EL1 EL2 ELZ (200 Hz); LDH LL1 LL2 LLZ (1 Hz),200.0,pressure+seismometer,Geospace GS-11D/Quanterra Q330 Linear Phase Below | HTI-90-U Hydrophone;/Quanterra Q330 Linear Phase B,EarthScope,fdsn,7
2B_2010,OBS15,2B,57.093899,177.7892,-3801.0,2011-08-20 00:00:00.000,2011-08-27 23:59:59.000000,EDH EL1 EL2 ELZ (200 Hz); LDH LL1 LL2 LLZ (1 Hz),200.0,pressure+seismometer,Geospace GS-11D/Quanterra Q330 Linear Phase Below | HTI-90-U Hydrophone;/Quanterra Q330 Linear Phase B,EarthScope,fdsn,7
2B_2010,OBS16,2B,57.070801,177.863007,-3815.0,2011-08-20 00:00:00.000,2011-08-27 23:59:59.000000,EDH EL1 EL2 ELZ (200 Hz); LDH LL1 LL2 LLZ (1 Hz),200.0,pressure+seismometer,Geospace GS-11D/Quanterra Q330 Linear Phase Below | HTI-90-U Hydrophone;/Quanterra Q330 Linear Phase B,EarthScope,fdsn,7
2B_2010,OBS17,2B,56.9813,178.132599,-3817.0,2011-08-20 00:00:00.000,2011-08-26 23:59:59.000000,EDH EL1 EL2 ELZ (200 Hz); LDH LL1 LL2 LLZ (1 Hz),200.0,pressure+seismometer,Geospace GS-11D/Quanterra Q330 Linear Phase Below | HTI-90-U Hydrophone;/Quanterra Q330 Linear Phase B,EarthScope,fdsn,6
2D_2010,OBS01,2D,32.6213,-118.147003,-2043.0,2010-08-15 08:00:00.000,2011-09-07 21:59:00.000000,BDH SH1 SH2 SHZ (50 Hz),50.0,pressure+seismometer,Differential Pressure Gauge OBSIP-SIO/ABALONES-4x4 | L28LB OBSIP-SIO Seismometer Differential/ABALONES-,EarthScope,fdsn,388
2D_2010,OBS02,2D,32.811798,-118.803596,-1451.0,2010-08-15 20:00:00.000,2011-09-08 02:47:00.000000,BDH SH1 SH2 SHZ (50 Hz),50.0,pressure+seismometer,Differential Pressure Gauge OBSIP-SIO/ABALONES-4x4 | L28LB OBSIP-SIO Seismometer Differential/ABALONES-,EarthScope,fdsn,388
2D_2010,OBS03,2D,33.012901,-118.957397,-1730.0,2010-08-16 17:00:00.000,2011-09-08 05:50:00.000000,BDH BH1 BH2 BHZ (50 Hz),50.0,pressure+seismometer,Differential Pressure Gauge OBSIP-SIO/ABALONES-4x4 | Nanometrics Trillium 240 Single-Sided/ABALONES-4x4,EarthScope,fdsn,387
2D_2010,OBS04,2D,33.318699,-119.1828,-1051.0,2010-08-16 22:00:00.000,2010-08-17 22:00:00.000000,BDH BH1 BH2 BHZ (50 Hz),50.0,pressure+seismometer,Differential Pressure Gauge OBSIP-SIO/ABALONES-4x4 | Nanometrics Trillium 240 Single-Sided/ABALONES-4x4,EarthScope,fdsn,1
2D_2010,OBS05,2D,33.087002,-119.300201,-1617.0,2010-08-17 00:00:00.000,2010-08-26 17:16:00.000000,BDH SH1 SH2 SHZ (50 Hz),50.0,pressure+seismometer,Differential Pressure Gauge OBSIP-SIO/ABALONES-4x4 | L28LB OBSIP-SIO Seismometer Differential/ABALONES-,EarthScope,fdsn,9
2D_2010,OBS05,2D,33.087299,-119.2976,-1616.0,2010-08-27 00:00:00.000,2011-09-09 00:22:00.000000,BDH SH1 SH2 SHZ (50 Hz),50.0,pressure+seismometer,Differential Pressure Gauge OBSIP-SIO/ABALONES-4x4 | L28LB OBSIP-SIO Seismometer Differential/ABALONES-,EarthScope,fdsn,378
2D_2010,OBS06,2D,32.777,-119.857803,-1169.0,2010-08-16 10:00:00.000,2011-09-08 18:40:00.000000,BDH BH1 BH2 BHZ (50 Hz),50.0,pressure+seismometer,Differential Pressure Gauge OBSIP-SIO/ABALONES-4x4 | Nanometrics Trillium 240 Single-Sided/ABALONES-4x4,EarthScope,fdsn,388
2D_2010,OBS07,2D,32.742199,-120.726501,-3769.0,2010-08-18 05:00:00.000,2011-09-09 02:30:00.000000,BDH BH1 BH2 BHZ (50 Hz),50.0,pressure+seismometer,Differential Pressure Gauge OBSIP-SIO/ABALONES-4x4 | Nanometrics Trillium 240 Single-Sided/ABALONES-4x4,EarthScope,fdsn,386
2D_2010,OBS08,2D,32.654499,-121.342499,-3888.0,2010-08-17 21:00:00.000,2011-09-09 08:53:00.000000,BDH BH1 BH2 BHZ (50 Hz),50.0,pressure+seismometer,Differential Pressure Gauge OBSIP-SIO/ABALONES-4x4 | Nanometrics Trillium 240 Single-Sided/ABALONES-4x4,EarthScope,fdsn,387
2D_2010,OBS09,2D,33.4086,-121.507202,-3819.0,2010-08-18 00:00:00.000,2011-09-09 17:03:00.000000,BDH BH1 BH2 BHZ (50 Hz),50.0,pressure+seismometer,Differential Pressure Gauge OBSIP-SIO/ABALONES-4x4 | Nanometrics Trillium 240 Single-Sided/ABALONES-4x4,EarthScope,fdsn,387
2D_2010,OBS10,2D,33.310902,-122.195099,-3777.0,2010-08-18 11:00:00.000,2011-09-10 00:24:00.000000,BDH BH1 BH2 BHZ (50 Hz),50.0,pressure+seismometer,Differential Pressure Gauge OBSIP-SIO/ABALONES-4x4 | Nanometrics Trillium 240 Single-Sided/ABALONES-4x4,EarthScope,fdsn,387
2D_2010,OBS11,2D,32.664501,-122.301598,-4185.0,2010-08-18 18:00:00.000,2011-09-10 07:00:00.000000,BDH BH1 BH2 BHZ (50 Hz),50.0,pressure+seismometer,Differential Pressure Gauge OBSIP-SIO/ABALONES-4x4 | Nanometrics Trillium 240 Single-Sided/ABALONES-4x4,EarthScope,fdsn,387
2D_2010,OBS12,2D,32.644798,-123.088303,-4098.0,2010-08-18 18:00:00.000,2011-09-10 14:21:00.000000,BDH BH1 BH2 BHZ (50 Hz),50.0,pressure+seismometer,Differential Pressure Gauge OBSIP-SIO/ABALONES-4x4 | Nanometrics Trillium 40 Single Sided/ABALONES-4x4,EarthScope,fdsn,387
2D_2010,OBS13,2D,32.654999,-123.828598,-4281.0,2010-08-18 21:00:00.000,2011-09-10 21:29:00.000000,BDH BH1 BH2 BHZ (50 Hz),50.0,pressure+seismometer,Differential Pressure Gauge OBSIP-SIO/ABALONES-4x4 | Nanometrics Trillium 240 Single-Sided/ABALONES-4x4,EarthScope,fdsn,388
2D_2010,OBS14,2D,32.635799,-124.632301,-4374.0,2010-08-19 22:00:00.000,2010-08-20 22:00:00.000000,BDH BH1 BH2 BHZ (50 Hz),50.0,pressure+seismometer,Differential Pressure Gauge OBSIP-SIO/ABALONES-4x4 | Nanometrics Trillium 240 Single-Sided/ABALONES-4x4,EarthScope,fdsn,1
2D_2010,OBS15,2D,33.315701,-124.647202,-4248.0,2010-08-19 18:00:00.000,2011-09-11 16:24:00.000000,BDH BH1 BH2 BHZ (50 Hz),50.0,pressure+seismometer,Differential Pressure Gauge OBSIP-SIO/ABALONES-4x4 | Nanometrics Trillium 240 Single-Sided/ABALONES-4x4,EarthScope,fdsn,387
2D_2010,OBS16,2D,34.011398,-124.638397,-4552.0,2010-08-19 13:00:00.000,2011-09-11 23:46:00.000000,BDH BH1 BH2 BHZ (50 Hz),50.0,pressure+seismometer,Differential Pressure Gauge OBSIP-SIO/ABALONES-4x4 | Nanometrics Trillium 240 Single-Sided/ABALONES-4x4,EarthScope,fdsn,388
2D_2010,OBS17,2D,33.987,-123.839996,-4426.0,2010-08-20 03:00:00.000,2011-09-12 06:01:00.000000,BDH BH1 BH2 BHZ (50 Hz),50.0,pressure+seismometer,Differential Pressure Gauge OBSIP-SIO/ABALONES-4x4 | Nanometrics Trillium 240 Single-Sided/ABALONES-4x4,EarthScope,fdsn,388
2D_2010,OBS18,2D,33.2999,-123.868401,-4461.0,2010-08-21 00:00:00.000,2011-09-12 13:31:00.000000,BDH BH1 BH2 BHZ (50 Hz),50.0,pressure+seismometer,Differential Pressure Gauge OBSIP-SIO/ABALONES-4x4 | Nanometrics Trillium 240 Single-Sided/ABALONES-4x4,EarthScope,fdsn,387
2D_2010,OBS19,2D,33.302101,-123.0373,-4374.0,2010-08-21 03:00:00.000,2011-09-12 20:35:00.000000,BDH BH1 BH2 BHZ (50 Hz),50.0,pressure+seismometer,Differential Pressure Gauge OBSIP-SIO/ABALONES-4x4 | Nanometrics Trillium 240 Single-Sided/ABALONES-4x4,EarthScope,fdsn,387
2D_2010,OBS20,2D,34.011002,-123.0326,-4293.0,2010-08-21 17:00:00.000,2011-09-13 02:51:00.000000,BDH BH1 BH2 BHZ (50 Hz),50.0,pressure+seismometer,Differential Pressure Gauge OBSIP-SIO/ABALONES-4x4 | Nanometrics Trillium 240 Single-Sided/ABALONES-4x4,EarthScope,fdsn,387
2D_2010,OBS21,2D,34.032799,-122.286301,-3876.0,2010-08-22 00:00:00.000,2011-09-13 08:56:00.000000,BDH BH1 BH2 BHZ (50 Hz),50.0,pressure+seismometer,Differential Pressure Gauge OBSIP-SIO/ABALONES-4x4 | Nanometrics Trillium 40 Single Sided/ABALONES-4x4,EarthScope,fdsn,387
2D_2010,OBS22,2D,34.097801,-121.661697,-3562.0,2010-08-23 00:00:00.000,2011-09-13 14:31:00.000000,BDH BH1 BH2 BHZ (50 Hz),50.0,pressure+seismometer,Differential Pressure Gauge OBSIP-SIO/ABALONES-4x4 | Nanometrics Trillium 240 Single-Sided/ABALONES-4x4,EarthScope,fdsn,386
2D_2010,OBS23,2D,34.148499,-121.086197,-2010.0,2010-08-22 00:00:00.000,2011-09-13 19:06:00.000000,BDH BH1 BH2 BHZ (50 Hz),50.0,pressure+seismometer,Differential Pressure Gauge OBSIP-SIO/ABALONES-4x4 | Nanometrics Trillium 240 Single-Sided/ABALONES-4x4,EarthScope,fdsn,387
2D_2010,OBS24,2D,33.442699,-120.859001,-3571.0,2010-08-22 10:00:00.000,2011-09-14 02:11:00.000000,BDH BH1 BH2 BHZ (50 Hz),50.0,pressure+seismometer,Differential Pressure Gauge OBSIP-SIO/ABALONES-4x4 | Nanometrics Trillium 40 Single Sided/ABALONES-4x4,EarthScope,fdsn,387
2D_2010,OBS25,2D,33.5233,-120.459702,-1093.0,2010-08-23 10:00:00.000,2011-09-14 05:25:00.000000,BDH BH1 BH2 BHZ (50 Hz),50.0,pressure+seismometer,Differential Pressure Gauge OBSIP-SIO/ABALONES-4x4 | Nanometrics Trillium 240 Single-Sided/ABALONES-4x4,EarthScope,fdsn,386
2D_2010,OBS26,2D,33.250301,-120.033096,-922.0,2010-08-24 00:00:00.000,2011-09-14 08:54:00.000000,BDH SH1 SH2 SHZ (50 Hz),50.0,pressure+seismometer,Differential Pressure Gauge OBSIP-SIO/ABALONES-4x4 | L28LB OBSIP-SIO Seismometer Differential/ABALONES-,EarthScope,fdsn,386
2D_2010,OBS27,2D,33.747501,-119.5923,-1894.0,2010-08-24 22:00:00.000,2011-09-14 16:05:00.000000,BDH SH1 SH2 SHZ (50 Hz),50.0,pressure+seismometer,Differential Pressure Gauge OBSIP-SIO/ABALONES-4x4 | L28LB OBSIP-SIO Seismometer Differential/ABALONES-,EarthScope,fdsn,385
2D_2010,OBS28,2D,33.543301,-119.4645,-1832.0,2010-08-26 10:00:00.000,2011-09-14 13:46:00.000000,BDH BH1 BH2 BHZ (50 Hz),50.0,pressure+seismometer,Differential Pressure Gauge OBSIP-SIO/ABALONES-4x4 | Nanometrics Trillium 240 Single-Sided/ABALONES-4x4,EarthScope,fdsn,384
2D_2010,OBS29,2D,33.877201,-119.270203,-819.0,2010-08-25 10:00:00.000,2011-09-14 18:29:00.000000,BDH SH1 SH2 SHZ (50 Hz),50.0,pressure+seismometer,Differential Pressure Gauge OBSIP-SIO/ABALONES-4x4 | L28LB OBSIP-SIO Seismometer Differential/ABALONES-,EarthScope,fdsn,385
2D_2010,OBS30,2D,33.716999,-118.872902,-901.0,2010-08-25 13:00:00.000,2011-09-14 21:12:00.000000,BDH SH1 SH2 SHZ (50 Hz),50.0,pressure+seismometer,Differential Pressure Gauge OBSIP-SIO/ABALONES-4x4 | L28LB OBSIP-SIO Seismometer Differential/ABALONES-,EarthScope,fdsn,385
2D_2010,OBS31,2D,33.550301,-118.417702,-896.0,2010-08-25 01:00:00.000,2011-09-15 00:10:00.000000,BDH SH1 SH2 SHZ (50 Hz),50.0,pressure+seismometer,Differential Pressure Gauge OBSIP-SIO/ABALONES-4x4 | L28LB OBSIP-SIO Seismometer Differential/ABALONES-,EarthScope,fdsn,385
2D_2010,OBS32,2D,33.2085,-118.480202,-1248.0,2010-08-26 21:00:00.000,2011-09-16 09:29:00.000000,BDH BH1 BH2 BHZ (50 Hz),50.0,pressure+seismometer,Differential Pressure Gauge OBSIP-SIO/ABALONES-4x4 | Nanometrics Trillium 240 Single-Sided/ABALONES-4x4,EarthScope,fdsn,385
2D_2010,OBS33,2D,33.1329,-118.151398,-1044.0,2010-08-26 15:00:00.000,2011-09-16 11:59:00.000000,BDH SH1 SH2 SHZ (50 Hz),50.0,pressure+seismometer,Differential Pressure Gauge OBSIP-SIO/ABALONES-4x4 | L28LB OBSIP-SIO Seismometer Differential/ABALONES-,EarthScope,fdsn,385
2D_2010,OBS34,2D,32.9347,-117.8181,-1025.0,2010-08-26 17:00:00.000,2011-09-16 14:50:00.000000,BDH BH1 BH2 BHZ SH1 SH2 SHZ (50 Hz),50.0,pressure+seismometer,Differential Pressure Gauge OBSIP-SIO/ABALONES-4x4 | L28LB OBSIP-SIO Seismometer Differential/ABALONES- | Mark Products L28/LCheapo 2000 4x4 Long Period,EarthScope,fdsn,385
2E_2012,SWE02,2E,-52.363,13.0742,-3288.0,2012-12-06 00:10:00.000,2013-11-26 11:03:00.000000,HDH HH1 HH2 HHZ (100 Hz),100.0,pressure+seismometer,"Guralp CMG-40T 60s seismometer, DEPAS pool [config: SN-T4K39_1] | Guralp CMG-40T 60s seismometer, DEPAS pool [config: SN-T4K39_2] | Guralp CMG-40T 60s seismometer, DEPAS pool [config: SN-T4K39_Z] | High Tech HTI-04-PLC/ULF hydrophone, 0.01 Hz - 8 kHz [config: SN-31206805_MCS_210M]",GEOFON,fdsn,355
2E_2012,SWE03,2E,-52.2418,13.3082,-2929.0,2012-12-05 22:27:00.000,2013-11-20 13:58:35.000000,HDH HH1 HH2 HHZ (100 Hz),100.0,pressure+seismometer,"Guralp CMG-40T 60s seismometer, DEPAS pool [config: SN-T4R93_1] | Guralp CMG-40T 60s seismometer, DEPAS pool [config: SN-T4R93_2] | Guralp CMG-40T 60s seismometer, DEPAS pool [config: SN-T4R93_Z] | High Tech HTI-04-PLC/ULF hydrophone, 0.01 Hz - 8 kHz [config: SN-312095_MCS_210M]",GEOFON,fdsn,349
2E_2012,SWE05,2E,-52.4972,13.0628,-4197.0,2012-12-06 01:20:00.000,2013-11-21 14:21:00.000000,HDH HH1 HH2 HHZ (100 Hz),100.0,pressure+seismometer,"Guralp CMG-40T 60s seismometer, DEPAS pool [config: SN-T4M26_1] | Guralp CMG-40T 60s seismometer, DEPAS pool [config: SN-T4M26_2] | Guralp CMG-40T 60s seismometer, DEPAS pool [config: SN-T4M26_Z] | High Tech HTI-04-PLC/ULF hydrophone, 0.01 Hz - 8 kHz [config: SN-312108_MCS_210M]",GEOFON,fdsn,350
2E_2012,SWE06,2E,-52.5607,13.3628,-3646.0,2012-12-05 19:30:00.000,2013-11-21 11:29:00.000000,HDH HH1 HH2 HHZ (100 Hz),100.0,pressure+seismometer,"Guralp CMG-40T 60s seismometer, DEPAS pool [config: SN-T4L95_1] | Guralp CMG-40T 60s seismometer, DEPAS pool [config: SN-T4L95_2] | Guralp CMG-40T 60s seismometer, DEPAS pool [config: SN-T4L95_Z] | High Tech HTI-04-PLC/ULF hydrophone, 0.01 Hz - 8 kHz [config: SN-312158_MCS_500M]",GEOFON,fdsn,350
2E_2012,SWE07,2E,-52.583,13.8418,-2653.0,2012-12-05 16:55:00.000,2013-11-21 07:52:00.000000,HDH HH1 HH2 HHZ (100 Hz),100.0,pressure+seismometer,"Guralp CMG-40T 60s seismometer, DEPAS pool [config: SN-T4L37_1] | Guralp CMG-40T 60s seismometer, DEPAS pool [config: SN-T4L37_2] | Guralp CMG-40T 60s seismometer, DEPAS pool [config: SN-T4L37_Z] | High Tech HTI-04-PLC/ULF hydrophone, 0.01 Hz - 8 kHz [config: SN-31206605_MCS_500M]",GEOFON,fdsn,350
2E_2012,SWE08,2E,-52.3128,13.5538,-3944.0,2012-12-05 14:54:00.000,2013-11-21 04:52:00.000000,HDH HH1 HH2 HHZ (100 Hz),100.0,pressure+seismometer,"Guralp CMG-40T 60s seismometer, DEPAS pool [config: SN-T4M29_1] | Guralp CMG-40T 60s seismometer, DEPAS pool [config: SN-T4M29_2] | Guralp CMG-40T 60s seismometer, DEPAS pool [config: SN-T4M29_Z] | High Tech HTI-04-PLC/ULF hydrophone, 0.01 Hz - 8 kHz [config: SN-31208005_MCS_500M]",GEOFON,fdsn,350
2E_2012,SWE09,2E,-52.3,13.7692,-3779.0,2012-12-05 13:20:00.000,2013-11-20 20:22:00.000000,HDH HH1 HH2 HHZ (100 Hz),100.0,pressure+seismometer,"Guralp CMG-40T 60s seismometer, DEPAS pool [config: SN-T4K92_1] | Guralp CMG-40T 60s seismometer, DEPAS pool [config: SN-T4K92_2] | Guralp CMG-40T 60s seismometer, DEPAS pool [config: SN-T4K92_Z] | High Tech HTI-04-PLC/ULF hydrophone, 0.01 Hz - 8 kHz [config: SN-312126_MCS_210M]",GEOFON,fdsn,350
2E_2012,SWE10,2E,-52.0283,13.6662,-3176.0,2012-12-05 09:58:00.000,2013-11-20 16:55:00.000000,HDH HH1 HH2 HHZ (100 Hz),100.0,pressure+seismometer,"Guralp CMG-40T 60s seismometer, DEPAS pool [config: SN-T4M50_1] | Guralp CMG-40T 60s seismometer, DEPAS pool [config: SN-T4M50_2] | Guralp CMG-40T 60s seismometer, DEPAS pool [config: SN-T4M50_Z] | High Tech HTI-04-PLC/ULF hydrophone, 0.01 Hz - 8 kHz [config: SN-312132_MCS_210M]",GEOFON,fdsn,350
2V_2016,ORK07,2V,54.7313,-11.4865,-2767.0,2016-01-16 16:20:00.000,2016-08-29 07:44:00.000000,HDH HH1 HH2 HHZ (100 Hz),100.0,pressure+seismometer,Guralp CMG-40T 60s - 50Hz | HighTech HTI-01/04-PCA/ULF 100s - 8kHz,GEOFON,fdsn,225
3A_2023,OBS1,3A,38.713397,-63.365934,-5014.7,2023-04-09 00:00:00.000,2023-06-16 23:59:59.000000,EDH EL1 EL2 ELZ (200 Hz); LDH LL1 LL2 LLZ (1 Hz); VPB (0.1 Hz),200.0,pressure+seismometer,Geospace GS-11D/Quanterra Q330 Linear Phase Compos | HTI-90-U Hydrophone;/Quanterra Q330 Linear Phase C | Quanterra Q330 Linear Phase Composite,EarthScope,fdsn,68
3A_2023,OBS2,3A,38.64385,-62.89055,-5045.7,2023-04-15 00:00:00.000,2023-06-19 23:59:59.000000,EDH EL1 EL2 ELZ (200 Hz); LDH LL1 LL2 LLZ (1 Hz); VPB (0.1 Hz),200.0,pressure+seismometer,Geospace GS-11D/Quanterra Q330 Linear Phase Compos | HTI-90-U Hydrophone;/Quanterra Q330 Linear Phase C | Quanterra Q330 Linear Phase Composite,EarthScope,fdsn,65
3A_2023,OBS3,3A,38.271333,-63.549367,-5030.7,2023-04-10 00:00:00.000,2023-06-16 23:59:59.000000,EDH EL1 EL2 ELZ (200 Hz); LDH LL1 LL2 LLZ (1 Hz); VPB (0.1 Hz),200.0,pressure+seismometer,Geospace GS-11D/Quanterra Q330 Linear Phase Compos | HTI-90-U Hydrophone;/Quanterra Q330 Linear Phase C | Quanterra Q330 Linear Phase Composite,EarthScope,fdsn,67
3B_2023,S01,3B,17.003934,-66.506722,-4680.0,2023-11-22 06:46:00.000,2023-11-29 13:45:59.993300,EDH EL1 EL2 ELZ (200 Hz),200.0,pressure+seismometer,HTI_90_U Hydrophone OBSIP-SIO/ABALONES | L28LB OBSIP-SIO Seismometer Differential/ABALONES,EarthScope,fdsn,7
3B_2023,S02,3B,17.07794,-66.50606,-4798.6,2023-11-22 00:00:00.000,2023-12-01 23:59:59.000000,EDH EL1 EL2 ELZ (200 Hz); LDH LL1 LL2 LLZ (1 Hz); VPB (0.1 Hz),200.0,pressure+seismometer,Geospace GS-11D/Quanterra Q330 Linear Phase Compos | HTI-90-U Hydrophone;/Quanterra Q330 Linear Phase C | Quanterra Q330 Linear Phase Composite,EarthScope,fdsn,9
3B_2023,S03,3B,17.151689,-66.505319,-5062.8,2023-11-22 00:00:00.000,2023-12-01 23:59:59.000000,EDH EL1 EL2 ELZ (200 Hz); LDH LL1 LL2 LLZ (1 Hz); VPB (0.1 Hz),200.0,pressure+seismometer,Geospace GS-11D/Quanterra Q330 Linear Phase Compos | HTI-90-U Hydrophone;/Quanterra Q330 Linear Phase C | Quanterra Q330 Linear Phase Composite,EarthScope,fdsn,9
3B_2023,S04,3B,17.22537,-66.504428,-5062.0,2023-11-22 10:25:00.000,2023-11-29 21:39:00.500000,EDH EL1 EL2 ELZ (200 Hz),200.0,pressure+seismometer,HTI_90_U Hydrophone OBSIP-SIO/ABALONES | L28LB OBSIP-SIO Seismometer Differential/ABALONES,EarthScope,fdsn,7
3B_2023,S05,3B,17.298353,-66.503339,-5067.0,2023-11-22 11:31:00.000,2023-11-30 00:13:59.997100,EDH EL1 EL2 ELZ (200 Hz),200.0,pressure+seismometer,HTI_90_U Hydrophone OBSIP-SIO/ABALONES | L28LB OBSIP-SIO Seismometer Differential/ABALONES,EarthScope,fdsn,7
3B_2023,S06,3B,17.372745,-66.502813,-4334.0,2023-11-22 12:18:00.000,2023-11-30 02:38:00.400000,EDH EL1 EL2 ELZ (200 Hz),200.0,pressure+seismometer,HTI_90_U Hydrophone OBSIP-SIO/ABALONES | L28LB OBSIP-SIO Seismometer Differential/ABALONES,EarthScope,fdsn,7
3B_2023,S07,3B,17.446501,-66.502125,-3891.0,2023-11-22 00:00:00.000,2023-12-01 23:59:59.000000,EDH EL1 EL2 ELZ (200 Hz); LDH LL1 LL2 LLZ (1 Hz); VPB (0.1 Hz),200.0,pressure+seismometer,Geospace GS-11D/Quanterra Q330 Linear Phase Compos | HTI-90-U Hydrophone;/Quanterra Q330 Linear Phase C | Quanterra Q330 Linear Phase Composite,EarthScope,fdsn,9
3B_2023,S08,3B,17.520355,-66.501368,-3667.7,2023-11-22 00:00:00.000,2023-12-01 23:59:59.000000,EDH EL1 EL2 ELZ (200 Hz); LDH LL1 LL2 LLZ (1 Hz); VPB (0.1 Hz),200.0,pressure+seismometer,Geospace GS-11D/Quanterra Q330 Linear Phase Compos | HTI-90-U Hydrophone;/Quanterra Q330 Linear Phase C | Quanterra Q330 Linear Phase Composite,EarthScope,fdsn,9
3B_2023,S10,3B,17.668243,-66.499668,-2695.0,2023-11-22 19:33:00.000,2023-11-30 10:50:59.986200,EDH EL1 EL2 ELZ (200 Hz),200.0,pressure+seismometer,HTI_90_U Hydrophone OBSIP-SIO/ABALONES | L28LB OBSIP-SIO Seismometer Differential/ABALONES,EarthScope,fdsn,7
3B_2023,S11,3B,17.741788,-66.499183,-1831.0,2023-11-22 20:21:00.000,2023-11-30 12:31:59.982300,EDH EL1 EL2 ELZ (200 Hz),200.0,pressure+seismometer,HTI_90_U Hydrophone OBSIP-SIO/ABALONES | L28LB OBSIP-SIO Seismometer Differential/ABALONES,EarthScope,fdsn,7
3B_2023,S12,3B,17.815457,-66.498325,-732.0,2023-11-22 21:11:00.000,2023-11-30 13:39:59.971000,EDH EL1 EL2 ELZ (200 Hz),200.0,pressure+seismometer,HTI_90_U Hydrophone OBSIP-SIO/ABALONES | L28LB OBSIP-SIO Seismometer Differential/ABALONES,EarthScope,fdsn,7
3B_2023,S13,3B,18.55846,-66.497298,-674.6,2023-11-23 00:00:00.000,2023-12-02 23:59:59.000000,EDH EL1 EL2 ELZ (200 Hz); LDH LL1 LL2 LLZ (1 Hz); VPB (0.1 Hz),200.0,pressure+seismometer,Geospace GS-11D/Quanterra Q330 Linear Phase Compos | HTI-90-U Hydrophone;/Quanterra Q330 Linear Phase C | Quanterra Q330 Linear Phase Composite,EarthScope,fdsn,9
3B_2023,S14,3B,18.603834,-66.497089,-1137.8,2023-11-23 00:00:00.000,2023-12-02 23:59:59.000000,EDH EL1 EL2 ELZ (200 Hz); LDH LL1 LL2 LLZ (1 Hz); VPB (0.1 Hz),200.0,pressure+seismometer,Geospace GS-11D/Quanterra Q330 Linear Phase Compos | HTI-90-U Hydrophone;/Quanterra Q330 Linear Phase C | Quanterra Q330 Linear Phase Composite,EarthScope,fdsn,9
3B_2023,S15,3B,18.648917,-66.496463,-1577.5,2023-11-23 00:00:00.000,2023-12-02 23:59:59.000000,EDH EL1 EL2 ELZ (200 Hz); LDH LL1 LL2 LLZ (1 Hz); VPB (0.1 Hz),200.0,pressure+seismometer,Geospace GS-11D/Quanterra Q330 Linear Phase Compos | HTI-90-U Hydrophone;/Quanterra Q330 Linear Phase C | Quanterra Q330 Linear Phase Composite,EarthScope,fdsn,9
3B_2023,S16,3B,18.693686,-66.494798,-1890.0,2023-11-23 16:27:00.000,2023-12-01 10:30:59.997800,EDH EL1 EL2 ELZ (200 Hz),200.0,pressure+seismometer,HTI_90_U Hydrophone OBSIP-SIO/ABALONES | L28LB OBSIP-SIO Seismometer Differential/ABALONES,EarthScope,fdsn,7
3B_2023,S17,3B,18.739393,-66.495313,-2136.0,2023-11-23 17:13:00.000,2023-12-01 12:12:59.966500,EDH EL1 EL2 ELZ (200 Hz),200.0,pressure+seismometer,HTI_90_U Hydrophone OBSIP-SIO/ABALONES | L28LB OBSIP-SIO Seismometer Differential/ABALONES,EarthScope,fdsn,7
3B_2023,S18,3B,18.78432,-66.495041,-2423.2,2023-11-23 00:00:00.000,2023-12-02 23:59:59.000000,EDH EL1 EL2 ELZ (200 Hz); LDH LL1 LL2 LLZ (1 Hz); VPB (0.1 Hz),200.0,pressure+seismometer,Geospace GS-11D/Quanterra Q330 Linear Phase Compos | HTI-90-U Hydrophone;/Quanterra Q330 Linear Phase C | Quanterra Q330 Linear Phase Composite,EarthScope,fdsn,9
3B_2023,S19,3B,18.829564,-66.494192,-3731.2,2023-11-23 00:00:00.000,2023-12-02 23:59:59.000000,EDH EL1 EL2 ELZ (200 Hz); LDH LL1 LL2 LLZ (1 Hz); VPB (0.1 Hz),200.0,pressure+seismometer,Geospace GS-11D/Quanterra Q330 Linear Phase Compos | HTI-90-U Hydrophone;/Quanterra Q330 Linear Phase C | Quanterra Q330 Linear Phase Composite,EarthScope,fdsn,9
3B_2023,S20,3B,18.875193,-66.494041,-4270.0,2023-11-23 19:45:00.000,2023-12-01 17:53:00.271000,EDH EL1 EL2 ELZ (200 Hz),200.0,pressure+seismometer,HTI_90_U Hydrophone OBSIP-SIO/ABALONES | L28LB OBSIP-SIO Seismometer Differential/ABALONES,EarthScope,fdsn,7
3B_2023,S21,3B,18.920058,-66.494041,-4925.0,2023-11-23 20:33:00.000,2023-12-01 20:17:59.988600,EDH EL1 EL2 ELZ (200 Hz),200.0,pressure+seismometer,HTI_90_U Hydrophone OBSIP-SIO/ABALONES | L28LB OBSIP-SIO Seismometer Differential/ABALONES,EarthScope,fdsn,7
3B_2023,S31,3B,20.564553,-66.475453,-5495.8,2023-11-24 00:00:00.000,2023-12-04 23:59:59.000000,EDH EL1 EL2 ELZ (200 Hz); LDH LL1 LL2 LLZ (1 Hz); VPB (0.1 Hz),200.0,pressure+seismometer,Geospace GS-11D/Quanterra Q330 Linear Phase Compos | HTI-90-U Hydrophone;/Quanterra Q330 Linear Phase C | Quanterra Q330 Linear Phase Composite,EarthScope,fdsn,10
3B_2023,S32,3B,20.6077,-66.475175,-5467.0,2023-11-24 00:00:00.000,2023-12-04 23:59:59.000000,EDH EL1 EL2 ELZ (200 Hz); LDH LL1 LL2 LLZ (1 Hz); VPB (0.1 Hz),200.0,pressure+seismometer,Geospace GS-11D/Quanterra Q330 Linear Phase Compos | HTI-90-U Hydrophone;/Quanterra Q330 Linear Phase C | Quanterra Q330 Linear Phase Composite,EarthScope,fdsn,10
3B_2023,S33,3B,20.651163,-66.474904,-5444.0,2023-11-24 12:21:00.000,2023-12-03 08:16:59.977400,EDH EL1 EL2 ELZ (200 Hz),200.0,pressure+seismometer,HTI_90_U Hydrophone OBSIP-SIO/ABALONES | L28LB OBSIP-SIO Seismometer Differential/ABALONES,EarthScope,fdsn,8
3B_2023,S34,3B,20.694738,-66.474232,-5410.7,2023-11-24 00:00:00.000,2023-12-04 23:59:59.000000,EDH EL1 EL2 ELZ (200 Hz); LDH LL1 LL2 LLZ (1 Hz); VPB (0.1 Hz),200.0,pressure+seismometer,Geospace GS-11D/Quanterra Q330 Linear Phase Compos | HTI-90-U Hydrophone;/Quanterra Q330 Linear Phase C | Quanterra Q330 Linear Phase Composite,EarthScope,fdsn,10
3B_2023,S35,3B,20.737703,-66.473818,-5417.4,2023-11-24 00:00:00.000,2023-12-04 23:59:59.000000,EDH EL1 EL2 ELZ (200 Hz); LDH LL1 LL2 LLZ (1 Hz); VPB (0.1 Hz),200.0,pressure+seismometer,Geospace GS-11D/Quanterra Q330 Linear Phase Compos | HTI-90-U Hydrophone;/Quanterra Q330 Linear Phase C | Quanterra Q330 Linear Phase Composite,EarthScope,fdsn,10
3B_2023,S36,3B,20.780924,-66.473268,-5294.0,2023-11-24 14:47:00.000,2023-12-03 14:46:59.995900,EDH EL1 EL2 ELZ (200 Hz),200.0,pressure+seismometer,HTI_90_U Hydrophone OBSIP-SIO/ABALONES | L28LB OBSIP-SIO Seismometer Differential/ABALONES,EarthScope,fdsn,8
3B_2023,S37,3B,20.824393,-66.472692,-5354.0,2023-11-24 15:33:00.000,2023-12-03 17:07:59.986000,EDH EL1 EL2 ELZ (200 Hz),200.0,pressure+seismometer,HTI_90_U Hydrophone OBSIP-SIO/ABALONES | L28LB OBSIP-SIO Seismometer Differential/ABALONES,EarthScope,fdsn,9
3B_2023,S38,3B,20.867739,-66.472202,-5249.1,2023-11-24 00:00:00.000,2023-12-04 23:59:59.000000,EDH EL1 EL2 ELZ (200 Hz); LDH LL1 LL2 LLZ (1 Hz); VPB (0.1 Hz),200.0,pressure+seismometer,Geospace GS-11D/Quanterra Q330 Linear Phase Compos | HTI-90-U Hydrophone;/Quanterra Q330 Linear Phase C | Quanterra Q330 Linear Phase Composite,EarthScope,fdsn,10
3B_2023,S39,3B,20.911235,-66.471508,-5205.4,2023-11-24 00:00:00.000,2023-12-04 23:59:59.000000,EDH EL1 EL2 ELZ (200 Hz); LDH LL1 LL2 LLZ (1 Hz); VPB (0.1 Hz),200.0,pressure+seismometer,Geospace GS-11D/Quanterra Q330 Linear Phase Compos | HTI-90-U Hydrophone;/Quanterra Q330 Linear Phase C | Quanterra Q330 Linear Phase Composite,EarthScope,fdsn,10
3B_2023,S40,3B,18.806924,-66.494692,-2599.3,2023-12-11 00:00:00.000,2023-12-15 23:59:59.000000,EDH EL1 EL2 ELZ (200 Hz); LDH LL1 LL2 LLZ (1 Hz); VPB (0.1 Hz),200.0,pressure+seismometer,Geospace GS-11D/Quanterra Q330 Linear Phase Compos | HTI-90-U Hydrophone;/Quanterra Q330 Linear Phase C | Quanterra Q330 Linear Phase Composite,EarthScope,fdsn,4
3B_2023,S41,3B,18.85216,-66.493378,-3896.9,2023-12-11 00:00:00.000,2023-12-15 23:59:59.000000,EDH EL1 EL2 ELZ (200 Hz); LDH LL1 LL2 LLZ (1 Hz); VPB (0.1 Hz),200.0,pressure+seismometer,Geospace GS-11D/Quanterra Q330 Linear Phase Compos | HTI-90-U Hydrophone;/Quanterra Q330 Linear Phase C | Quanterra Q330 Linear Phase Composite,EarthScope,fdsn,4
3B_2023,S42,3B,18.897229,-66.493477,-4651.9,2023-12-11 00:00:00.000,2023-12-15 23:59:59.000000,EDH EL1 EL2 ELZ (200 Hz); LDH LL1 LL2 LLZ (1 Hz); VPB (0.1 Hz),200.0,pressure+seismometer,Geospace GS-11D/Quanterra Q330 Linear Phase Compos | HTI-90-U Hydrophone;/Quanterra Q330 Linear Phase C | Quanterra Q330 Linear Phase Composite,EarthScope,fdsn,4
3B_2023,S50,3B,20.48292,-66.47658,-5460.8,2023-12-11 00:00:00.000,2023-12-14 23:59:59.000000,EDH EL1 EL2 ELZ (200 Hz); LDH LL1 LL2 LLZ (1 Hz); VPB (0.1 Hz),200.0,pressure+seismometer,Geospace GS-11D/Quanterra Q330 Linear Phase Compos | HTI-90-U Hydrophone;/Quanterra Q330 Linear Phase C | Quanterra Q330 Linear Phase Composite,EarthScope,fdsn,3
3B_2023,S51,3B,20.523869,-66.476083,-5475.4,2023-12-11 00:00:00.000,2023-12-14 23:59:59.000000,EDH EL1 EL2 ELZ (200 Hz); LDH LL1 LL2 LLZ (1 Hz); VPB (0.1 Hz),200.0,pressure+seismometer,Geospace GS-11D/Quanterra Q330 Linear Phase Compos | HTI-90-U Hydrophone;/Quanterra Q330 Linear Phase C | Quanterra Q330 Linear Phase Composite,EarthScope,fdsn,3
3B_2023,S69,3B,19.041221,-64.411385,-3684.0,2023-12-05 09:01:00.000,2023-12-10 19:12:59.993800,EDH EL1 EL2 ELZ (200 Hz),200.0,pressure+seismometer,HTI_90_U Hydrophone OBSIP-SIO/ABALONES | L28LB OBSIP-SIO Seismometer Differential/ABALONES,EarthScope,fdsn,5
3B_2023,S70,3B,19.103256,-64.392816,-4307.8,2023-12-05 00:00:00.000,2023-12-11 23:59:59.000000,EDH EL1 EL2 ELZ (200 Hz); LDH LL1 LL2 LLZ (1 Hz); VPB (0.1 Hz),200.0,pressure+seismometer,Geospace GS-11D/Quanterra Q330 Linear Phase Compos | HTI-90-U Hydrophone;/Quanterra Q330 Linear Phase C | Quanterra Q330 Linear Phase Composite,EarthScope,fdsn,6
3B_2023,S71,3B,19.165092,-64.374251,-5030.0,2023-12-05 07:42:00.000,2023-12-10 15:26:59.997400,EDH EL1 EL2 ELZ (200 Hz),200.0,pressure+seismometer,HTI_90_U Hydrophone OBSIP-SIO/ABALONES | L28LB OBSIP-SIO Seismometer Differential/ABALONES,EarthScope,fdsn,5
3B_2023,S72,3B,19.22738,-64.355465,-5256.6,2023-12-05 00:00:00.000,2023-12-11 23:59:59.000000,EDH EL1 EL2 ELZ (200 Hz); LDH LL1 LL2 LLZ (1 Hz); VPB (0.1 Hz),200.0,pressure+seismometer,Geospace GS-11D/Quanterra Q330 Linear Phase Compos | HTI-90-U Hydrophone;/Quanterra Q330 Linear Phase C | Quanterra Q330 Linear Phase Composite,EarthScope,fdsn,6
3B_2023,S73,3B,19.289361,-64.336762,-5265.0,2023-12-05 06:19:00.000,2023-12-10 10:54:59.986400,EDH EL1 EL2 ELZ (200 Hz),200.0,pressure+seismometer,HTI_90_U Hydrophone OBSIP-SIO/ABALONES | L28LB OBSIP-SIO Seismometer Differential/ABALONES,EarthScope,fdsn,5
3B_2023,S74,3B,19.345639,-64.319748,-5453.7,2023-12-05 00:00:00.000,2023-12-11 23:59:59.000000,EDH EL1 EL2 ELZ (200 Hz); LDH LL1 LL2 LLZ (1 Hz); VPB (0.1 Hz),200.0,pressure+seismometer,Geospace GS-11D/Quanterra Q330 Linear Phase Compos | HTI-90-U Hydrophone;/Quanterra Q330 Linear Phase C | Quanterra Q330 Linear Phase Composite,EarthScope,fdsn,6
3B_2023,S75,3B,19.406823,-64.301557,-5422.2,2023-12-05 00:00:00.000,2023-12-11 23:59:59.000000,EDH EL1 EL2 ELZ (200 Hz); LDH LL1 LL2 LLZ (1 Hz); VPB (0.1 Hz),200.0,pressure+seismometer,Geospace GS-11D/Quanterra Q330 Linear Phase Compos | HTI-90-U Hydrophone;/Quanterra Q330 Linear Phase C | Quanterra Q330 Linear Phase Composite,EarthScope,fdsn,6
3B_2023,S83,3B,20.136849,-64.080233,-5406.7,2023-12-04 00:00:00.000,2023-12-10 23:59:59.000000,EDH EL1 EL2 ELZ (200 Hz); LDH LL1 LL2 LLZ (1 Hz); VPB (0.1 Hz),200.0,pressure+seismometer,Geospace GS-11D/Quanterra Q330 Linear Phase Compos | HTI-90-U Hydrophone;/Quanterra Q330 Linear Phase C | Quanterra Q330 Linear Phase Composite,EarthScope,fdsn,6
3B_2023,S84,3B,20.193772,-64.062691,-5347.7,2023-12-04 00:00:00.000,2023-12-10 23:59:59.000000,EDH EL1 EL2 ELZ (200 Hz); LDH LL1 LL2 LLZ (1 Hz); VPB (0.1 Hz),200.0,pressure+seismometer,Geospace GS-11D/Quanterra Q330 Linear Phase Compos | HTI-90-U Hydrophone;/Quanterra Q330 Linear Phase C | Quanterra Q330 Linear Phase Composite,EarthScope,fdsn,6
3B_2023,S85,3B,20.250997,-64.045609,-5322.0,2023-12-04 19:26:00.000,2023-12-09 05:33:59.997600,EDH EL1 EL2 ELZ (200 Hz),200.0,pressure+seismometer,HTI_90_U Hydrophone OBSIP-SIO/ABALONES | L28LB OBSIP-SIO Seismometer Differential/ABALONES,EarthScope,fdsn,4
3B_2023,S86,3B,20.307317,-64.028206,-5399.9,2023-12-04 00:00:00.000,2023-12-10 23:59:59.000000,EDH EL1 EL2 ELZ (200 Hz); LDH LL1 LL2 LLZ (1 Hz); VPB (0.1 Hz),200.0,pressure+seismometer,Geospace GS-11D/Quanterra Q330 Linear Phase Compos | HTI-90-U Hydrophone;/Quanterra Q330 Linear Phase C | Quanterra Q330 Linear Phase Composite,EarthScope,fdsn,6
3B_2023,S88,3B,20.421426,-63.993265,-4984.8,2023-12-04 00:00:00.000,2023-12-09 23:59:59.000000,EDH EL1 EL2 ELZ (200 Hz); LDH LL1 LL2 LLZ (1 Hz); VPB (0.1 Hz),200.0,pressure+seismometer,Geospace GS-11D/Quanterra Q330 Linear Phase Compos | HTI-90-U Hydrophone;/Quanterra Q330 Linear Phase C | Quanterra Q330 Linear Phase Composite,EarthScope,fdsn,5
3B_2023,S89,3B,20.48668,-63.973226,-5263.0,2023-12-04 00:00:00.000,2023-12-09 23:59:59.000000,EDH EL1 EL2 ELZ (200 Hz); LDH LL1 LL2 LLZ (1 Hz); VPB (0.1 Hz),200.0,pressure+seismometer,Geospace GS-11D/Quanterra Q330 Linear Phase Compos | HTI-90-U Hydrophone;/Quanterra Q330 Linear Phase C | Quanterra Q330 Linear Phase Composite,EarthScope,fdsn,5
3B_2023,S90,3B,20.552203,-63.953728,-5278.0,2023-12-04 00:00:00.000,2023-12-09 23:59:59.000000,EDH EL1 EL2 ELZ (200 Hz); LDH LL1 LL2 LLZ (1 Hz); VPB (0.1 Hz),200.0,pressure+seismometer,Geospace GS-11D/Quanterra Q330 Linear Phase Compos | HTI-90-U Hydrophone;/Quanterra Q330 Linear Phase C | Quanterra Q330 Linear Phase Composite,EarthScope,fdsn,5
3B_2023,S91,3B,20.617477,-63.933514,-5148.4,2023-12-04 00:00:00.000,2023-12-09 23:59:59.000000,EDH EL1 EL2 ELZ (200 Hz); LDH LL1 LL2 LLZ (1 Hz); VPB (0.1 Hz),200.0,pressure+seismometer,Geospace GS-11D/Quanterra Q330 Linear Phase Compos | HTI-90-U Hydrophone;/Quanterra Q330 Linear Phase C | Quanterra Q330 Linear Phase Composite,EarthScope,fdsn,5
3B_2023,S92,3B,20.682637,-63.913707,-4986.0,2023-12-04 12:47:00.000,2023-12-08 12:12:59.993900,EDH EL1 EL2 ELZ (200 Hz),200.0,pressure+seismometer,HTI_90_U Hydrophone OBSIP-SIO/ABALONES | L28LB OBSIP-SIO Seismometer Differential/ABALONES,EarthScope,fdsn,3
3B_2023,S93,3B,20.748091,-63.89344,-5113.0,2023-12-04 11:52:00.000,2023-12-08 09:11:59.993500,EDH EL1 EL2 ELZ (200 Hz),200.0,pressure+seismometer,HTI_90_U Hydrophone OBSIP-SIO/ABALONES | L28LB OBSIP-SIO Seismometer Differential/ABALONES,EarthScope,fdsn,3
3H_2023,G01,3H,1.0132,-88.9369,-2352.0,2023-04-08 00:00:00.000,2024-06-24 23:59:59.000000,HDG HH1 HH2 HHZ (100 Hz); LDG LH1 LH2 LHZ (1 Hz); VPB (0.1 Hz),100.0,pressure+seismometer,Nanometrics trillium_compact_obs WHOI OBSIP/Quante | Quanterra Q8 Linear Phase Composite | SIO Differential Pressure Gauge/Quanterra Q8 Linea,EarthScope,fdsn,443
3H_2023,G02,3H,0.5157,-89.2889,-2369.0,2023-04-08 00:00:00.000,2024-06-27 23:59:59.000000,HDG HH1 HH2 HHZ (100 Hz); LDG LH1 LH2 LHZ (1 Hz); VPB (0.1 Hz),100.0,pressure+seismometer,Nanometrics trillium WHOI OBSIP SLAB/Quanterra Q33 | Quanterra Q330 Linear Phase Composite | SIO Differential Pressure Gauge/Quanterra Q330 Lin,EarthScope,fdsn,446
3H_2023,G03,3H,0.1747,-89.6013,-2205.0,2023-04-08 00:00:00.000,2024-06-24 23:59:59.000000,HDG HH1 HH2 HHZ (100 Hz); LDG LH1 LH2 LHZ (1 Hz); VPB (0.1 Hz),100.0,pressure+seismometer,Nanometrics trillium_compact_obs WHOI OBSIP/Quante | Quanterra Q330 Linear Phase Composite | SIO Differential Pressure Gauge/Quanterra Q330 Lin,EarthScope,fdsn,443
3H_2023,G04,3H,1.1931,-89.5193,-2260.0,2023-04-08 00:00:00.000,2024-06-24 23:59:59.000000,HDG HH1 HH2 HHZ (100 Hz); LDG LH1 LH2 LHZ (1 Hz); VPB (0.1 Hz),100.0,pressure+seismometer,Nanometrics trillium_240_obs WHOI OBSIC/Quanterra | Quanterra Q8 Linear Phase Composite | SIO Differential Pressure Gauge/Quanterra Q8 Linea,EarthScope,fdsn,443
3H_2023,G06,3H,2.0564,-90.6769,-2330.0,2023-04-09 00:00:00.000,2024-06-24 23:59:59.000000,HDG HH1 HH2 HHZ (100 Hz); LDG LH1 LH2 LHZ (1 Hz); VPB (0.1 Hz),100.0,pressure+seismometer,Nanometrics trillium_240_obs WHOI OBSIC/Quanterra | Quanterra Q8 Linear Phase Composite | SIO Differential Pressure Gauge/Quanterra Q8 Linea,EarthScope,fdsn,442
3H_2023,G07,3H,1.2915,-90.2716,-1642.0,2023-04-09 00:00:00.000,2024-06-24 23:59:59.000000,HDG HH1 HH2 HHZ (100 Hz); LDG LH1 LH2 LHZ (1 Hz); VPB (0.1 Hz),100.0,pressure+seismometer,Nanometrics trillium_compact_obs WHOI OBSIP/Quante | Quanterra Q330 Linear Phase Composite | SIO Differential Pressure Gauge/Quanterra Q330 Lin,EarthScope,fdsn,442
3H_2023,G08,3H,0.7564,-90.4024,-2134.0,2023-04-07 00:00:00.000,2024-06-24 23:59:59.000000,HDG HH1 HH2 HHZ (100 Hz); LDG LH1 LH2 LHZ (1 Hz); VPB (0.1 Hz),100.0,pressure+seismometer,Nanometrics trillium WHOI OBSIP SLAB/Quanterra Q33 | Quanterra Q330 Linear Phase Composite | SIO Differential Pressure Gauge/Quanterra Q330 Lin,EarthScope,fdsn,444
3H_2023,G09,3H,0.4995,-91.2001,-2716.0,2023-04-07 00:00:00.000,2024-06-21 23:59:59.000000,HDG HH1 HH2 HHZ (100 Hz); LDG LH1 LH2 LHZ (1 Hz); VPB (0.1 Hz),100.0,pressure+seismometer,Nanometrics trillium_240_obs WHOI OBSIC/Quanterra | Quanterra Q8 Linear Phase Composite | SIO Differential Pressure Gauge/Quanterra Q8 Linea,EarthScope,fdsn,441
3H_2023,G10,3H,1.1056,-91.383,-2092.0,2023-04-06 00:00:00.000,2024-06-23 23:59:59.000000,HDG HH1 HH2 HHZ (100 Hz); LDG LH1 LH2 LHZ (1 Hz); VPB (0.1 Hz),100.0,pressure+seismometer,Nanometrics trillium_compact_obs WHOI OBSIP/Quante | Quanterra Q330 Linear Phase Composite | SIO Differential Pressure Gauge/Quanterra Q330 Lin,EarthScope,fdsn,444
3H_2023,G11,3H,1.4694,-91.0228,-2137.0,2023-04-06 00:00:00.000,2024-06-24 23:59:59.000000,HDG HH1 HH2 HHZ (100 Hz); LDG LH1 LH2 LHZ (1 Hz); VPB (0.1 Hz),100.0,pressure+seismometer,Nanometrics trillium WHOI OBSIP SLAB/Quanterra Q33 | Quanterra Q330 Linear Phase Composite | SIO Differential Pressure Gauge/Quanterra Q330 Lin,EarthScope,fdsn,445
3H_2023,G13,3H,1.596,-91.808,-2313.0,2023-04-06 00:00:00.000,2024-06-23 23:59:59.000000,HDG HH1 HH2 HHZ (100 Hz); LDG LH1 LH2 LHZ (1 Hz); VPB (0.1 Hz),100.0,pressure+seismometer,Nanometrics trillium WHOI OBSIP SLAB/Quanterra Q33 | Quanterra Q330 Linear Phase Composite | SIO Differential Pressure Gauge/Quanterra Q330 Lin,EarthScope,fdsn,444
3H_2023,G14,3H,1.8038,-92.6189,-2489.0,2023-04-04 00:00:00.000,2024-06-24 23:59:59.000000,HDG HH1 HH2 HHZ (100 Hz); LDG LH1 LH2 LHZ (1 Hz); VPB (0.1 Hz),100.0,pressure+seismometer,Nanometrics trillium_compact_obs WHOI OBSIP/Quante | Quanterra Q330 Linear Phase Composite | SIO Differential Pressure Gauge/Quanterra Q330 Lin,EarthScope,fdsn,447
3H_2023,G15,3H,2.5843,-92.2501,-2389.0,2023-04-05 00:00:00.000,2024-06-27 23:59:59.000000,HDG HH1 HH2 HHZ (100 Hz); LDG LH1 LH2 LHZ (1 Hz); VPB (0.1 Hz),100.0,pressure+seismometer,Nanometrics trillium WHOI OBSIP SLAB/Quanterra Q33 | Quanterra Q330 Linear Phase Composite | SIO Differential Pressure Gauge/Quanterra Q330 Lin,EarthScope,fdsn,449
3H_2023,G16,3H,2.7949,-93.3285,-2668.0,2023-04-05 00:00:00.000,2024-06-27 23:59:59.000000,HDG HH1 HH2 HHZ (100 Hz); LDG LH1 LH2 LHZ (1 Hz); VPB (0.1 Hz),100.0,pressure+seismometer,Nanometrics trillium_compact_obs WHOI OBSIP/Quante | Quanterra Q330 Linear Phase Composite | SIO Differential Pressure Gauge/Quanterra Q330 Lin,EarthScope,fdsn,449
3H_2023,G17,3H,2.0987,-93.2777,-2586.0,2023-04-05 00:00:00.000,2024-06-28 23:59:59.000000,HDG HH1 HH2 HHZ (100 Hz); LDG LH1 LH2 LHZ (1 Hz); VPB (0.1 Hz),100.0,pressure+seismometer,Nanometrics trillium WHOI OBSIP SLAB/Quanterra Q33 | Quanterra Q330 Linear Phase Composite | SIO Differential Pressure Gauge/Quanterra Q330 Lin,EarthScope,fdsn,450
3H_2023,G18,3H,1.5202,-93.2519,-2716.0,2023-04-04 00:00:00.000,2024-06-28 23:59:59.000000,HDG HH1 HH2 HHZ (100 Hz); LDG LH1 LH2 LHZ (1 Hz); VPB (0.1 Hz),100.0,pressure+seismometer,Nanometrics trillium WHOI OBSIP SLAB/Quanterra Q33 | Quanterra Q330 Linear Phase Composite | SIO Differential Pressure Gauge/Quanterra Q330 Lin,EarthScope,fdsn,451
3H_2023,G19,3H,1.4682,-94.0306,-3055.0,2023-04-03 00:00:00.000,2024-06-28 23:59:59.000000,HDG HH1 HH2 HHZ (100 Hz); LDG LH1 LH2 LHZ (1 Hz); VPB (0.1 Hz),100.0,pressure+seismometer,Nanometrics trillium_compact_obs WHOI OBSIP/Quante | Quanterra Q330 Linear Phase Composite | SIO Differential Pressure Gauge/Quanterra Q330 Lin,EarthScope,fdsn,452
3H_2023,G20,3H,0.8205,-93.4794,-2939.0,2023-04-03 00:00:00.000,2024-06-20 23:59:59.000000,HDG HH1 HH2 HHZ (100 Hz); LDG LH1 LH2 LHZ (1 Hz); VPB (0.1 Hz),100.0,pressure+seismometer,Nanometrics trillium WHOI OBSIP SLAB/Quanterra Q33 | Quanterra Q330 Linear Phase Composite | SIO Differential Pressure Gauge/Quanterra Q330 Lin,EarthScope,fdsn,444
3H_2023,G21,3H,0.7071,-92.6766,-2980.0,2023-04-04 00:00:00.000,2024-06-20 23:59:59.000000,HDG HH1 HH2 HHZ (100 Hz); LDG LH1 LH2 LHZ (1 Hz); VPB (0.1 Hz),100.0,pressure+seismometer,Nanometrics trillium_compact_obs WHOI OBSIP/Quante | Quanterra Q330 Linear Phase Composite | SIO Differential Pressure Gauge/Quanterra Q330 Lin,EarthScope,fdsn,443
3H_2023,G22,3H,1.2568,-92.5439,-2355.0,2023-04-04 00:00:00.000,2024-06-23 23:59:59.000000,HDG HH1 HH2 HHZ (100 Hz); LDG LH1 LH2 LHZ (1 Hz); VPB (0.1 Hz),100.0,pressure+seismometer,Nanometrics trillium WHOI OBSIP SLAB/Quanterra Q33 | Quanterra Q330 Linear Phase Composite | SIO Differential Pressure Gauge/Quanterra Q330 Lin,EarthScope,fdsn,446
3H_2023,G23,3H,0.9001,-92.0216,-2414.0,2023-04-06 00:00:00.000,2024-06-22 23:59:59.000000,HDG HH1 HH2 HHZ (100 Hz); LDG LH1 LH2 LHZ (1 Hz); VPB (0.1 Hz),100.0,pressure+seismometer,Nanometrics trillium WHOI OBSIP SLAB/Quanterra Q33 | Quanterra Q330 Linear Phase Composite | SIO Differential Pressure Gauge/Quanterra Q330 Lin,EarthScope,fdsn,443
3H_2023,G24,3H,0.3636,-91.7568,-2876.0,2023-04-07 00:00:00.000,2024-06-21 23:59:59.000000,HDG HH1 HH2 HHZ (100 Hz); LDG LH1 LH2 LHZ (1 Hz); VPB (0.1 Hz),100.0,pressure+seismometer,Nanometrics trillium_compact_obs WHOI OBSIP/Quante | Quanterra Q8 Linear Phase Composite | SIO Differential Pressure Gauge/Quanterra Q8 Linea,EarthScope,fdsn,441
3H_2023,G25,3H,0.2167,-92.1838,-2845.0,2023-03-27 00:00:00.000,2024-06-22 23:59:59.000000,HDG HH1 HH2 HHZ (100 Hz); LDG LH1 LH2 LHZ (1 Hz); VPB (0.1 Hz),100.0,pressure+seismometer,Nanometrics trillium WHOI OBSIP SLAB/Quanterra Q33 | Quanterra Q330 Linear Phase Composite | SIO Differential Pressure Gauge/Quanterra Q330 Lin,EarthScope,fdsn,453
3H_2023,G26,3H,0.0857,-92.6597,-2945.0,2023-03-28 00:00:00.000,2024-06-22 23:59:59.000000,HDG HH1 HH2 HHZ (100 Hz); LDG LH1 LH2 LHZ (1 Hz); VPB (0.1 Hz),100.0,pressure+seismometer,Nanometrics trillium WHOI OBSIP SLAB/Quanterra Q33 | Quanterra Q330 Linear Phase Composite | SIO Differential Pressure Gauge/Quanterra Q330 Lin,EarthScope,fdsn,452
3H_2023,G27,3H,-0.183,-93.4209,-3114.0,2023-03-28 00:00:00.000,2024-06-20 23:59:59.000000,HDG HH1 HH2 HHZ (100 Hz); LDG LH1 LH2 LHZ (1 Hz); VPB (0.1 Hz),100.0,pressure+seismometer,Nanometrics trillium_240_obs WHOI OBSIC/Quanterra | Quanterra Q8 Linear Phase Composite | SIO Differential Pressure Gauge/Quanterra Q8 Linea,EarthScope,fdsn,450
3H_2023,G28,3H,0.2231,-93.9307,-3199.0,2023-03-30 00:00:00.000,2024-06-20 23:59:59.000000,HDG HH1 HH2 HHZ (100 Hz); LDG LH1 LH2 LHZ (1 Hz); VPB (0.1 Hz),100.0,pressure+seismometer,Nanometrics trillium_compact_obs WHOI OBSIP/Quante | Quanterra Q330 Linear Phase Composite | SIO Differential Pressure Gauge/Quanterra Q330 Lin,EarthScope,fdsn,448
3H_2023,G30,3H,1.2999,-94.808,-3250.0,2023-04-02 00:00:00.000,2024-06-28 23:59:59.000000,HDG HH1 HH2 HHZ (100 Hz); LDG LH1 LH2 LHZ (1 Hz); VPB (0.1 Hz),100.0,pressure+seismometer,Nanometrics trillium_240_obs WHOI OBSIC/Quanterra | Quanterra Q8 Linear Phase Composite | SIO Differential Pressure Gauge/Quanterra Q8 Linea,EarthScope,fdsn,453
3H_2023,G31,3H,2.0998,-94.866,-2746.0,2023-04-02 00:00:00.000,2024-07-01 23:59:59.000000,HDG HH1 HH2 HHZ (100 Hz); LDG LH1 LH2 LHZ (1 Hz); VPB (0.1 Hz),100.0,pressure+seismometer,Nanometrics trillium WHOI OBSIP SLAB/Quanterra Q33 | Quanterra Q330 Linear Phase Composite | SIO Differential Pressure Gauge/Quanterra Q330 Lin,EarthScope,fdsn,456
3H_2023,G32,3H,2.0958,-94.1394,-2821.0,2023-04-03 00:00:00.000,2024-07-01 23:59:59.000000,HDG HH1 HH2 HHZ (100 Hz); LDG LH1 LH2 LHZ (1 Hz); VPB (0.1 Hz),100.0,pressure+seismometer,Nanometrics trillium WHOI OBSIP SLAB/Quanterra Q33 | Quanterra Q330 Linear Phase Composite | SIO Differential Pressure Gauge/Quanterra Q330 Lin,EarthScope,fdsn,455
3H_2023,G33,3H,2.8879,-94.4777,-2628.0,2023-04-02 00:00:00.000,2024-06-27 23:59:59.000000,HDG HH1 HH2 HHZ (100 Hz); LDG LH1 LH2 LHZ (1 Hz); VPB (0.1 Hz),100.0,pressure+seismometer,Nanometrics trillium_240_obs WHOI OBSIC/Quanterra | Quanterra Q8 Linear Phase Composite | SIO Differential Pressure Gauge/Quanterra Q8 Linea,EarthScope,fdsn,452
3H_2023,G39,3H,-0.9632,-95.7405,-3336.0,2023-03-31 00:00:00.000,2024-06-18 23:59:59.000000,HDG HH1 HH2 HHZ (100 Hz); LDG LH1 LH2 LHZ (1 Hz); VPB (0.1 Hz),100.0,pressure+seismometer,Nanometrics trillium_240_obs WHOI OBSIC/Quanterra | Quanterra Q8 Linear Phase Composite | SIO Differential Pressure Gauge/Quanterra Q8 Linea,EarthScope,fdsn,445
3H_2023,G40,3H,-0.6857,-95.0473,-3381.0,2023-03-31 00:00:00.000,2024-06-20 23:59:59.000000,HDG HH1 HH2 HHZ (100 Hz); LDG LH1 LH2 LHZ (1 Hz); VPB (0.1 Hz),100.0,pressure+seismometer,Nanometrics trillium_compact_obs WHOI OBSIP/Quante | Quanterra Q330 Linear Phase Composite | SIO Differential Pressure Gauge/Quanterra Q330 Lin,EarthScope,fdsn,447
3H_2023,G41,3H,0.0968,-95.0055,-3342.0,2023-03-30 00:00:00.000,2024-07-01 23:59:59.000000,HDG HH1 HH2 HHZ (100 Hz); LDG LH1 LH2 LHZ (1 Hz); VPB (0.1 Hz),100.0,pressure+seismometer,Nanometrics trillium WHOI OBSIP SLAB/Quanterra Q33 | Quanterra Q330 Linear Phase Composite | SIO Differential Pressure Gauge/Quanterra Q330 Lin,EarthScope,fdsn,459
3H_2023,G42,3H,-0.4653,-94.1213,-3390.0,2023-04-04 00:00:00.000,2024-07-03 23:59:59.000000,HDG HH1 HH2 HHZ (100 Hz); LDG LH1 LH2 LHZ (1 Hz); VPB (0.1 Hz),100.0,pressure+seismometer,Nanometrics trillium_compact_obs WHOI OBSIP/Quante | Quanterra Q330 Linear Phase Composite | SIO Differential Pressure Gauge/Quanterra Q330 Lin,EarthScope,fdsn,456
3H_2023,G43,3H,-1.2543,-94.4167,-3351.0,2023-03-29 00:00:00.000,2024-06-19 23:59:59.000000,HDG HH1 HH2 HHZ (100 Hz); LDG LH1 LH2 LHZ (1 Hz); VPB (0.1 Hz),100.0,pressure+seismometer,Nanometrics trillium WHOI OBSIP SLAB/Quanterra Q33 | Quanterra Q330 Linear Phase Composite | SIO Differential Pressure Gauge/Quanterra Q330 Lin,EarthScope,fdsn,448
3H_2023,G44,3H,-1.8313,-93.8518,-3410.0,2023-03-29 00:00:00.000,2024-06-20 23:59:59.000000,HDG HH1 HH2 HHZ (100 Hz); LDG LH1 LH2 LHZ (1 Hz); VPB (0.1 Hz),100.0,pressure+seismometer,Nanometrics trillium_compact_obs WHOI OBSIP/Quante | Quanterra Q330 Linear Phase Composite | SIO Differential Pressure Gauge/Quanterra Q330 Lin,EarthScope,fdsn,449
3H_2023,G45,3H,-1.0878,-93.6678,-3401.0,2023-03-29 00:00:00.000,2024-07-03 23:59:59.000000,HDG HH1 HH2 HHZ (100 Hz); LDG LH1 LH2 LHZ (1 Hz); VPB (0.1 Hz),100.0,pressure+seismometer,Nanometrics trillium WHOI OBSIP SLAB/Quanterra Q33 | Quanterra Q330 Linear Phase Composite | SIO Differential Pressure Gauge/Quanterra Q330 Lin,EarthScope,fdsn,462
3H_2023,G47,3H,-0.6645,-92.2008,-3218.0,2023-03-27 00:00:00.000,2024-07-03 23:59:59.000000,HDG HH1 HH2 HHZ (100 Hz); LDG LH1 LH2 LHZ (1 Hz); VPB (0.1 Hz),100.0,pressure+seismometer,Nanometrics trillium WHOI OBSIP SLAB/Quanterra Q33 | Quanterra Q330 Linear Phase Composite | SIO Differential Pressure Gauge/Quanterra Q330 Lin,EarthScope,fdsn,464
3H_2023,G48,3H,-1.3364,-91.8914,-3306.0,2023-03-27 00:00:00.000,2024-07-04 23:59:59.000000,HDG HH1 HH2 HHZ (100 Hz); LDG LH1 LH2 LHZ (1 Hz); VPB (0.1 Hz),100.0,pressure+seismometer,Nanometrics trillium WHOI OBSIP SLAB/Quanterra Q33 | Quanterra Q330 Linear Phase Composite | SIO Differential Pressure Gauge/Quanterra Q330 Lin,EarthScope,fdsn,465
3H_2023,G49,3H,-1.4457,-92.908,-3413.0,2023-03-26 00:00:00.000,2024-07-03 23:59:59.000000,HDG HH1 HH2 HHZ (100 Hz); LDG LH1 LH2 LHZ (1 Hz); VPB (0.1 Hz),100.0,pressure+seismometer,Nanometrics trillium WHOI OBSIP SLAB/Quanterra Q33 | Quanterra Q330 Linear Phase Composite | SIO Differential Pressure Gauge/Quanterra Q330 Lin,EarthScope,fdsn,465
3H_2023,G50,3H,-2.2971,-93.1627,-3500.0,2023-03-26 00:00:00.000,2024-06-17 23:59:59.000000,HDG HH1 HH2 HHZ (100 Hz); LDG LH1 LH2 LHZ (1 Hz); VPB (0.1 Hz),100.0,pressure+seismometer,Nanometrics trillium_240_obs WHOI OBSIC/Quanterra | Quanterra Q8 Linear Phase Composite | SIO Differential Pressure Gauge/Quanterra Q8 Linea,EarthScope,fdsn,449
3H_2023,G51,3H,-1.91,-92.417,-3356.0,2023-03-26 00:00:00.000,2024-06-16 23:59:59.000000,HDG HH1 HH2 HHZ (100 Hz); LDG LH1 LH2 LHZ (1 Hz); VPB (0.1 Hz),100.0,pressure+seismometer,Nanometrics trillium_compact_obs WHOI OBSIP/Quante | Quanterra Q330 Linear Phase Composite | SIO Differential Pressure Gauge/Quanterra Q330 Lin,EarthScope,fdsn,448
3H_2023,G52,3H,-2.3945,-91.89,-3431.0,2023-03-25 00:00:00.000,2024-06-18 23:59:59.000000,HDG HH1 HH2 HHZ (100 Hz); LDG LH1 LH2 LHZ (1 Hz); VPB (0.1 Hz),100.0,pressure+seismometer,Nanometrics trillium WHOI OBSIP SLAB/Quanterra Q33 | Quanterra Q330 Linear Phase Composite | SIO Differential Pressure Gauge/Quanterra Q330 Lin,EarthScope,fdsn,451
3H_2023,G53,3H,-1.95,-91.361,-3137.0,2023-03-25 00:00:00.000,2024-06-19 23:59:59.000000,HDG HH1 HH2 HHZ (100 Hz); LDG LH1 LH2 LHZ (1 Hz); VPB (0.1 Hz),100.0,pressure+seismometer,Nanometrics trillium WHOI OBSIP SLAB/Quanterra Q33 | Quanterra Q330 Linear Phase Composite | SIO Differential Pressure Gauge/Quanterra Q330 Lin,EarthScope,fdsn,452
3H_2023,G54,3H,-2.4119,-90.812,-3110.0,2023-03-25 00:00:00.000,2024-06-16 23:59:59.000000,HDG HH1 HH2 HHZ (100 Hz); LDG LH1 LH2 LHZ (1 Hz); VPB (0.1 Hz),100.0,pressure+seismometer,Nanometrics trillium_240_obs WHOI OBSIC/Quanterra | Quanterra Q8 Linear Phase Composite | SIO Differential Pressure Gauge/Quanterra Q8 Linea,EarthScope,fdsn,449
3H_2023,G56,3H,-2.4299,-89.0249,-3161.0,2023-03-23 00:00:00.000,2024-06-15 23:59:59.000000,HDG HH1 HH2 HHZ (100 Hz); LDG LH1 LH2 LHZ (1 Hz); VPB (0.1 Hz),100.0,pressure+seismometer,Nanometrics trillium_240_obs WHOI OBSIC/Quanterra | Quanterra Q8 Linear Phase Composite | SIO Differential Pressure Gauge/Quanterra Q8 Linea,EarthScope,fdsn,450
3H_2023,G57,3H,-1.9576,-89.4941,-3129.0,2023-03-24 00:00:00.000,2024-06-16 23:59:59.000000,HDG HH1 HH2 HHZ (100 Hz); LDG LH1 LH2 LHZ (1 Hz); VPB (0.1 Hz),100.0,pressure+seismometer,Nanometrics trillium_compact_obs WHOI OBSIP/Quante | Quanterra Q330 Linear Phase Composite | SIO Differential Pressure Gauge/Quanterra Q330 Lin,EarthScope,fdsn,450
3H_2023,G58,3H,-1.9414,-90.3423,-3147.0,2023-03-24 00:00:00.000,2024-07-04 23:59:59.000000,HDG HH1 HH2 HHZ (100 Hz); LDG LH1 LH2 LHZ (1 Hz); VPB (0.1 Hz),100.0,pressure+seismometer,Nanometrics trillium WHOI OBSIP SLAB/Quanterra Q33 | Quanterra Q330 Linear Phase Composite | SIO Differential Pressure Gauge/Quanterra Q330 Lin,EarthScope,fdsn,468
3H_2023,G59,3H,-1.4702,-90.9698,-3606.0,2023-03-24 00:00:00.000,2024-07-03 23:59:59.000000,HDG HH1 HH2 HHZ (100 Hz); LDG LH1 LH2 LHZ (1 Hz); VPB (0.1 Hz),100.0,pressure+seismometer,Nanometrics trillium_compact_obs WHOI OBSIP/Quante | Quanterra Q330 Linear Phase Composite | SIO Differential Pressure Gauge/Quanterra Q330 Lin,EarthScope,fdsn,467
3J_2011,D01,3J,38.36485,-18.3749,-4888.0,2011-06-30 11:36:00.000,2012-04-23 15:06:00.000000,HDH HH1 HH2 HHZ (100 Hz),100.0,pressure+seismometer,CMG-40T | HTI-04PCA,GEOFON,fdsn,298
3J_2011,D02,3J,38.30933,-18.29168,-4453.0,2011-06-30 12:12:00.000,2012-04-23 12:51:00.000000,HDH HH1 HH2 HHZ (100 Hz),100.0,pressure+seismometer,CMG-40T | HTI-04PCA,GEOFON,fdsn,298
3J_2011,D03,3J,38.3099,-18.45837,-4420.0,2011-06-30 12:42:00.000,2012-04-23 11:04:00.000000,HDH HH1 HH2 HHZ (100 Hz),100.0,pressure+seismometer,CMG-40T | HTI-01PCA,GEOFON,fdsn,297
3J_2011,D04,3J,38.45495,-18.3959,-5018.0,2011-06-29 09:24:00.000,2012-04-23 17:24:00.000000,HDH HH1 HH2 HHZ (100 Hz),100.0,pressure+seismometer,CMG-40T | HTI-01PCA,GEOFON,fdsn,299
3J_2011,D05,3J,38.17517,-18.14993,-4700.0,2011-06-29 11:34:00.000,2012-04-21 12:33:00.000000,HDH HH1 HH2 HHZ (100 Hz),100.0,pressure+seismometer,CMG-40T | HTI-04PCA,GEOFON,fdsn,297
3J_2011,D06,3J,38.54985,-18.16673,-5283.0,2011-06-29 12:57:00.000,2012-04-21 19:33:00.000000,HDH HH1 HH2 HHZ (100 Hz),100.0,pressure+seismometer,CMG-40T | HTI-04PCA,GEOFON,fdsn,297
3J_2011,D07,3J,38.55133,-18.5495,-5036.0,2011-06-29 09:58:00.000,2012-04-22 11:11:00.000000,HDH HH1 HH2 HHZ (100 Hz),100.0,pressure+seismometer,CMG-40T | HTI-01PCA,GEOFON,fdsn,298
3J_2011,D08,3J,38.18512,-18.6666,-4814.0,2011-06-30 13:52:00.000,2012-04-23 07:55:00.000000,HDH HH1 HH2 HHZ (100 Hz),100.0,pressure+seismometer,CMG-40T | HTI-04PCA,GEOFON,fdsn,297
3J_2011,D09,3J,38.03018,-18.37538,-4860.0,2011-06-30 14:23:00.000,2012-04-21 09:56:00.000000,HDH HH1 HH2 HHZ (100 Hz),100.0,pressure+seismometer,CMG-40T | HTI-04PCA,GEOFON,fdsn,295
3J_2011,D10,3J,38.36763,-18.77677,-4973.0,2011-06-30 13:25:00.000,2012-04-22 13:47:00.000000,HDH HH1 HH2 HHZ (100 Hz),100.0,pressure+seismometer,CMG-40T | HTI-01PCA,GEOFON,fdsn,297
3J_2011,D11,3J,38.6702,-18.34738,-5215.0,2011-06-29 12:15:00.000,2012-04-22 07:24:00.000000,HDH HH1 HH2 HHZ (100 Hz),100.0,pressure+seismometer,CMG-40T | HTI-01PCA,GEOFON,fdsn,297
3J_2011,D12,3J,38.37497,-17.94013,-4892.0,2011-06-29 13:25:00.000,2012-04-21 16:09:00.000000,HDH HH1 HH2 HHZ (100 Hz),100.0,pressure+seismometer,CMG-40T | HTI-04PCA,GEOFON,fdsn,297
3S_2018,OBS01,3S,-17.3283333,-174.6091667,-2917.0,2018-12-14 20:22:00.000,2019-01-20 19:48:00.000000,CDH CH1 CH2 CHZ (250 Hz),250.0,pressure+seismometer,HTI-04-PCA/ULF with GEOLOG (nominal) [config: GEOLOG_generic] | [config: GEOLOG],GEOFON,fdsn,36
3S_2018,OBS02,3S,-17.2703,-174.54405,-2955.0,2018-12-14 01:29:00.000,2019-01-21 01:15:00.000000,CDH CH1 CH2 CHZ (250 Hz),250.0,pressure+seismometer,HTI-04-PCA/ULF with GEOLOG (nominal) [config: GEOLOG_generic] | [config: GEOLOG],GEOFON,fdsn,37
3S_2018,OBS03,3S,-17.3298833,-174.50415,-2519.0,2018-12-14 04:37:00.000,2019-01-21 06:58:00.000000,CDH CH1 CH2 CHZ (250 Hz),250.0,pressure+seismometer,HTI-04-PCA/ULF with GEOLOG (nominal) [config: GEOLOG_generic] | [config: GEOLOG],GEOFON,fdsn,38
3S_2018,OBS04,3S,-17.3817667,-174.6116667,-2891.0,2018-12-13 20:53:00.000,2019-01-20 20:40:00.000000,CDH CH1 CH2 CHZ (250 Hz),250.0,pressure+seismometer,HTI-04-PCA/ULF with GEOLOG (nominal) [config: GEOLOG_generic] | [config: GEOLOG],GEOFON,fdsn,37
3S_2018,OBS05,3S,-17.3845167,-174.5397167,-2835.0,2018-12-14 00:44:00.000,2019-01-21 03:54:00.000000,CDH CH1 CH2 CHZ (250 Hz),250.0,pressure+seismometer,HTI-04-PCA/ULF with GEOLOG (nominal) [config: GEOLOG_generic] | [config: GEOLOG],GEOFON,fdsn,38
4E_2010,MARS,4E,36.712898,-122.187202,-890.0,2010-04-03 00:00:00.000,2011-10-26 23:59:59.000000,HHE HHN HHZ (200 Hz); VPB (0.1 Hz),200.0,seismometer,Guralp CMG40T/Quanterra 330 Linear Phase Composite | Quanterra 330 Linear Phase Composite,EarthScope,fdsn,571
4G_2007,AZBBA,4G,37.4827,-29.0074,-1743.0,2007-07-26 18:00:00.000,2008-08-15 09:52:25.000000,BDH BH1 BH2 BHZ (62.5 Hz),62.5,pressure+seismometer,"Differential Pressure Gauge [config: generic] | Trillium T240 seismometer, negative shorted to ground [config: serial numbers 1-399]",EPOSFR,fdsn,385
4G_2007,LSV5A,4G,37.2673,-32.2959,-1833.0,2007-07-20 21:00:00.000,2007-07-23 19:10:03.000000,BDH BH1 BH2 BHZ (62.5 Hz),62.5,pressure+seismometer,"Differential Pressure Gauge [config: generic] | Trillium T240 seismometer, negative shorted to ground [config: serial numbers 1-399]",EPOSFR,fdsn,2
4G_2007,LSV6A,4G,37.2851,-32.2902,-1624.0,2007-07-21 15:00:00.000,2007-07-24 18:40:48.000000,BDH BH1 BH2 BHZ (62.5 Hz),62.5,pressure+seismometer,"Differential Pressure Gauge [config: generic] | Trillium T240 seismometer, negative shorted to ground [config: serial numbers 1-399]",EPOSFR,fdsn,3
4G_2007,LSVCA,4G,37.2909,-32.2891,-1657.0,2007-07-22 15:00:00.000,2008-08-10 18:06:35.000000,BDH SH1 SH2 SH3 (62.5 Hz),62.5,pressure+seismometer,"HiTech HTI-90-U hydrophone with integrated preamp, serial number 220xxx, 0.05-2500 Hz | Sercel L-28LB 4.5 Hz 3C geophone, 395 ohm coil and 2490 ohm shunt",EPOSFR,fdsn,385
4G_2007,LSVCB,4G,37.2918,-32.288,-1776.0,2008-08-10 22:00:00.000,2009-09-02 16:15:00.000000,BDH SH1 SH2 SH3 (62.5 Hz),62.5,pressure+seismometer,"HiTech HTI-90-U hydrophone with integrated preamp, serial number 220xxx, 0.05-2500 Hz | Sercel L-28LB 4.5 Hz 3C geophone, 395 ohm coil and 2490 ohm shunt",EPOSFR,fdsn,387
4G_2007,LSVCC,4G,37.2913,-32.2893,-1775.0,2009-09-03 12:00:00.000,2010-10-09 10:58:51.000000,BDH SH1 SH2 SH3 (62.5 Hz),62.5,pressure+seismometer,"HiTech HTI-90-U hydrophone with integrated preamp, serial number 220xxx, 0.05-2500 Hz | Sercel L-28LB 4.5 Hz 3C geophone, 395 ohm coil and 2490 ohm shunt",EPOSFR,fdsn,400
4G_2007,LSVEA,4G,37.277,-32.2323,-2033.0,2007-07-22 15:00:00.000,2008-08-10 13:11:13.000000,BDH SH1 SH2 SH3 (62.5 Hz),62.5,pressure+seismometer,"HiTech HTI-90-U hydrophone with integrated preamp, serial number 220xxx, 0.05-2500 Hz | Sercel L-28LB 4.5 Hz 3C geophone, 395 ohm coil and 2490 ohm shunt",EPOSFR,fdsn,384
4G_2007,LSVEB,4G,37.2827,-32.241,-2097.0,2008-08-10 22:00:00.000,2009-09-02 17:40:12.000000,BDH SH1 SH2 SH3 (62.5 Hz),62.5,pressure+seismometer,"HiTech HTI-90-U hydrophone with integrated preamp, serial number 220xxx, 0.05-2500 Hz | Sercel L-28LB 4.5 Hz 3C geophone, 395 ohm coil and 2490 ohm shunt",EPOSFR,fdsn,387
4G_2007,LSVEC,4G,37.2807,-32.2417,-1985.0,2009-09-03 12:00:00.000,2010-10-12 15:00:10.000000,BDH SH1 SH2 SH3 (62.5 Hz),62.5,pressure+seismometer,"HiTech HTI-90-U hydrophone with integrated preamp, serial number 220xxx, 0.05-2500 Hz | Sercel L-28LB 4.5 Hz 3C geophone, 395 ohm coil and 2490 ohm shunt",EPOSFR,fdsn,404
4G_2007,LSVNA,4G,37.3284,-32.2651,-2043.0,2007-07-22 15:00:00.000,2008-08-11 10:36:32.000000,BDH SH1 SH2 SH3 (62.5 Hz),62.5,pressure+seismometer,"HiTech HTI-90-U hydrophone with integrated preamp, serial number 220xxx, 0.05-2500 Hz | Sercel L-28LB 4.5 Hz 3C geophone, 395 ohm coil and 2490 ohm shunt",EPOSFR,fdsn,385
4G_2007,LSVNB,4G,37.3217,-32.2777,-1859.0,2008-08-11 01:00:00.000,2009-09-02 10:52:45.000000,BDH SH1 SH2 SH3 (62.5 Hz),62.5,pressure+seismometer,"HiTech HTI-90-U hydrophone with integrated preamp, serial number 220xxx, 0.05-2500 Hz | Sercel L-28LB 4.5 Hz 3C geophone, 395 ohm coil and 2490 ohm shunt",EPOSFR,fdsn,387
4G_2007,LSVNC,4G,37.3202,-32.2783,-1817.0,2009-09-03 12:00:00.000,2010-10-09 11:25:11.000000,BDH SH1 SH2 SH3 (62.5 Hz),62.5,pressure+seismometer,"HiTech HTI-90-U hydrophone with integrated preamp, serial number 220xxx, 0.05-2500 Hz | Sercel L-28LB 4.5 Hz 3C geophone, 395 ohm coil and 2490 ohm shunt",EPOSFR,fdsn,400
4G_2007,LSVSA,4G,37.2563,-32.3014,-1949.0,2007-07-25 12:00:00.000,2008-08-11 21:25:30.000000,BDH BH1 BH2 BHZ (62.5 Hz),62.5,pressure+seismometer,"Differential Pressure Gauge [config: generic] | Trillium T240 seismometer, negative shorted to ground [config: serial numbers 1-399]",EPOSFR,fdsn,383
4G_2007,LSVSB,4G,37.2606,-32.2975,-1939.0,2008-08-12 18:00:00.000,2009-09-02 22:30:37.000000,BDH BH1 BH2 BHZ (62.5 Hz),62.5,pressure+seismometer,"Differential Pressure Gauge [config: generic] | Trillium T240 seismometer, negative shorted to ground [config: serial numbers 1-399]",EPOSFR,fdsn,386
4G_2007,LSVSC,4G,37.2602,-32.2981,-1924.0,2009-09-03 12:00:00.000,2010-10-12 17:15:58.000000,BDH BH1 BH2 BHZ (62.5 Hz),62.5,pressure+seismometer,"Differential Pressure Gauge [config: generic] | Trillium T240 seismometer, negative shorted to ground [config: serial numbers 1-399]",EPOSFR,fdsn,404
4G_2007,LSVWA,4G,37.3048,-32.3337,-2074.0,2007-07-22 15:00:00.000,2008-08-12 17:25:56.000000,BDH SH1 SH2 SH3 (62.5 Hz),62.5,pressure+seismometer,"HiTech HTI-90-U hydrophone with integrated preamp, serial number 220xxx, 0.05-2500 Hz | Sercel L-28LB 4.5 Hz 3C geophone, 395 ohm coil and 2490 ohm shunt",EPOSFR,fdsn,387
4G_2007,LSVWB,4G,37.2985,-32.3237,-2099.0,2008-08-13 12:00:00.000,2009-09-02 13:24:07.000000,BDH SH1 SH2 SH3 (62.5 Hz),62.5,pressure+seismometer,"HiTech HTI-90-U hydrophone with integrated preamp, serial number 220xxx, 0.05-2500 Hz | Sercel L-28LB 4.5 Hz 3C geophone, 395 ohm coil and 2490 ohm shunt",EPOSFR,fdsn,385
4G_2007,LSVWC,4G,37.2975,-32.3249,-2045.0,2009-09-03 12:00:00.000,2010-05-17 16:02:27.000000,BDH SH1 SH2 SH3 (62.5 Hz),62.5,pressure+seismometer,"HiTech HTI-90-U hydrophone with integrated preamp, serial number 220xxx, 0.05-2500 Hz | Sercel L-28LB 4.5 Hz 3C geophone, 395 ohm coil and 2490 ohm shunt",EPOSFR,fdsn,256
4L_2014,BS01,4L,63.78344,-22.01142,-106.0,2014-05-26 00:00:00.000,2015-08-23 00:00:00.000000,HLE HLN HLZ (100 Hz),100.0,seismometer,GFZ:4L2014:SM-6/g=28,GEOFON,fdsn,454
4L_2014,BS02,4L,63.78321,-22.22867,-100.0,2014-08-23 00:00:00.000,2015-07-18 00:00:00.000000,HLE HLN HLZ (100 Hz),100.0,seismometer,GFZ:4L2014:SM-6/g=28,GEOFON,fdsn,329
4L_2014,BS03,4L,63.77156,-22.47474,-111.0,2014-08-23 00:00:00.000,2015-08-24 00:00:00.000000,HLE HLN HLZ (100 Hz),100.0,seismometer,GFZ:4L2014:SM-6/g=28,GEOFON,fdsn,366
4L_2014,BS04,4L,63.75381,-22.7006,-137.0,2014-08-23 00:00:00.000,2015-08-24 00:00:00.000000,HLE HLN HLZ (100 Hz),100.0,seismometer,GFZ:4L2014:SM-6/g=28,GEOFON,fdsn,366
4L_2014,BS05,4L,63.77284,-22.84096,-79.0,2014-08-31 00:00:00.000,2015-08-21 00:00:00.000000,HLE HLN HLZ (100 Hz),100.0,seismometer,GFZ:4L2014:SM-6/g=28,GEOFON,fdsn,355
4L_2014,BS06,4L,63.90564,-22.85942,-91.0,2014-08-22 00:00:00.000,2015-08-29 00:00:00.000000,HLE HLN HLZ (100 Hz),100.0,seismometer,GFZ:4L2014:SM-6/g=28,GEOFON,fdsn,372
4L_2014,BS07,4L,63.976133,-22.88025,-81.0,2014-08-20 00:00:00.000,2014-12-09 00:00:00.000000,HLE HLN HLZ (100 Hz),100.0,seismometer,GFZ:4L2014:SM-6/g=28,GEOFON,fdsn,111
4L_2014,BS08,4L,64.0982,-22.4029,-36.0,2014-08-20 00:00:00.000,2015-06-11 00:00:00.000000,HLE HLN HLZ (100 Hz),100.0,seismometer,GFZ:4L2014:SM-6/g=28,GEOFON,fdsn,295
4L_2014,BS10,4L,64.04705,-23.09651,-54.7,2014-08-21 00:00:00.000,2015-03-04 00:00:00.000000,HLE HLN HLZ (100 Hz),100.0,seismometer,GFZ:4L2014:SM-6/g=28,GEOFON,fdsn,195
4L_2014,BS11,4L,63.915,-23.091,-119.0,2014-08-22 00:00:00.000,2015-05-05 00:00:00.000000,HLE HLN HLZ (100 Hz),100.0,seismometer,GFZ:4L2014:SM-6/g=28,GEOFON,fdsn,256
4L_2014,BS12,4L,63.77653,-23.25142,-155.0,2014-08-21 00:00:00.000,2015-04-09 00:00:00.000000,HLE HLN HLZ (100 Hz),100.0,seismometer,GFZ:4L2014:SM-6/g=28,GEOFON,fdsn,231
4L_2014,BS14,4L,63.62276,-22.86604,-174.0,2014-08-24 00:00:00.000,2015-06-15 00:00:00.000000,HLE HLN HLZ (100 Hz),100.0,seismometer,GFZ:4L2014:SM-6/g=28,GEOFON,fdsn,295
4L_2014,BS15,4L,63.61422,-22.6184,-151.0,2014-08-23 00:00:00.000,2015-06-30 00:00:00.000000,HLE HLN HLZ (100 Hz),100.0,seismometer,GFZ:4L2014:SM-6/g=28,GEOFON,fdsn,311
4L_2014,BS16,4L,63.68114,-22.39437,-146.0,2014-08-23 00:00:00.000,2015-07-05 00:00:00.000000,HLE HLN HLZ (100 Hz),100.0,seismometer,GFZ:4L2014:SM-6/g=28,GEOFON,fdsn,316
4L_2014,BS17,4L,63.59102,-22.19684,-178.0,2014-08-23 00:00:00.000,2015-07-27 00:00:00.000000,HLE HLN HLZ (100 Hz),100.0,seismometer,GFZ:4L2014:SM-6/g=28,GEOFON,fdsn,338
4L_2014,BS18,4L,63.48008,-22.57946,-235.0,2014-08-22 00:00:00.000,2015-02-02 00:00:00.000000,HLE HLN HLZ (100 Hz),100.0,seismometer,GFZ:4L2014:SM-6/g=28,GEOFON,fdsn,164
4L_2014,BS19,4L,63.61303,-23.07999,-169.0,2014-08-22 00:00:00.000,2015-07-05 00:00:00.000000,HLE HLN HLZ (100 Hz),100.0,seismometer,GFZ:4L2014:SM-6/g=28,GEOFON,fdsn,317
4L_2014,BS20,4L,63.68719,-23.31253,-109.0,2014-08-21 00:00:00.000,2015-08-29 00:00:00.000000,HLE HLN HLZ (100 Hz),100.0,seismometer,GFZ:4L2014:SM-6/g=28,GEOFON,fdsn,373
4L_2014,BS21,4L,64.01889,-23.6863,-140.0,2014-08-21 00:00:00.000,2015-03-14 00:00:00.000000,HLE HLN HLZ (100 Hz),100.0,seismometer,GFZ:4L2014:SM-6/g=28,GEOFON,fdsn,205
4L_2014,BS22,4L,63.82679,-23.80373,-152.0,2014-08-21 00:00:00.000,2015-06-23 00:00:00.000000,HLE HLN HLZ (100 Hz),100.0,seismometer,GFZ:4L2014:SM-6/g=28,GEOFON,fdsn,306
4L_2014,BS23,4L,63.50439,-22.98352,-195.0,2014-08-22 00:00:00.000,2015-07-13 00:00:00.000000,HLE HLN HLZ (100 Hz),100.0,seismometer,GFZ:4L2014:SM-6/g=28,GEOFON,fdsn,325
4N_2017,CNP04,4N,-15.479385,118.771692,-4050.0,2017-09-08 23:00:54.000,2018-05-13 08:26:07.990000,HDH HH1 HH2 HHZ (100 Hz),100.0,pressure+seismometer,Guralp CMG-6T 60s (BB) | High Tech Inc. HTI-94-SSQ 2-30kHz,AusPass,fdsn,246
4N_2017,CNP07,4N,-15.908652,119.08104,-2266.0,2017-09-09 22:22:09.000,2018-05-13 02:18:15.990000,HDH HH1 HH2 HHZ (100 Hz),100.0,pressure+seismometer,Guralp CMG-6T 60s (BB) | High Tech Inc. HTI-94-SSQ 2-30kHz,AusPass,fdsn,245
4N_2017,CNP09,4N,-16.196122,119.284812,-1508.0,2017-09-10 01:18:02.000,2018-05-13 01:13:42.990000,HDH HH1 HH2 HHZ (100 Hz),100.0,pressure+seismometer,Guralp CMG-6T 60s (BB) | High Tech Inc. HTI-94-SSQ 2-30kHz,AusPass,fdsn,244
4N_2017,CNP11,4N,-16.481552,119.48762,-774.0,2017-09-10 05:16:35.000,2018-05-13 06:21:06.990000,HDH HH1 HH2 HHZ (100 Hz),100.0,pressure+seismometer,Guralp CMG-6T 60s (BB) | High Tech Inc. HTI-94-SSQ 2-30kHz,AusPass,fdsn,245
4N_2017,CNP13,4N,-16.770303,119.693962,-487.0,2017-09-10 22:10:01.000,2018-03-05 08:59:59.990000,HDH HH1 HH2 HHZ (100 Hz),100.0,pressure+seismometer,Guralp CMG-6T 60s (BB) | High Tech Inc. HTI-94-SSQ 2-30kHz,AusPass,fdsn,175
4N_2017,CNP15,4N,-17.106927,119.818668,-378.0,2017-09-10 23:44:18.000,2018-06-18 09:47:07.990000,HDH HH1 HH2 HHZ (100 Hz),100.0,pressure+seismometer,Guralp CMG-6T 60s (BB) | High Tech Inc. HTI-94-SSQ 2-30kHz,AusPass,fdsn,280
4N_2017,CNP17,4N,-17.454923,119.950742,-264.0,2017-09-11 03:00:21.000,2018-05-13 06:21:53.990000,HDH HH1 HH2 HHZ (100 Hz),100.0,pressure+seismometer,Guralp CMG-6T 60s (BB) | High Tech Inc. HTI-94-SSQ 2-30kHz,AusPass,fdsn,244
4N_2017,CNP21,4N,-18.084148,120.401883,-90.0,2017-09-11 21:32:07.000,2018-05-13 02:55:38.990000,HDH HH1 HH2 HHZ (100 Hz),100.0,pressure+seismometer,Guralp CMG-6T 60s (BB) | High Tech Inc. HTI-94-SSQ 2-30kHz,AusPass,fdsn,243
4U_2022,SJO01,4U,38.57836,-28.20208,-1240.0,2022-08-26 12:43:00.000,2023-01-30 12:46:00.000000,CDH CH1 CH2 CHZ (250 Hz),250.0,pressure+seismometer,"HTI-96-Min (Hydrophone), 2-30,000 Hz, 0.36 V/Pa-Q3 | L-28LB, 4.5 Hz, 27 V/m/s, Rc=630 Ohms, Rs=6097 Ohm",EarthScope,fdsn,157
4U_2022,SJO02,4U,38.62054,-27.60883,-1360.0,2022-08-26 21:22:00.000,2023-01-30 09:33:00.000000,CDH CH1 CH2 CHZ (250 Hz),250.0,pressure+seismometer,"HTI-96-Min (Hydrophone), 2-30,000 Hz, 0.36 V/Pa-Q3 | L-28LB, 4.5 Hz, 27 V/m/s, Rc=630 Ohms, Rs=6097 Ohm",EarthScope,fdsn,156
4U_2022,SJO03,4U,38.71709,-28.49212,-1242.0,2022-08-26 14:40:00.000,2023-01-29 11:33:00.000000,CDH CH1 CH2 CHZ (250 Hz),250.0,pressure+seismometer,"HTI-96-Min (Hydrophone), 2-30,000 Hz, 0.36 V/Pa-Q3 | L-28LB, 4.5 Hz, 27 V/m/s, Rc=630 Ohms, Rs=6097 Ohm",EarthScope,fdsn,155
4U_2022,SJO04,4U,38.81016,-28.22112,-1155.0,2022-08-26 17:56:00.000,2023-01-29 14:05:00.000000,CDH CH1 CH2 CHZ (250 Hz),250.0,pressure+seismometer,"HTI-96-Min (Hydrophone), 2-30,000 Hz, 0.36 V/Pa-Q3 | L-28LB, 4.5 Hz, 27 V/m/s, Rc=630 Ohms, Rs=6097 Ohm",EarthScope,fdsn,155
4U_2022,SJO05,4U,38.72282,-27.88871,-1155.0,2022-08-26 19:56:00.000,2023-01-29 18:16:00.000000,CDH CH1 CH2 CHZ (250 Hz),250.0,pressure+seismometer,"HTI-96-Min (Hydrophone), 2-30,000 Hz, 0.36 V/Pa-Q3 | L-28LB, 4.5 Hz, 27 V/m/s, Rc=630 Ohms, Rs=6097 Ohm",EarthScope,fdsn,155
4U_2022,SJO06,4U,38.79423,-28.09776,-1126.0,2022-08-26 18:49:00.000,2023-01-29 16:17:00.000000,CDH CH1 CH2 CHZ (250 Hz),250.0,pressure+seismometer,"HTI-96-Min (Hydrophone), 2-30,000 Hz, 0.36 V/Pa-Q3 | L-28LB, 4.5 Hz, 27 V/m/s, Rc=630 Ohms, Rs=6097 Ohm",EarthScope,fdsn,155
5F_2018,OBIN1,5F,79.0993,1.3888,-2616.0,2018-07-19 00:00:00.000,2019-12-31 00:00:00.000000,HDH HH1 HH2 HHZ (100 Hz),100.0,pressure+seismometer,,UIB-NORSAR,fdsn,530
5F_2018,OBIN2,5F,78.0893,5.526,-2615.0,2018-07-19 00:00:00.000,2019-12-31 00:00:00.000000,HDH HH1 HH2 HHZ (100 Hz),100.0,pressure+seismometer,,UIB-NORSAR,fdsn,530
5F_2018,OBIN3,5F,76.8812,3.3266,-3147.0,2018-07-19 00:00:00.000,2019-12-31 00:00:00.000000,HDH HH1 HH2 (100 Hz),100.0,pressure+seismometer,,UIB-NORSAR,fdsn,530
5W_2023,SMSO2,5W,78.98886,11.59232,-307.0,2023-10-17 00:00:00.000,2024-08-29 00:00:00.000000,HH1 HH2 HHD HHZ (100 Hz),100.0,seismometer,,UIB-NORSAR,fdsn,317
5W_2023,SMSO3,5W,78.98696,11.64012,-283.0,2023-10-17 00:00:00.000,2024-08-29 00:00:00.000000,HH1 HH2 HHD HHZ (100 Hz),100.0,seismometer,,UIB-NORSAR,fdsn,317
6A_2010,WPO01,6A,-21.5988,11.6562,-2111.0,2011-01-03 00:00:00.000,2011-12-06 00:00:00.000000,HDH HH1 HH2 HHZ (100 Hz),100.0,pressure+seismometer,GFZ:6A2010:CMG-40T/60/g=2000 | GFZ:6A2010:HTI-01/g=2000,GEOFON,fdsn,337
6A_2010,WPO02,6A,-20.7347,11.214,-1789.0,2011-01-03 00:00:00.000,2011-11-29 00:00:00.000000,HDH HH1 HH2 HHZ (100 Hz),100.0,pressure+seismometer,GFZ:6A2010:CMG-40T/60/g=2000 | GFZ:6A2010:HTI-01/g=2000,GEOFON,fdsn,330
6A_2010,WPO03,6A,-19.8895,10.7935,-1257.0,2011-01-03 00:00:00.000,2012-01-08 00:00:00.000000,HDH HH1 HH2 HHZ (100 Hz),100.0,pressure+seismometer,GFZ:6A2010:CMG-40T/60/g=2000 | GFZ:6A2010:HTI-01/g=2000,GEOFON,fdsn,370
6A_2010,WPO04,6A,-18.8785,10.2985,-3680.0,2011-01-03 00:00:00.000,2011-12-26 00:00:00.000000,HDH HH1 HH2 HHZ (100 Hz),100.0,pressure+seismometer,GFZ:6A2010:CMG-40T/60/g=2000 | GFZ:6A2010:HTI-01/g=2000,GEOFON,fdsn,357
6A_2010,WPO05,6A,-17.7497,9.899,-4090.0,2011-01-04 00:00:00.000,2012-01-12 00:00:00.000000,HDH HH1 HH2 HHZ (100 Hz),100.0,pressure+seismometer,GFZ:6A2010:CMG-40T/60/g=2000 | GFZ:6A2010:HTI-01/g=2000,GEOFON,fdsn,373
6A_2010,WPO06,6A,-18.0997,10.9997,-2389.0,2011-01-04 00:00:00.000,2012-01-02 00:00:00.000000,HDH HH1 HH2 HHZ (100 Hz),100.0,pressure+seismometer,GFZ:6A2010:CMG-40T/60/g=2000 | GFZ:6A2010:HTI-01/g=2000,GEOFON,fdsn,363
6A_2010,WPO07,6A,-19.922,9.7697,-2030.0,2011-01-06 00:00:00.000,2011-12-09 00:00:00.000000,HDH HH1 HH2 HHZ (100 Hz),100.0,pressure+seismometer,GFZ:6A2010:CMG-40T/60/g=2000 | GFZ:6A2010:HTI-01/g=2000,GEOFON,fdsn,337
6A_2010,WPO08,6A,-20.3905,8.5582,-2043.0,2011-01-06 00:00:00.000,2011-12-31 00:00:00.000000,HDH HH1 HH2 HHZ (100 Hz),100.0,pressure+seismometer,GFZ:6A2010:CMG-40T/60/g=2000 | GFZ:6A2010:HTI-01/g=2000,GEOFON,fdsn,359
6A_2010,WPO09,6A,-21.7995,9.0005,-4117.0,2011-01-06 00:00:00.000,2011-12-30 00:00:00.000000,HDH HH1 HH2 HHZ (100 Hz),100.0,pressure+seismometer,GFZ:6A2010:CMG-40T/60/g=2000 | GFZ:6A2010:HTI-01/g=2000,GEOFON,fdsn,358
6A_2010,WPO10,6A,-21.31,10.2297,-3512.0,2011-01-06 00:00:00.000,2011-12-12 00:00:00.000000,HDH HH1 HH2 HHZ (100 Hz),100.0,pressure+seismometer,GFZ:6A2010:CMG-40T/60/g=2000 | GFZ:6A2010:HTI-01/g=2000,GEOFON,fdsn,340
6A_2010,WPO11,6A,-18.78,9.39,-4549.0,2011-01-07 00:00:00.000,2012-01-12 00:00:00.000000,HDH HH1 HH2 HHZ (100 Hz),100.0,pressure+seismometer,GFZ:6A2010:CMG-40T/60/g=2000 | GFZ:6A2010:HTI-01/g=2000,GEOFON,fdsn,370
6A_2010,WPO12,6A,-19.0,8.0,-5034.0,2011-01-07 00:00:00.000,2011-12-26 00:00:00.000000,HDH HH1 HH2 HHZ (100 Hz),100.0,pressure+seismometer,GFZ:6A2010:CMG-40T/60/g=2000 | GFZ:6A2010:HTI-01/g=2000,GEOFON,fdsn,353
7A_2010,W01,7A,48.0797,-126.342499,-1697.0,2010-07-13 00:00:00.000,2011-06-24 23:59:59.000000,BH1 BH2 BHZ BN1 BN2 BNZ (50 Hz); BDH (40 Hz); LDH LDI LH1 LH2 LHZ LN1 LN2 LNZ (1 Hz); VPB (0.1 Hz),50.0,accelerometer+pressure+seismometer,Episensor 200 Hz 5 Volt per g/Quanterra Q330 Linea | Guralp CMG3T_120sec WHOI OBSIP/Quanterra Q330 Line | QEP - Q330 Environmental Processor | Quanterra Q330 Linear Phase Composite | SIO Differential Pressure Gauge/QEP - Q330 Environ,EarthScope,fdsn,346
7A_2010,W02,7A,48.2593,-126.496803,-2133.0,2010-07-13 00:00:00.000,2011-06-25 23:59:59.000000,BH1 BH2 BHZ BN1 BN2 BNZ (50 Hz); BDH (40 Hz); LDH LDI LH1 LH2 LHZ LN1 LN2 LNZ (1 Hz); VPB (0.1 Hz),50.0,accelerometer+pressure+seismometer,Episensor 200 Hz 5 Volt per g/Quanterra Q330 Linea | Guralp CMG3T_120sec WHOI OBSIP/Quanterra Q330 Line | QEP - Q330 Environmental Processor | Quanterra Q330 Linear Phase Composite | SIO Differential Pressure Gauge/QEP - Q330 Environ,EarthScope,fdsn,347
7A_2010,W03,7A,48.387501,-126.728699,-2489.0,2010-07-14 00:00:00.000,2011-06-26 23:59:59.000000,BH1 BH2 BHZ BN1 BN2 BNZ (50 Hz); BDH (40 Hz); LDH LDI LH1 LH2 LHZ LN1 LN2 LNZ (1 Hz); VPB (0.1 Hz),50.0,accelerometer+pressure+seismometer,Episensor 200 Hz 5 Volt per g/Quanterra Q330 Linea | Guralp CMG3T_120sec WHOI OBSIP/Quanterra Q330 Line | QEP - Q330 Environmental Processor | Quanterra Q330 Linear Phase Composite | SIO Differential Pressure Gauge/QEP - Q330 Environ,EarthScope,fdsn,347
7A_2010,W04,7A,48.5317,-126.8908,-2319.0,2010-07-14 00:00:00.000,2011-06-27 23:59:59.000000,BH1 BH2 BHZ BN1 BN2 BNZ (50 Hz); BDH (40 Hz); LDH LDI LH1 LH2 LHZ LN1 LN2 LNZ (1 Hz); VPB (0.1 Hz),50.0,accelerometer+pressure+seismometer,Episensor 200 Hz 5 Volt per g/Quanterra Q330 Linea | Guralp CMG3T_120sec WHOI OBSIP/Quanterra Q330 Line | QEP - Q330 Environmental Processor | Quanterra Q330 Linear Phase Composite | SIO Differential Pressure Gauge/QEP - Q330 Environ,EarthScope,fdsn,348
7A_2010,W05,7A,48.6675,-127.013397,-2011.0,2010-07-14 00:00:00.000,2011-06-27 23:59:59.000000,BH1 BH2 BHZ BN1 BN2 BNZ (50 Hz); BDH (40 Hz); LDH LDI LH1 LH2 LHZ LN1 LN2 LNZ (1 Hz); VPB (0.1 Hz),50.0,accelerometer+pressure+seismometer,Episensor 200 Hz 5 Volt per g/Quanterra Q330 Linea | Guralp CMG3T_120sec WHOI OBSIP/Quanterra Q330 Line | QEP - Q330 Environmental Processor | Quanterra Q330 Linear Phase Composite | SIO Differential Pressure Gauge/QEP - Q330 Environ,EarthScope,fdsn,348
7A_2010,W06,7A,48.182701,-126.064697,-1001.0,2010-07-15 00:00:00.000,2011-06-25 23:59:59.000000,BH1 BH2 BHZ BN1 BN2 BNZ (50 Hz); BDH (40 Hz); LDH LDI LH1 LH2 LHZ LN1 LN2 LNZ (1 Hz); VPB (0.1 Hz),50.0,accelerometer+pressure+seismometer,Episensor 200 Hz 5 Volt per g/Quanterra Q330 Linea | Guralp CMG3T_120sec WHOI OBSIP/Quanterra Q330 Line | QEP - Q330 Environmental Processor | Quanterra Q330 Linear Phase Composite | SIO Differential Pressure Gauge/QEP - Q330 Environ,EarthScope,fdsn,345
7A_2010,W07,7A,48.374699,-126.282204,-1152.0,2010-07-15 00:00:00.000,2011-06-25 23:59:59.000000,BH1 BH2 BHZ BN1 BN2 BNZ (50 Hz); BDH (40 Hz); LDH LDI LH1 LH2 LHZ LN1 LN2 LNZ (1 Hz); VPB (0.1 Hz),50.0,accelerometer+pressure+seismometer,Episensor 200 Hz 5 Volt per g/Quanterra Q330 Linea | Guralp CMG3T_120sec WHOI OBSIP/Quanterra Q330 Line | QEP - Q330 Environmental Processor | Quanterra Q330 Linear Phase Composite | SIO Differential Pressure Gauge/QEP - Q330 Environ,EarthScope,fdsn,345
7A_2010,W08,7A,48.564499,-126.4011,-1028.0,2010-07-15 00:00:00.000,2011-06-26 23:59:59.000000,BH1 BH2 BHZ BN1 BN2 BNZ (50 Hz); BDH (40 Hz); LDH LDI LH1 LH2 LHZ LN1 LN2 LNZ (1 Hz); VPB (0.1 Hz),50.0,accelerometer+pressure+seismometer,Episensor 200 Hz 5 Volt per g/Quanterra Q330 Linea | Guralp CMG3T_120sec WHOI OBSIP/Quanterra Q330 Line | QEP - Q330 Environmental Processor | Quanterra Q330 Linear Phase Composite | SIO Differential Pressure Gauge/QEP - Q330 Environ,EarthScope,fdsn,346
7A_2010,W09,7A,48.688,-126.577003,-1156.0,2010-07-15 00:00:00.000,2011-06-28 23:59:59.000000,BH1 BH2 BHZ BN1 BN2 BNZ (50 Hz); BDH (40 Hz); LDH LDI LH1 LH2 LHZ LN1 LN2 LNZ (1 Hz); VPB (0.1 Hz),50.0,accelerometer+pressure+seismometer,Episensor 200 Hz 5 Volt per g/Quanterra Q330 Linea | Guralp CMG3T_120sec WHOI OBSIP/Quanterra Q330 Line | QEP - Q330 Environmental Processor | Quanterra Q330 Linear Phase Composite | SIO Differential Pressure Gauge/QEP - Q330 Environ,EarthScope,fdsn,348
7A_2010,W10,7A,48.787899,-126.702202,-1070.0,2010-07-14 00:00:00.000,2011-06-28 23:59:59.000000,BH1 BH2 BHZ BN1 BN2 BNZ (50 Hz); BDH (40 Hz); LDH LDI LH1 LH2 LHZ LN1 LN2 LNZ (1 Hz); VPB (0.1 Hz),50.0,accelerometer+pressure+seismometer,Episensor 200 Hz 5 Volt per g/Quanterra Q330 Linea | Guralp CMG3T_120sec WHOI OBSIP/Quanterra Q330 Line | QEP - Q330 Environmental Processor | Quanterra Q330 Linear Phase Composite | SIO Differential Pressure Gauge/QEP - Q330 Environ,EarthScope,fdsn,349
7B_2019,MM01,7B,-33.4654,-152.90107,-5207.0,2019-11-17 07:20:00.000,2020-09-27 15:19:58.401100,BDH BH1 BH2 BHZ (50 Hz),50.0,pressure+seismometer,DPG OBSIP-SIO/ABALONES | Nanometrics Trillium 240 Sec Response sn 0-399/ABA,EarthScope,fdsn,315
7B_2019,MM02,7B,-33.70244,-153.33875,-5174.0,2019-11-17 14:31:00.000,2020-11-21 19:29:00.000000,BDH BH1 BH2 BHZ (50 Hz),50.0,pressure+seismometer,DPG OBSIP-SIO/ABALONES | T240 Single-Sided/ABALONES,EarthScope,fdsn,370
7B_2019,MM03,7B,-33.91045,-153.79235,-5189.0,2019-11-17 21:42:00.000,2020-11-22 00:42:00.000000,BDH BH1 BH2 BHZ (50 Hz),50.0,pressure+seismometer,DPG OBSIP-SIO/ABALONES | T240 Single-Sided/ABALONES,EarthScope,fdsn,370
7B_2019,MM04,7B,-34.0909,-154.12547,-5135.0,2019-11-18 02:31:00.000,2020-11-22 05:01:00.000000,BDH BH1 BH2 BHZ (50 Hz),50.0,pressure+seismometer,DPG OBSIP-SIO/ABALONES | T240 Single-Sided/ABALONES,EarthScope,fdsn,370
7B_2019,MM05,7B,-34.2402,-154.48355,-5092.0,2019-11-20 01:20:00.000,2020-10-14 13:34:31.713100,BDH BH1 BH2 BHZ (50 Hz),50.0,pressure+seismometer,DPG OBSIP-SIO/ABALONES | T240 Single-Sided/ABALONES,EarthScope,fdsn,329
7B_2019,MM06,7B,-34.39699,-154.84026,-5204.0,2019-11-19 18:43:00.000,2020-11-26 08:32:00.000000,BDH BH1 BH2 BHZ (50 Hz),50.0,pressure+seismometer,DPG OBSIP-SIO/ABALONES | T240 Single-Sided/ABALONES,EarthScope,fdsn,372
7B_2019,MM07,7B,-34.57402,-155.17951,-5357.0,2019-11-25 21:47:00.000,2020-11-26 03:01:00.000000,BDH BH1 BH2 BHZ (50 Hz),50.0,pressure+seismometer,DPG OBSIP-SIO/ABALONES | T240 Single-Sided/ABALONES,EarthScope,fdsn,366
7B_2019,MM08,7B,-34.7401,-155.52572,-5474.0,2019-11-26 00:53:00.000,2020-11-28 00:05:00.000000,BDH BH1 BH2 BHZ (50 Hz),50.0,pressure+seismometer,DPG OBSIP-SIO/ABALONES | T240 Single-Sided/ABALONES,EarthScope,fdsn,367
7B_2019,MM09,7B,-34.91388,-155.87085,-5313.0,2019-11-26 04:10:00.000,2020-11-28 05:13:00.000000,BDH BH1 BH2 BHZ (50 Hz),50.0,pressure+seismometer,DPG OBSIP-SIO/ABALONES | T240 Single-Sided/ABALONES,EarthScope,fdsn,368
7B_2019,MM10,7B,-35.06894,-156.23219,-5425.0,2019-11-27 00:52:00.000,2020-11-28 11:16:00.000000,BDH BH1 BH2 BHZ (50 Hz),50.0,pressure+seismometer,DPG OBSIP-SIO/ABALONES | T240 Single-Sided/ABALONES,EarthScope,fdsn,367
7B_2019,MM11,7B,-35.27865,-156.69467,-5395.0,2019-11-27 04:03:00.000,2020-11-28 20:21:00.000000,BDH BH1 BH2 BHZ (50 Hz),50.0,pressure+seismometer,DPG OBSIP-SIO/ABALONES | T240 Single-Sided/ABALONES,EarthScope,fdsn,367
7B_2019,MM12,7B,-35.50344,-157.16479,-5331.0,2019-11-27 07:04:00.000,2020-11-02 02:38:10.675100,BDH BH1 BH2 BHZ (50 Hz),50.0,pressure+seismometer,DPG OBSIP-SIO/ABALONES | Nanometrics Trillium 240 Sec Response sn 0-399/ABA,EarthScope,fdsn,340
7B_2019,NM01,7B,-32.71468,-154.00083,-5212.0,2019-11-16 19:04:00.000,2020-10-06 18:04:00.376300,BDH BH1 BH2 BHZ (50 Hz),50.0,pressure+seismometer,DPG OBSIP-SIO/ABALONES | T240 Single-Sided/ABALONES,EarthScope,fdsn,324
7B_2019,NM02,7B,-33.27447,-154.72647,-5033.0,2019-11-18 14:01:00.000,2020-11-20 19:49:00.000000,BDH BH1 BH2 BHZ (50 Hz),50.0,pressure+seismometer,DPG OBSIP-SIO/ABALONES | T240 Single-Sided/ABALONES,EarthScope,fdsn,368
7B_2019,NM03,7B,-33.51357,-155.67388,-5060.0,2019-11-18 22:47:00.000,2020-11-27 02:01:00.000000,BDH BH1 BH2 BHZ (50 Hz),50.0,pressure+seismometer,DPG OBSIP-SIO/ABALONES | T240 Single-Sided/ABALONES,EarthScope,fdsn,374
7B_2019,NM04,7B,-34.07651,-156.41882,-5352.0,2019-11-26 13:17:00.000,2020-11-27 11:43:00.000000,BDH BH1 BH2 BHZ (50 Hz),50.0,pressure+seismometer,DPG OBSIP-SIO/ABALONES | Nanometrics Trillium 240 Sec Response sn 0-399/ABA,EarthScope,fdsn,366
7B_2019,NM05,7B,-34.31706,-157.37695,-5413.0,2019-11-27 16:33:00.000,2020-11-29 15:47:00.000000,BDH BH1 BH2 BHZ (50 Hz),50.0,pressure+seismometer,DPG OBSIP-SIO/ABALONES | T240 Single-Sided/ABALONES,EarthScope,fdsn,367
7B_2019,NN01,7B,-31.70961,-154.60328,-5078.0,2019-11-16 07:35:00.000,2020-11-19 20:48:00.000000,BDH BH1 BH2 BHZ (50 Hz),50.0,pressure+seismometer,DPG OBSIP-SIO/ABALONES | T240 Single-Sided/ABALONES,EarthScope,fdsn,369
7B_2019,NN02,7B,-32.46481,-155.61958,-5289.0,2019-11-30 07:02:00.000,2020-11-20 08:37:00.000000,BDH BH1 BH2 BHZ (50 Hz),50.0,pressure+seismometer,DPG OBSIP-SIO/ABALONES | Nanometrics Trillium 240 Sec Response sn 0-399/ABA,EarthScope,fdsn,356
7B_2019,NN03,7B,-33.01413,-156.78627,-5036.0,2019-11-29 19:57:00.000,2020-12-02 07:40:00.000000,BDH BH1 BH2 BHZ (50 Hz),50.0,pressure+seismometer,DPG OBSIP-SIO/ABALONES | T240 Single-Sided/ABALONES,EarthScope,fdsn,368
7B_2019,NN04,7B,-33.35722,-158.09491,-5230.0,2019-11-28 06:03:00.000,2020-12-01 19:13:00.000000,BDH BH1 BH2 BHZ (50 Hz),50.0,pressure+seismometer,DPG OBSIP-SIO/ABALONES | T240 Single-Sided/ABALONES,EarthScope,fdsn,369
7B_2019,SM01,7B,-34.65782,-152.64885,-5335.0,2019-11-22 00:00:00.000,2020-10-18 23:59:59.999900,BDH BH1 BH2 BHZ (50 Hz),50.0,pressure+seismometer,DPG OBSIP-SIO/ABALONES | T240 Single-Sided/ABALONES,EarthScope,fdsn,331
7B_2019,SM02,7B,-34.90652,-153.56971,-5352.0,2019-11-20 11:33:00.000,2020-11-22 14:53:00.000000,BDH BH1 BH2 BHZ (50 Hz),50.0,pressure+seismometer,DPG OBSIP-SIO/ABALONES | T240 Single-Sided/ABALONES,EarthScope,fdsn,368
7B_2019,SM03,7B,-35.51633,-154.3313,-5373.0,2019-11-25 10:41:00.000,2020-11-25 10:07:00.000000,BDH BH1 BH2 BHZ (50 Hz),50.0,pressure+seismometer,DPG OBSIP-SIO/ABALONES | T240 Single-Sided/ABALONES,EarthScope,fdsn,365
7B_2019,SM04,7B,-35.72238,-155.28473,-5351.0,2019-11-25 02:54:00.000,2020-11-25 03:14:00.000000,BDH BH1 BH2 BHZ (50 Hz),50.0,pressure+seismometer,DPG OBSIP-SIO/ABALONES | Nanometrics Trillium 240 Sec Response sn 0-399/ABA,EarthScope,fdsn,366
7B_2019,SM05,7B,-36.28935,-156.05143,-5350.0,2019-11-24 19:15:00.000,2020-10-09 23:10:47.096000,BDH BH1 BH2 BHZ (50 Hz),50.0,pressure+seismometer,DPG OBSIP-SIO/ABALONES | T240 Single-Sided/ABALONES,EarthScope,fdsn,320
7B_2019,SS01,7B,-35.53273,-151.77364,-5288.0,2019-11-23 03:51:00.000,2020-11-23 06:37:00.000000,BDH BH1 BH2 BHZ (50 Hz),50.0,pressure+seismometer,DPG OBSIP-SIO/ABALONES | T240 Single-Sided/ABALONES,EarthScope,fdsn,366
7B_2019,SS02,7B,-35.96248,-153.19932,-5440.0,2019-11-23 13:52:00.000,2020-11-23 22:52:01.187800,BDH BH1 BH2 BHZ (50 Hz),50.0,pressure+seismometer,DPG OBSIP-SIO/ABALONES | Nanometrics Trillium 240 Sec Response sn 0-399/ABA,EarthScope,fdsn,366
7B_2019,SS03,7B,-36.54219,-154.34819,-5320.0,2019-11-24 00:50:00.000,2020-11-24 03:33:00.000000,BDH BH1 BH2 BHZ (50 Hz),50.0,pressure+seismometer,DPG OBSIP-SIO/ABALONES | T240 Single-Sided/ABALONES,EarthScope,fdsn,366
7B_2019,SS04,7B,-37.25464,-155.45941,-5246.0,2019-11-24 09:46:00.000,2020-11-24 12:06:00.000000,BDH BH1 BH2 BHZ (50 Hz),50.0,pressure+seismometer,DPG OBSIP-SIO/ABALONES | T240 Single-Sided/ABALONES,EarthScope,fdsn,366
7D_2011,FC03D,7D,44.813301,-124.738297,-432.0,2014-09-07 21:48:20.000,2015-10-02 07:20:11.000000,HDH HH1 HH2 HHZ (125 Hz),125.0,pressure+seismometer,Nanometrics Trillium Compact Response/LDEO OBS 201 | Parosci APG Pressure/LDEO_APG_logger,EarthScope,fdsn,389
7D_2011,FN01A,7D,46.882,-124.333702,-54.0,2011-07-27 20:15:00.000,2012-07-21 23:25:00.000000,HDH HH1 HH2 HHZ (125 Hz),125.0,pressure+seismometer,Nanometrics Trillium Compact Response/LDEO OBS 201 | Parosci APG Pressure/LDEO_APG_logger,EarthScope,fdsn,360
7D_2011,FN01C,7D,46.882301,-124.333298,-56.0,2013-08-30 00:05:00.000,2014-06-27 23:55:00.000000,HDH HH1 HH2 HHZ (125 Hz),125.0,pressure+seismometer,Nanometrics Trillium Compact Response/LDEO OBS 201 | Parosci APG Pressure/LDEO_APG_logger,EarthScope,fdsn,301
7D_2011,FN02C,7D,46.949699,-124.428001,-67.0,2013-08-31 00:05:00.000,2014-06-28 23:55:00.000000,HDH HH1 HH2 HHZ (125 Hz),125.0,pressure+seismometer,Nanometrics Trillium Compact Response/LDEO OBS 201 | Parosci APG Pressure/LDEO_APG_logger,EarthScope,fdsn,301
7D_2011,FN03A,7D,46.886799,-124.525101,-90.0,2011-07-28 01:15:00.000,2012-07-15 12:50:00.000000,HDH (125 Hz),125.0,pressure,Parosci APG Pressure/LDEO_APG_logger,EarthScope,fdsn,353
7D_2011,FN03C,7D,46.887199,-124.525101,-93.0,2013-08-31 00:05:00.000,2014-06-28 23:55:00.000000,HDH HH1 HH2 HHZ (125 Hz),125.0,pressure+seismometer,Nanometrics Trillium Compact Response/LDEO OBS 201 | Parosci APG Pressure/LDEO_APG_logger,EarthScope,fdsn,301
7D_2011,FN04C,7D,46.9175,-124.601303,-104.0,2013-08-31 00:05:00.000,2014-06-26 23:55:00.000000,HDH HH1 HH2 HHZ (125 Hz),125.0,pressure+seismometer,Nanometrics Trillium Compact Response/LDEO OBS 201 | Parosci APG Pressure/LDEO_APG_logger,EarthScope,fdsn,299
7D_2011,FN05A,7D,46.8578,-124.655296,-124.0,2011-07-29 00:22:00.000,2012-01-10 20:16:12.000000,HH1 HH2 HHZ (125 Hz),125.0,seismometer,Nanometrics Trillium Compact Response/LDEO OBS 201,EarthScope,fdsn,165
7D_2011,FN05C,7D,46.857498,-124.655602,-123.0,2013-08-31 00:05:00.000,2014-06-26 23:55:00.000000,HDH HH1 HH2 HHZ (125 Hz),125.0,pressure+seismometer,Nanometrics Trillium Compact Response/LDEO OBS 201 | Parosci APG Pressure/LDEO_APG_logger,EarthScope,fdsn,299
7D_2011,FN06A,7D,46.922298,-124.731598,-134.0,2011-07-30 22:30:00.000,2012-07-19 21:20:00.000000,HDH (125 Hz),125.0,pressure,Parosci APG Pressure/LDEO_APG_logger,EarthScope,fdsn,354
7D_2011,FN06C,7D,46.922001,-124.7313,-137.0,2013-09-01 00:05:00.000,2014-06-29 23:55:00.000000,HDH HH1 HH2 HHZ (125 Hz),125.0,pressure+seismometer,Nanometrics Trillium Compact Response/LDEO OBS 201 | Parosci APG Pressure/LDEO_APG_logger,EarthScope,fdsn,301
7D_2011,FN07A,7D,46.855499,-124.786499,-154.0,2011-07-28 22:35:30.000,2012-07-20 22:45:30.000000,HDH HH1 HH2 HHZ (125 Hz),125.0,pressure+seismometer,Nanometrics Trillium Compact Response/LDEO OBS 201 | Parosci APG Pressure/LDEO_APG_logger,EarthScope,fdsn,358
7D_2011,FN07C,7D,46.8554,-124.786003,-158.0,2013-09-01 00:05:00.000,2014-06-29 23:55:00.000000,HDH HH1 HH2 HHZ (125 Hz),125.0,pressure+seismometer,Nanometrics Trillium Compact Response/LDEO OBS 201 | Parosci APG Pressure/LDEO_APG_logger,EarthScope,fdsn,301
7D_2011,FN08A,7D,46.888802,-124.8769,-177.0,2011-07-29 04:22:30.000,2012-07-22 04:28:30.000000,HDH HH1 HH2 HHZ (125 Hz),125.0,pressure+seismometer,Nanometrics Trillium Compact Response/LDEO OBS 201 | Parosci APG Pressure/LDEO_APG_logger,EarthScope,fdsn,359
7D_2011,FN08C,7D,46.888699,-124.875999,-176.0,2013-09-02 11:58:00.000,2014-06-30 05:34:57.000000,HH1 HH2 HHZ (125 Hz),125.0,seismometer,Nanometrics Trillium Compact Response/LDEO OBS 201,EarthScope,fdsn,300
7D_2011,FN09A,7D,46.840099,-124.887703,-198.0,2011-07-26 23:20:00.000,2012-07-19 12:00:00.000000,HDH (125 Hz),125.0,pressure,Parosci APG Pressure/LDEO_APG_logger,EarthScope,fdsn,358
7D_2011,FN09C,7D,46.840199,-124.887199,-198.0,2013-09-01 00:05:00.000,2014-07-01 23:55:00.000000,HDH HH1 HH2 HHZ (125 Hz),125.0,pressure+seismometer,Nanometrics Trillium Compact Response/LDEO OBS 201 | Parosci APG Pressure/LDEO_APG_logger,EarthScope,fdsn,303
7D_2011,FN10A,7D,46.8978,-124.993599,-795.0,2011-07-26 17:50:00.000,2011-11-10 22:30:00.000000,HDH (125 Hz),125.0,pressure,Parosci APG Pressure/LDEO_APG_logger,EarthScope,fdsn,107
7D_2011,FN10C,7D,46.898102,-124.9935,-811.0,2013-09-02 00:05:00.000,2014-06-26 23:55:00.000000,HDH HH1 HH2 HHZ (125 Hz),125.0,pressure+seismometer,Nanometrics Trillium Compact Response/LDEO OBS 201 | Parosci APG Pressure/LDEO_APG_logger,EarthScope,fdsn,297
7D_2011,FN11C,7D,46.820499,-125.045403,-619.0,2013-09-02 00:05:00.000,2014-06-26 23:55:00.000000,HDH HH1 HH2 HHZ (125 Hz),125.0,pressure+seismometer,Nanometrics Trillium Compact Response/LDEO OBS 201 | Parosci APG Pressure/LDEO_APG_logger,EarthScope,fdsn,297
7D_2011,FN12A,7D,46.8885,-125.119202,-650.0,2011-07-27 05:01:00.000,2012-07-20 12:10:00.000000,HDH HH1 HH2 HHZ (125 Hz),125.0,pressure+seismometer,Nanometrics Trillium Compact Response/LDEO OBS 201 | Parosci APG Pressure/LDEO_APG_logger,EarthScope,fdsn,359
7D_2011,FN12C,7D,46.888699,-125.119003,-656.0,2013-09-03 00:05:00.000,2014-06-30 23:55:00.000000,HDH HH1 HH2 HHZ (125 Hz),125.0,pressure+seismometer,Nanometrics Trillium Compact Response/LDEO OBS 201 | Parosci APG Pressure/LDEO_APG_logger,EarthScope,fdsn,300
7D_2011,FN13C,7D,47.000401,-125.301102,-1764.0,2013-09-04 00:05:00.000,2014-06-28 23:55:00.000000,HDH HH1 HH2 HHZ (125 Hz),125.0,pressure+seismometer,Nanometrics Trillium Compact Response/LDEO OBS 201 | Parosci APG Pressure/LDEO_APG_logger,EarthScope,fdsn,297
7D_2011,FN14A,7D,47.024799,-124.964699,-173.0,2011-07-31 20:28:00.000,2012-07-20 07:17:00.000000,HDH HH1 HH2 HHZ (125 Hz),125.0,pressure+seismometer,Nanometrics Trillium Compact Response/LDEO OBS 201 | Parosci APG Pressure/LDEO_APG_logger,EarthScope,fdsn,354
7D_2011,FN14C,7D,47.024899,-124.964203,-173.0,2013-09-03 00:05:00.000,2014-06-28 23:55:00.000000,HDH HH1 HH2 HHZ (125 Hz),125.0,pressure+seismometer,Nanometrics Trillium Compact Response/LDEO OBS 201 | Parosci APG Pressure/LDEO_APG_logger,EarthScope,fdsn,298
7D_2011,FN16A,7D,46.799599,-125.516098,-1907.0,2011-10-17 21:58:30.000,2012-07-21 10:23:11.000000,HH1 HH2 HHZ (125 Hz),125.0,seismometer,Nanometrics Trillium Compact Response/LDEO OBS 201,EarthScope,fdsn,277
7D_2011,FN16C,7D,46.800499,-125.500099,-1728.0,2013-09-04 00:05:00.000,2014-06-30 23:55:00.000000,HDH HH1 HH2 HHZ (125 Hz),125.0,pressure+seismometer,Nanometrics Trillium Compact Response/LDEO OBS 201 | Parosci APG Pressure/LDEO_APG_logger,EarthScope,fdsn,299
7D_2011,FN17C,7D,46.681599,-125.000504,-1015.0,2013-09-03 00:05:00.000,2014-06-25 23:55:00.000000,HDH HH1 HH2 HHZ (125 Hz),125.0,pressure+seismometer,Nanometrics Trillium Compact Response/LDEO OBS 201 | Parosci APG Pressure/LDEO_APG_logger,EarthScope,fdsn,295
7D_2011,FN18A,7D,46.699799,-124.7248,-163.0,2011-07-30 15:40:00.000,2012-07-18 06:58:30.000000,HDH HH1 HH2 HHZ (125 Hz),125.0,pressure+seismometer,Nanometrics Trillium Compact Response/LDEO OBS 201 | Parosci APG Pressure/LDEO_APG_logger,EarthScope,fdsn,353
7D_2011,FN18C,7D,46.7001,-124.7248,-166.0,2013-09-02 00:05:00.000,2014-06-25 23:55:00.000000,HDH HH1 HH2 HHZ (125 Hz),125.0,pressure+seismometer,Nanometrics Trillium Compact Response/LDEO OBS 201 | Parosci APG Pressure/LDEO_APG_logger,EarthScope,fdsn,296
7D_2011,FN19A,7D,46.729801,-124.367104,-75.0,2011-07-30 06:10:00.000,2012-07-21 04:10:00.000000,HDH (125 Hz),125.0,pressure,Parosci APG Pressure/LDEO_APG_logger,EarthScope,fdsn,356
7D_2011,FN19C,7D,46.730099,-124.366798,-72.0,2013-08-30 00:05:00.000,2014-06-29 23:55:00.000000,HDH HH1 HH2 HHZ (125 Hz),125.0,pressure+seismometer,Nanometrics Trillium Compact Response/LDEO OBS 201 | Parosci APG Pressure/LDEO_APG_logger,EarthScope,fdsn,303
7D_2011,FS01B,7D,40.326801,-124.949203,-940.0,2012-09-02 23:59:00.000,2013-06-19 08:00:00.000000,BDH BH1 BH2 BHZ (50 Hz),50.0,pressure+seismometer,DPG OBSIP-SIO/ABALONES-4x4 | T-compact OBS-SIO/ABALONES-4x4,EarthScope,fdsn,289
7D_2011,FS02B,7D,40.351101,-124.797997,-1402.8,2012-09-13 19:46:00.000,2013-07-03 21:31:38.000000,HH1 HH2 HHZ (125 Hz),125.0,seismometer,Nanometrics Trillium Compact Response/LDEO OBS 201,EarthScope,fdsn,293
7D_2011,FS02D,7D,40.326,-124.800201,-947.9,2014-07-16 00:00:00.000,2015-08-28 23:59:59.000000,BH1 BH2 BHZ BN1 BN2 BNZ (50 Hz); BDH (40 Hz); LDH LDI LH1 LH2 LHZ LN1 LN2 LNZ (1 Hz); VPB (0.1 Hz),50.0,accelerometer+pressure+seismometer,Episensor 200 Hz 5 Volt per g/Quanterra Q330 Linea | Guralp CMG3T_120sec WHOI OBSIP/Quanterra Q330 Line | QEP - Q330 Environmental Processor | Quanterra Q330 Linear Phase Composite | SIO Differential Pressure Gauge/QEP - Q330 Environ,EarthScope,fdsn,408
7D_2011,FS03B,7D,40.273201,-124.652603,-345.0,2012-09-13 17:00:00.000,2013-07-01 17:50:00.000000,HDH HH1 HH2 HHZ (125 Hz),125.0,pressure+seismometer,Nanometrics Trillium Compact Response/LDEO OBS 201 | Parosci APG Pressure/LDEO_APG_logger,EarthScope,fdsn,291
7D_2011,FS04B,7D,40.244701,-124.509697,-159.0,2012-09-14 14:52:05.000,2013-07-01 17:28:25.000000,HH1 HH2 HHZ (125 Hz),125.0,seismometer,Nanometrics Trillium Compact Response/LDEO OBS 201,EarthScope,fdsn,290
7D_2011,FS04D,7D,40.2528,-124.505203,-155.0,2014-08-12 00:46:00.000,2015-09-15 09:07:58.000000,BDH BH1 BH2 BHZ (50 Hz),50.0,pressure+seismometer,DPG OBSIP-SIO/ABALONES | T-compact OBS-SIO/ABALONES,EarthScope,fdsn,399
7D_2011,FS05B,7D,40.3866,-124.899597,-2316.0,2012-08-27 00:00:00.000,2013-06-12 23:59:59.000000,BH1 BH2 BHZ BN1 BN2 BNZ (50 Hz); BDH (40 Hz); LDH LDI LH1 LH2 LHZ LN1 LN2 LNZ (1 Hz); VPB (0.1 Hz),50.0,accelerometer+pressure+seismometer,Episensor 200 Hz 5 Volt per g/Quanterra Q330 Linea | Guralp CMG3T_120sec WHOI OBSIP/Quanterra Q330 Line | QEP - Q330 Environmental Processor | Quanterra Q330 Linear Phase Composite | SIO Differential Pressure Gauge/QEP - Q330 Environ,EarthScope,fdsn,289
7D_2011,FS06B,7D,40.381199,-124.785301,-2198.0,2012-08-27 00:00:00.000,2013-06-12 23:59:59.000000,BH1 BH2 BHZ BN1 BN2 BNZ (50 Hz); BDH (40 Hz); LDH LDI LH1 LH2 LHZ LN1 LN2 LNZ (1 Hz); VPB (0.1 Hz),50.0,accelerometer+pressure+seismometer,Episensor 200 Hz 5 Volt per g/Quanterra Q330 Linea | Guralp CMG3T_120sec WHOI OBSIP/Quanterra Q330 Line | QEP - Q330 Environmental Processor | Quanterra Q330 Linear Phase Composite | SIO Differential Pressure Gauge/QEP - Q330 Environ,EarthScope,fdsn,289
7D_2011,FS06D,7D,40.369999,-124.806702,-1946.8,2014-07-16 00:00:00.000,2015-08-28 23:59:59.000000,BH1 BH2 BHZ BN1 BN2 BNZ (50 Hz); BDH (40 Hz); LDH LDI LH1 LH2 LHZ LN1 LN2 LNZ (1 Hz); VPB (0.1 Hz),50.0,accelerometer+pressure+seismometer,Episensor 200 Hz 5 Volt per g/Quanterra Q330 Linea | Guralp CMG3T_120sec WHOI OBSIP/Quanterra Q330 Line | QEP - Q330 Environmental Processor | Quanterra Q330 Linear Phase Composite | SIO Differential Pressure Gauge/QEP - Q330 Environ,EarthScope,fdsn,408
7D_2011,FS07B,7D,40.339199,-124.659599,-1297.0,2012-09-13 00:20:00.000,2013-07-03 02:27:38.000000,HDH HH1 HH2 HHZ (125 Hz),125.0,pressure+seismometer,Nanometrics Trillium Compact Response/LDEO OBS 201 | Parosci APG Pressure/LDEO_APG_logger,EarthScope,fdsn,293
7D_2011,FS07D,7D,40.337898,-124.6577,-1273.7,2014-07-17 00:00:00.000,2015-08-27 23:59:59.000000,BH1 BH2 BHZ BN1 BN2 BNZ (50 Hz); BDH (40 Hz); LDH LDI LH1 LH2 LHZ LN1 LN2 LNZ (1 Hz); VPB (0.1 Hz),50.0,accelerometer+pressure+seismometer,Episensor 200 Hz 5 Volt per g/Quanterra Q330 Linea | Guralp CMG3T_120sec WHOI OBSIP/Quanterra Q330 Line | QEP - Q330 Environmental Processor | Quanterra Q330 Linear Phase Composite | SIO Differential Pressure Gauge/QEP - Q330 Environ,EarthScope,fdsn,406
7D_2011,FS08B,7D,40.336601,-124.459801,-120.0,2012-09-14 04:50:00.000,2013-07-02 02:00:00.000000,HDH HH1 HH2 HHZ (125 Hz),125.0,pressure+seismometer,Nanometrics Trillium Compact Response/LDEO OBS 201 | Parosci APG Pressure/LDEO_APG_logger,EarthScope,fdsn,290
7D_2011,FS08D,7D,40.334702,-124.465302,-132.0,2014-08-12 01:09:00.000,2015-09-15 10:18:00.000000,BDH BH1 BH2 BHZ (50 Hz),50.0,pressure+seismometer,DPG OBSIP-SIO/ABALONES | T-compact OBS-SIO/ABALONES,EarthScope,fdsn,399
7D_2011,FS09B,7D,40.438702,-124.808502,-2161.0,2012-08-28 00:00:00.000,2013-06-12 23:59:59.000000,BH1 BH2 BHZ BN1 BN2 BNZ (50 Hz); BDH (40 Hz); LDH LDI LH1 LH2 LHZ LN1 LN2 LNZ (1 Hz); VPB (0.1 Hz),50.0,accelerometer+pressure+seismometer,Episensor 200 Hz 5 Volt per g/Quanterra Q330 Linea | Guralp CMG3T_120sec WHOI OBSIP/Quanterra Q330 Line | QEP - Q330 Environmental Processor | Quanterra Q330 Linear Phase Composite | SIO Differential Pressure Gauge/QEP - Q330 Environ,EarthScope,fdsn,288
7D_2011,FS09D,7D,40.437698,-124.803703,-2122.1,2014-07-16 00:00:00.000,2015-08-28 23:59:59.000000,BH1 BH2 BHZ BN1 BN2 BNZ (50 Hz); BDH (40 Hz); LDH LDI LH1 LH2 LHZ LN1 LN2 LNZ (1 Hz); VPB (0.1 Hz),50.0,accelerometer+pressure+seismometer,Episensor 200 Hz 5 Volt per g/Quanterra Q330 Linea | Guralp CMG3T_120sec WHOI OBSIP/Quanterra Q330 Line | QEP - Q330 Environmental Processor | Quanterra Q330 Linear Phase Composite | SIO Differential Pressure Gauge/QEP - Q330 Environ,EarthScope,fdsn,408
7D_2011,FS10B,7D,40.432999,-124.6819,-1076.0,2012-09-13 14:03:30.000,2013-07-02 23:35:54.000000,HH1 HH2 HHZ (125 Hz),125.0,seismometer,Nanometrics Trillium Compact Response/LDEO OBS 201,EarthScope,fdsn,292
7D_2011,FS10D,7D,40.4328,-124.694,-1153.8,2014-07-17 00:00:00.000,2015-08-27 23:59:59.000000,BH1 BH2 BHZ BN1 BN2 BNZ (50 Hz); BDH (40 Hz); LDH LDI LH1 LH2 LHZ LN1 LN2 LNZ (1 Hz); VPB (0.1 Hz),50.0,accelerometer+pressure+seismometer,Episensor 200 Hz 5 Volt per g/Quanterra Q330 Linea | Guralp CMG3T_120sec WHOI OBSIP/Quanterra Q330 Line | QEP - Q330 Environmental Processor | Quanterra Q330 Linear Phase Composite | SIO Differential Pressure Gauge/QEP - Q330 Environ,EarthScope,fdsn,406
7D_2011,FS11B,7D,40.429199,-124.577797,-132.0,2012-09-15 04:30:00.000,2013-07-02 20:20:00.000000,HDH HH1 HH2 HHZ (125 Hz),125.0,pressure+seismometer,Nanometrics Trillium Compact Response/LDEO OBS 201 | Parosci APG Pressure/LDEO_APG_logger,EarthScope,fdsn,290
7D_2011,FS11D,7D,40.428501,-124.577499,-150.0,2014-09-15 14:32:20.000,2015-10-07 01:18:21.000000,HDH HH1 HH2 HHZ (125 Hz),125.0,pressure+seismometer,Nanometrics Trillium Compact Response/LDEO OBS 201 | Parosci APG Pressure/LDEO_APG_logger,EarthScope,fdsn,386
7D_2011,FS12B,7D,40.437099,-124.505898,-60.0,2012-09-14 18:00:00.000,2013-07-02 04:20:00.000000,HDH HH1 HH2 HHZ (125 Hz),125.0,pressure+seismometer,Nanometrics Trillium Compact Response/LDEO OBS 201 | Parosci APG Pressure/LDEO_APG_logger,EarthScope,fdsn,290
7D_2011,FS12D,7D,40.445599,-124.510498,-55.0,2014-09-15 22:15:20.000,2015-10-06 22:55:40.000000,HDH HH1 HH2 HHZ (125 Hz),125.0,pressure+seismometer,Nanometrics Trillium Compact Response/LDEO OBS 201 | Parosci APG Pressure/LDEO_APG_logger,EarthScope,fdsn,386
7D_2011,FS13B,7D,40.493099,-124.806503,-2332.0,2012-09-12 07:40:00.000,2013-07-03 18:31:00.000000,HDH HH1 HH2 HHZ (125 Hz),125.0,pressure+seismometer,Nanometrics Trillium Compact Response/LDEO OBS 201 | Parosci APG Pressure/LDEO_APG_logger,EarthScope,fdsn,294
7D_2011,FS13D,7D,40.493698,-124.803398,-2291.2,2014-07-16 00:00:00.000,2015-08-28 23:59:59.000000,BH1 BH2 BHZ BN1 BN2 BNZ (50 Hz); BDH (40 Hz); LDH LDI LH1 LH2 LHZ LN1 LN2 LNZ (1 Hz); VPB (0.1 Hz),50.0,accelerometer+pressure+seismometer,Episensor 200 Hz 5 Volt per g/Quanterra Q330 Linea | Guralp CMG3T_120sec WHOI OBSIP/Quanterra Q330 Line | QEP - Q330 Environmental Processor | Quanterra Q330 Linear Phase Composite | SIO Differential Pressure Gauge/QEP - Q330 Environ,EarthScope,fdsn,408
7D_2011,FS14B,7D,40.495499,-124.591797,-107.0,2012-09-02 23:24:00.000,2013-06-19 03:54:00.000000,BDH BH1 BH2 BHZ (50 Hz),50.0,pressure+seismometer,DPG OBSIP-SIO/ABALONES-4x4 | T-compact OBS-SIO/ABALONES-4x4,EarthScope,fdsn,289
7D_2011,FS14D,7D,40.492298,-124.603897,-145.0,2014-09-14 23:48:50.000,2015-09-11 01:10:32.000000,HH1 HH2 HHZ (125 Hz),125.0,seismometer,Nanometrics Trillium Compact Response/LDEO OBS 201,EarthScope,fdsn,361
7D_2011,FS15B,7D,40.492599,-124.512604,-52.0,2012-09-13 10:56:00.000,2013-07-02 05:50:00.000000,HDH HH1 HH2 HHZ (125 Hz),125.0,pressure+seismometer,Nanometrics Trillium Compact Response/LDEO OBS 201 | Parosci APG Pressure/LDEO_APG_logger,EarthScope,fdsn,291
7D_2011,FS15D,7D,40.496399,-124.524696,-56.0,2014-09-16 00:05:00.000,2015-10-07 23:46:41.000000,HDH HH1 HH2 HHZ (125 Hz),125.0,pressure+seismometer,Nanometrics Trillium Compact Response/LDEO OBS 201 | Parosci APG Pressure/LDEO_APG_logger,EarthScope,fdsn,386
7D_2011,FS16B,7D,40.538101,-124.739502,-1073.0,2012-09-12 18:20:00.000,2013-07-03 16:31:37.000000,HDH HH1 HH2 HHZ (125 Hz),125.0,pressure+seismometer,Nanometrics Trillium Compact Response/LDEO OBS 201 | Parosci APG Pressure/LDEO_APG_logger,EarthScope,fdsn,293
7D_2011,FS16D,7D,40.5378,-124.746803,-1080.4,2014-07-16 00:00:00.000,2015-08-28 23:59:59.000000,BH1 BH2 BHZ BN1 BN2 BNZ (50 Hz); BDH (40 Hz); LDH LDI LH1 LH2 LHZ LN1 LN2 LNZ (1 Hz); VPB (0.1 Hz),50.0,accelerometer+pressure+seismometer,Episensor 200 Hz 5 Volt per g/Quanterra Q330 Linea | Guralp CMG3T_120sec WHOI OBSIP/Quanterra Q330 Line | QEP - Q330 Environmental Processor | Quanterra Q330 Linear Phase Composite | SIO Differential Pressure Gauge/QEP - Q330 Environ,EarthScope,fdsn,408
7D_2011,FS17B,7D,40.559799,-124.596497,-146.0,2012-09-15 19:00:00.000,2013-07-02 18:10:00.000000,HDH HH1 HH2 HHZ (125 Hz),125.0,pressure+seismometer,Nanometrics Trillium Compact Response/LDEO OBS 201 | Parosci APG Pressure/LDEO_APG_logger,EarthScope,fdsn,289
7D_2011,FS17D,7D,40.559799,-124.597,-145.0,2014-09-14 18:03:20.000,2015-10-06 01:56:39.000000,HDH HH1 HH2 HHZ (125 Hz),125.0,pressure+seismometer,Nanometrics Trillium Compact Response/LDEO OBS 201 | Parosci APG Pressure/LDEO_APG_logger,EarthScope,fdsn,386
7D_2011,FS18B,7D,40.568199,-124.501602,-107.0,2012-09-16 17:59:00.000,2013-07-01 04:00:40.000000,HH1 HH2 HHZ (125 Hz),125.0,seismometer,Nanometrics Trillium Compact Response/LDEO OBS 201,EarthScope,fdsn,287
7D_2011,FS19B,7D,40.627899,-124.466698,-87.0,2012-09-16 15:20:00.000,2013-07-01 03:00:00.000000,HDH HH1 HH2 HHZ (125 Hz),125.0,pressure+seismometer,Nanometrics Trillium Compact Response/LDEO OBS 201 | Parosci APG Pressure/LDEO_APG_logger,EarthScope,fdsn,287
7D_2011,FS20B,7D,40.3895,-125.031097,-2378.0,2012-09-12 03:00:00.000,2013-07-04 03:40:00.000000,HDH HH1 HH2 HHZ (125 Hz),125.0,pressure+seismometer,Nanometrics Trillium Compact Response/LDEO OBS 201 | Parosci APG Pressure/LDEO_APG_logger,EarthScope,fdsn,295
7D_2011,FS41D,7D,40.6124,-124.731003,-1079.3,2014-07-16 00:00:00.000,2015-08-28 23:59:59.000000,BH1 BH2 BHZ BN1 BN2 BNZ (50 Hz); BDH (40 Hz); LDH LDI LH1 LH2 LHZ LN1 LN2 LNZ (1 Hz); VPB (0.1 Hz),50.0,accelerometer+pressure+seismometer,Episensor 200 Hz 5 Volt per g/Quanterra Q330 Linea | Guralp CMG3T_120sec WHOI OBSIP/Quanterra Q330 Line | QEP - Q330 Environmental Processor | Quanterra Q330 Linear Phase Composite | SIO Differential Pressure Gauge/QEP - Q330 Environ,EarthScope,fdsn,408
7D_2011,FS42D,7D,40.715099,-124.463097,-95.0,2014-09-14 14:59:20.000,2015-10-05 22:22:40.000000,HDH HH1 HH2 HHZ (125 Hz),125.0,pressure+seismometer,Nanometrics Trillium Compact Response/LDEO OBS 201 | Parosci APG Pressure/LDEO_APG_logger,EarthScope,fdsn,386
7D_2011,FS43D,7D,40.711899,-124.5839,-719.0,2014-09-14 02:07:50.000,2015-10-06 08:24:42.000000,HDH HH1 HH2 HHZ (125 Hz),125.0,pressure+seismometer,Nanometrics Trillium Compact Response/LDEO OBS 201 | Parosci APG Pressure/LDEO_APG_logger,EarthScope,fdsn,387
7D_2011,FS44D,7D,40.760899,-124.702797,-837.0,2014-08-12 10:13:00.000,2015-09-15 17:30:58.000000,BDH BH1 BH2 BHZ (50 Hz),50.0,pressure+seismometer,DPG OBSIP-SIO/ABALONES | T-compact OBS-SIO/ABALONES,EarthScope,fdsn,399
7D_2011,FS45D,7D,40.799999,-124.520302,-477.0,2014-09-13 21:50:50.000,2015-09-09 23:14:43.000000,HDH HH1 HH2 HHZ (125 Hz),125.0,pressure+seismometer,Nanometrics Trillium Compact Response/LDEO OBS 201 | Parosci APG Pressure/LDEO_APG_logger,EarthScope,fdsn,361
7D_2011,G01D,7D,39.999901,-124.6008,-1006.7,2014-07-17 00:00:00.000,2015-08-27 23:59:59.000000,BH1 BH2 BHZ BN1 BN2 BNZ (50 Hz); BDH (40 Hz); LDH LDI LH1 LH2 LHZ LN1 LN2 LNZ (1 Hz); VPB (0.1 Hz),50.0,accelerometer+pressure+seismometer,Episensor 200 Hz 5 Volt per g/Quanterra Q330 Linea | Guralp CMG3T_120sec WHOI OBSIP/Quanterra Q330 Line | QEP - Q330 Environmental Processor | Quanterra Q330 Linear Phase Composite | SIO Differential Pressure Gauge/QEP - Q330 Environ,EarthScope,fdsn,406
7D_2011,G02B,7D,40.048599,-125.296898,-1920.0,2012-09-03 01:23:00.000,2013-06-19 11:27:00.000000,BDH BH1 BH2 BHZ (50 Hz),50.0,pressure+seismometer,DPG OBSIP-SIO/ABALONES-4x4 | T-compact OBS-SIO/ABALONES-4x4,EarthScope,fdsn,289
7D_2011,G02D,7D,40.160301,-125.297699,-1741.0,2014-09-16 14:20:50.000,2015-09-12 15:45:49.000000,HDH HH1 HH2 HHZ (125 Hz),125.0,pressure+seismometer,Nanometrics Trillium Compact Response/LDEO OBS 201 | Parosci APG Pressure/LDEO_APG_logger,EarthScope,fdsn,361
7D_2011,G03A,7D,40.059101,-126.162498,-4113.0,2011-11-17 00:00:00.000,2012-05-13 23:59:59.000000,BH1 BH2 BHZ BN1 BN2 BNZ (50 Hz); BDH (40 Hz); LDH LDI LH1 LH2 LHZ LN1 LN2 LNZ (1 Hz); VPB (0.1 Hz),50.0,accelerometer+pressure+seismometer,Episensor 200 Hz 5 Volt per g/Quanterra Q330 Linea | Guralp CMG3T_120sec WHOI OBSIP/Quanterra Q330 Line | QEP - Q330 Environmental Processor | Quanterra Q330 Linear Phase Composite | SIO Differential Pressure Gauge/QEP - Q330 Environ,EarthScope,fdsn,178
7D_2011,G03B,7D,40.057999,-126.163399,-4051.0,2012-08-27 00:00:00.000,2013-06-11 23:59:59.000000,BH1 BH2 BHZ BN1 BN2 BNZ (50 Hz); BDH (40 Hz); LDH LDI LH1 LH2 LHZ LN1 LN2 LNZ (1 Hz); VPB (0.1 Hz),50.0,accelerometer+pressure+seismometer,Episensor 200 Hz 5 Volt per g/Quanterra Q330 Linea | Guralp CMG3T_120sec WHOI OBSIP/Quanterra Q330 Line | QEP - Q330 Environmental Processor | Quanterra Q330 Linear Phase Composite | SIO Differential Pressure Gauge/QEP - Q330 Environ,EarthScope,fdsn,288
7D_2011,G03D,7D,40.058701,-126.161201,-4056.5,2014-07-14 00:00:00.000,2015-08-29 23:59:59.000000,BH1 BH2 BHZ (50 Hz); BDH (40 Hz); LDH LH1 LH2 LHZ (1 Hz); VPB (0.1 Hz),50.0,pressure+seismometer,Nanometrics trillium_compact_obs WHOI OBSIP/Quante | Quanterra Q330 Linear Phase Composite | SIO Differential Pressure Gauge/Quanterra Q330 Lin,EarthScope,fdsn,411
7D_2011,G04B,7D,40.058498,-126.928497,-4368.0,2012-08-27 00:00:00.000,2013-06-08 23:59:59.000000,BH1 BH2 BHZ (50 Hz); BDH (40 Hz); LDH LH1 LH2 LHZ (1 Hz); VPB (0.1 Hz),50.0,pressure+seismometer,Nanometrics trillium_compact_obs WHOI OBSIP/Quante | Quanterra Q330 Linear Phase Composite | SIO Differential Pressure Gauge/Quanterra Q330 Lin,EarthScope,fdsn,285
7D_2011,G04D,7D,40.1577,-126.784698,-4350.3,2014-07-14 00:00:00.000,2015-08-29 23:59:59.000000,BH1 BH2 BHZ (50 Hz); BDH (40 Hz); LDH LH1 LH2 LHZ (1 Hz); VPB (0.1 Hz),50.0,pressure+seismometer,Nanometrics trillium_compact_obs WHOI OBSIP/Quante | Quanterra Q330 Linear Phase Composite | SIO Differential Pressure Gauge/Quanterra Q330 Lin,EarthScope,fdsn,411
7D_2011,G05B,7D,40.070599,-127.747803,-4462.0,2012-08-27 00:00:00.000,2013-06-08 23:59:59.000000,BH1 BH2 BHZ (50 Hz); BDH (40 Hz); LDH LH1 LH2 LHZ (1 Hz); VPB (0.1 Hz),50.0,pressure+seismometer,Nanometrics trillium_compact_obs WHOI OBSIP/Quante | Quanterra Q330 Linear Phase Composite | SIO Differential Pressure Gauge/Quanterra Q330 Lin,EarthScope,fdsn,285
7D_2011,G05D,7D,40.143002,-127.825699,-4463.8,2014-07-14 00:00:00.000,2015-08-29 23:59:59.000000,BH1 BH2 BHZ (50 Hz); BDH (40 Hz); LDH LH1 LH2 LHZ (1 Hz); VPB (0.1 Hz),50.0,pressure+seismometer,Nanometrics trillium_compact_obs WHOI OBSIP/Quante | Quanterra Q330 Linear Phase Composite | SIO Differential Pressure Gauge/Quanterra Q330 Lin,EarthScope,fdsn,411
7D_2011,G09B,7D,40.656799,-124.718697,-842.0,2012-09-16 20:20:00.000,2013-07-01 00:20:00.000000,HDH HH1 HH2 HHZ (125 Hz),125.0,pressure+seismometer,Nanometrics Trillium Compact Response/LDEO OBS 201 | Parosci APG Pressure/LDEO_APG_logger,EarthScope,fdsn,287
7D_2011,G09D,7D,40.6665,-124.726898,-716.3,2014-07-16 00:00:00.000,2015-08-28 23:59:59.000000,BH1 BH2 BHZ BN1 BN2 BNZ (50 Hz); BDH (40 Hz); LDH LDI LH1 LH2 LHZ LN1 LN2 LNZ (1 Hz); VPB (0.1 Hz),50.0,accelerometer+pressure+seismometer,Episensor 200 Hz 5 Volt per g/Quanterra Q330 Linea | Guralp CMG3T_120sec WHOI OBSIP/Quanterra Q330 Line | QEP - Q330 Environmental Processor | Quanterra Q330 Linear Phase Composite | SIO Differential Pressure Gauge/QEP - Q330 Environ,EarthScope,fdsn,408
7D_2011,G10B,7D,40.677898,-125.553299,-2936.0,2012-09-03 15:08:00.000,2013-06-19 16:44:00.000000,BDH BH1 BH2 BHZ (50 Hz),50.0,pressure+seismometer,DPG OBSIP-SIO/ABALONES-4x4 | T-compact OBS-SIO/ABALONES-4x4,EarthScope,fdsn,289
7D_2011,G10D,7D,40.788799,-125.554398,-3015.0,2014-08-11 02:44:00.000,2015-09-15 22:53:03.000000,BDH BH1 BH2 BHZ (50 Hz),50.0,pressure+seismometer,DPG OBSIP-SIO/ABALONES | T-compact OBS-SIO/ABALONES,EarthScope,fdsn,400
7D_2011,G11B,7D,40.6875,-126.376404,-3123.0,2012-08-28 00:00:00.000,2013-06-09 23:59:59.000000,BH1 BH2 BHZ (50 Hz); BDH (40 Hz); LDH LH1 LH2 LHZ (1 Hz); VPB (0.1 Hz),50.0,pressure+seismometer,Nanometrics trillium_compact_obs WHOI OBSIP/Quante | Quanterra Q330 Linear Phase Composite | SIO Differential Pressure Gauge/Quanterra Q330 Lin,EarthScope,fdsn,285
7D_2011,G11D,7D,40.7845,-126.4683,-3145.0,2014-08-02 21:21:00.000,2015-09-14 20:00:00.000000,HDH HH1 HH2 HHZ (100 Hz),100.0,pressure+seismometer,DPG OBSIP-SIO/ABALONES | T240 Single-Sided/ABALONES,EarthScope,fdsn,407
7D_2011,G12B,7D,40.686901,-127.228897,-3080.0,2012-09-03 22:22:00.000,2013-06-20 01:11:00.000000,BDH BH1 BH2 BHZ (50 Hz),50.0,pressure+seismometer,DPG OBSIP-SIO/ABALONES-4x4 | T-compact OBS-SIO/ABALONES-4x4,EarthScope,fdsn,289
7D_2011,G13B,7D,40.683998,-128.028305,-3215.0,2012-08-26 00:00:00.000,2013-06-07 23:59:59.000000,BH1 BH2 BHZ (50 Hz); BDH (40 Hz); LDH LH1 LH2 LHZ (1 Hz); VPB (0.1 Hz),50.0,pressure+seismometer,Nanometrics trillium_compact_obs WHOI OBSIP/Quante | Quanterra Q330 Linear Phase Composite | SIO Differential Pressure Gauge/Quanterra Q330 Lin,EarthScope,fdsn,285
7D_2011,G13D,7D,40.748199,-127.937103,-3186.5,2014-07-14 00:00:00.000,2015-08-30 23:59:59.000000,BH1 BH2 BHZ (50 Hz); BDH (40 Hz); LDH LH1 LH2 LHZ (1 Hz); VPB (0.1 Hz),50.0,pressure+seismometer,Nanometrics trillium_compact_obs WHOI OBSIP/Quante | Quanterra Q330 Linear Phase Composite | SIO Differential Pressure Gauge/Quanterra Q330 Lin,EarthScope,fdsn,412
7D_2011,G17B,7D,41.283901,-124.344597,-123.0,2012-09-17 05:10:00.000,2013-06-30 15:30:00.000000,HDH HH1 HH2 HHZ (125 Hz),125.0,pressure+seismometer,Nanometrics Trillium Compact Response/LDEO OBS 201 | Parosci APG Pressure/LDEO_APG_logger,EarthScope,fdsn,286
7D_2011,G17D,7D,41.399601,-124.433197,-99.0,2014-09-13 17:58:24.000,2014-09-16 09:27:42.000000,HH1 HH2 HHZ (125 Hz),125.0,seismometer,Nanometrics Trillium Compact Response/LDEO OBS 201,EarthScope,fdsn,2
7D_2011,G18B,7D,41.301601,-124.936302,-1464.0,2012-09-18 10:27:30.000,2013-05-16 10:16:22.000000,HH1 HH2 HHZ (125 Hz),125.0,seismometer,Nanometrics Trillium Compact Response/LDEO OBS 201,EarthScope,fdsn,239
7D_2011,G18D,7D,41.304699,-125.255798,-3130.0,2014-09-13 00:05:00.000,2015-10-05 21:12:12.000000,HDH HH1 HH2 HHZ (125 Hz),125.0,pressure+seismometer,Nanometrics Trillium Compact Response/LDEO OBS 201 | Parosci APG Pressure/LDEO_APG_logger,EarthScope,fdsn,387
7D_2011,G19B,7D,41.3074,-125.773598,-3071.0,2012-08-28 00:00:00.000,2013-06-13 23:59:59.000000,BH1 BH2 BHZ (50 Hz); BDH (40 Hz); LDH LH1 LH2 LHZ (1 Hz); VPB (0.1 Hz),50.0,pressure+seismometer,Nanometrics trillium_compact_obs WHOI OBSIP/Quante | Quanterra Q330 Linear Phase Composite | SIO Differential Pressure Gauge/Quanterra Q330 Lin,EarthScope,fdsn,289
7D_2011,G19D,7D,41.3316,-126.027901,-3082.0,2014-09-18 23:28:01.000,2015-09-14 08:20:08.000000,HH1 HH2 HHZ (125 Hz),125.0,seismometer,Nanometrics Trillium Compact Response/LDEO OBS 201,EarthScope,fdsn,360
7D_2011,G20B,7D,41.298698,-126.613297,-3141.0,2012-08-28 00:00:00.000,2013-06-11 23:59:59.000000,BH1 BH2 BHZ (50 Hz); BDH (40 Hz); LDH LH1 LH2 LHZ (1 Hz); VPB (0.1 Hz),50.0,pressure+seismometer,Nanometrics trillium_compact_obs WHOI OBSIP/Quante | Quanterra Q330 Linear Phase Composite | SIO Differential Pressure Gauge/Quanterra Q330 Lin,EarthScope,fdsn,287
7D_2011,G20D,7D,41.451599,-126.8638,-2931.3,2014-07-13 00:00:00.000,2015-08-30 23:59:59.000000,BH1 BH2 BHZ (50 Hz); BDH (40 Hz); LDH LH1 LH2 LHZ (1 Hz); VPB (0.1 Hz),50.0,pressure+seismometer,Nanometrics trillium_compact_obs WHOI OBSIP/Quante | Quanterra Q330 Linear Phase Composite | SIO Differential Pressure Gauge/Quanterra Q330 Lin,EarthScope,fdsn,413
7D_2011,G21B,7D,41.316002,-127.453697,-3156.0,2012-08-28 00:00:00.000,2013-06-11 23:59:59.000000,BH1 BH2 BHZ (50 Hz); BDH (40 Hz); LDH LH1 LH2 LHZ (1 Hz); VPB (0.1 Hz),50.0,pressure+seismometer,Nanometrics trillium_compact_obs WHOI OBSIP/Quante | Quanterra Q330 Linear Phase Composite | SIO Differential Pressure Gauge/Quanterra Q330 Lin,EarthScope,fdsn,287
7D_2011,G21D,7D,41.1227,-127.447998,-3293.4,2014-07-13 00:00:00.000,2015-08-30 23:59:59.000000,BH1 BH2 BHZ (50 Hz); BDH (40 Hz); LDH LH1 LH2 LHZ (1 Hz); VPB (0.1 Hz),50.0,pressure+seismometer,Nanometrics trillium_compact_obs WHOI OBSIP/Quante | Quanterra Q330 Linear Phase Composite | SIO Differential Pressure Gauge/Quanterra Q330 Lin,EarthScope,fdsn,413
7D_2011,G22B,7D,41.3092,-128.274002,-3038.0,2012-08-26 00:00:00.000,2013-06-07 23:59:59.000000,BH1 BH2 BHZ (50 Hz); BDH (40 Hz); LDH LH1 LH2 LHZ (1 Hz); VPB (0.1 Hz),50.0,pressure+seismometer,Nanometrics trillium_compact_obs WHOI OBSIP/Quante | Quanterra Q330 Linear Phase Composite | SIO Differential Pressure Gauge/Quanterra Q330 Lin,EarthScope,fdsn,285
7D_2011,G22D,7D,41.433601,-128.016602,-3092.4,2014-07-13 00:00:00.000,2015-08-30 23:59:59.000000,BH1 BH2 BHZ (50 Hz); BDH (40 Hz); LDH LH1 LH2 LHZ (1 Hz); VPB (0.1 Hz),50.0,pressure+seismometer,Nanometrics trillium_compact_obs WHOI OBSIP/Quante | Quanterra Q330 Linear Phase Composite | SIO Differential Pressure Gauge/Quanterra Q330 Lin,EarthScope,fdsn,413
7D_2011,G25B,7D,41.919899,-124.586098,-430.0,2012-09-18 20:00:00.000,2013-07-31 09:00:00.000000,HDH HH1 HH2 HHZ (125 Hz),125.0,pressure+seismometer,Nanometrics Trillium Compact Response/LDEO OBS 201 | Parosci APG Pressure/LDEO_APG_logger,EarthScope,fdsn,315
7D_2011,G25D,7D,41.981098,-124.7267,-688.0,2014-09-12 00:05:00.000,2015-10-08 23:55:39.000000,HDH HH1 HH2 HHZ (125 Hz),125.0,pressure+seismometer,Nanometrics Trillium Compact Response/LDEO OBS 201 | Parosci APG Pressure/LDEO_APG_logger,EarthScope,fdsn,391
7D_2011,G26B,7D,41.9249,-125.177498,-2357.0,2012-09-17 23:20:00.000,2013-08-07 07:40:00.000000,HDH HH1 HH2 HHZ (125 Hz),125.0,pressure+seismometer,Nanometrics Trillium Compact Response/LDEO OBS 201 | Parosci APG Pressure/LDEO_APG_logger,EarthScope,fdsn,323
7D_2011,G26D,7D,41.983799,-125.308296,-3104.0,2014-09-19 00:05:00.000,2015-10-04 23:31:09.000000,HDH HH1 HH2 HHZ (125 Hz),125.0,pressure+seismometer,Nanometrics Trillium Compact Response/LDEO OBS 201 | Parosci APG Pressure/LDEO_APG_logger,EarthScope,fdsn,380
7D_2011,G27B,7D,41.916599,-126.016701,-3480.0,2012-09-03 23:38:00.000,2013-06-20 11:43:00.000000,BDH BH1 BH2 BHZ (50 Hz),50.0,pressure+seismometer,DPG OBSIP-SIO/ABALONES-4x4 | T-compact OBS-SIO/ABALONES-4x4,EarthScope,fdsn,289
7D_2011,G27D,7D,42.001301,-125.981697,-2939.0,2014-09-19 00:05:00.000,2015-10-05 18:15:39.000000,HDH HH1 HH2 HHZ (125 Hz),125.0,pressure+seismometer,Nanometrics Trillium Compact Response/LDEO OBS 201 | Parosci APG Pressure/LDEO_APG_logger,EarthScope,fdsn,381
7D_2011,G28B,7D,41.942799,-126.733902,-3327.0,2012-09-05 01:44:00.000,2013-06-20 16:35:00.000000,BDH BH1 BH2 BHZ (50 Hz),50.0,pressure+seismometer,DPG OBSIP-SIO/ABALONES-4x4 | T-compact OBS-SIO/ABALONES-4x4,EarthScope,fdsn,288
7D_2011,G29B,7D,41.9772,-127.483398,-3197.0,2012-08-29 00:00:00.000,2013-06-11 23:59:59.000000,BH1 BH2 BHZ (50 Hz); BDH (40 Hz); LDH LH1 LH2 LHZ (1 Hz); VPB (0.1 Hz),50.0,pressure+seismometer,Nanometrics trillium_compact_obs WHOI OBSIP/Quante | Quanterra Q330 Linear Phase Composite | SIO Differential Pressure Gauge/Quanterra Q330 Lin,EarthScope,fdsn,286
7D_2011,G29D,7D,42.2174,-127.605202,-2910.9,2014-07-12 00:00:00.000,2015-08-31 23:59:59.000000,BH1 BH2 BHZ (50 Hz); BDH (40 Hz); LDH LH1 LH2 LHZ (1 Hz); VPB (0.1 Hz),50.0,pressure+seismometer,Nanometrics trillium_compact_obs WHOI OBSIP/Quante | Quanterra Q330 Linear Phase Composite | SIO Differential Pressure Gauge/Quanterra Q330 Lin,EarthScope,fdsn,415
7D_2011,G30A,7D,41.955002,-128.319305,-3124.0,2011-11-18 00:00:00.000,2012-05-14 23:59:59.000000,BH1 BH2 BHZ BN1 BN2 BNZ (50 Hz); BDH (40 Hz); LDH LDI LH1 LH2 LHZ LN1 LN2 LNZ (1 Hz); VPB (0.1 Hz),50.0,accelerometer+pressure+seismometer,Episensor 200 Hz 5 Volt per g/Quanterra Q330 Linea | Guralp CMG3T_120sec WHOI OBSIP/Quanterra Q330 Line | QEP - Q330 Environmental Processor | Quanterra Q330 Linear Phase Composite | SIO Differential Pressure Gauge/QEP - Q330 Environ,EarthScope,fdsn,178
7D_2011,G30B,7D,41.956501,-128.319794,-3119.0,2012-08-26 00:00:00.000,2013-06-07 23:59:59.000000,BH1 BH2 BHZ BN1 BN2 BNZ (50 Hz); BDH (40 Hz); LDH LDI LH1 LH2 LHZ LN1 LN2 LNZ (1 Hz); VPB (0.1 Hz),50.0,accelerometer+pressure+seismometer,Episensor 200 Hz 5 Volt per g/Quanterra Q330 Linea | Guralp CMG3T_120sec WHOI OBSIP/Quanterra Q330 Line | QEP - Q330 Environmental Processor | Quanterra Q330 Linear Phase Composite | SIO Differential Pressure Gauge/QEP - Q330 Environ,EarthScope,fdsn,285
7D_2011,G33B,7D,42.548302,-124.716202,-213.0,2012-09-19 21:33:04.000,2013-06-29 11:04:57.000000,HH1 HH2 HHZ (125 Hz),125.0,seismometer,Nanometrics Trillium Compact Response/LDEO OBS 201,EarthScope,fdsn,282
7D_2011,G33D,7D,42.665298,-124.802002,-686.0,2014-08-12 22:38:00.000,2015-09-17 22:21:58.000000,BDH BH1 BH2 BHZ (50 Hz),50.0,pressure+seismometer,DPG OBSIP-SIO/ABALONES | T-compact OBS-SIO/ABALONES,EarthScope,fdsn,400
7D_2011,G34B,7D,42.555401,-125.200996,-2954.0,2012-09-11 08:00:00.000,2013-07-06 10:30:00.000000,HDH HH1 HH2 HHZ (125 Hz),125.0,pressure+seismometer,Nanometrics Trillium Compact Response/LDEO OBS 201 | Parosci APG Pressure/LDEO_APG_logger,EarthScope,fdsn,298
7D_2011,G34D,7D,42.5723,-125.448601,-3089.0,2014-09-10 00:05:00.000,2015-10-04 07:13:40.000000,HDH HH1 HH2 HHZ (125 Hz),125.0,pressure+seismometer,Nanometrics Trillium Compact Response/LDEO OBS 201 | Parosci APG Pressure/LDEO_APG_logger,EarthScope,fdsn,389
7D_2011,G35B,7D,42.5658,-126.055801,-2367.0,2012-08-29 00:00:00.000,2013-06-10 23:59:59.000000,BH1 BH2 BHZ (50 Hz); BDH (40 Hz); LDH LH1 LH2 LHZ (1 Hz); VPB (0.1 Hz),50.0,pressure+seismometer,Nanometrics trillium_compact_obs WHOI OBSIP/Quante | Quanterra Q330 Linear Phase Composite | SIO Differential Pressure Gauge/Quanterra Q330 Lin,EarthScope,fdsn,285
7D_2011,G35D,7D,42.555698,-126.399002,-2822.6,2014-07-12 00:00:00.000,2015-08-31 23:59:59.000000,BH1 BH2 BHZ (50 Hz); BDH (40 Hz); LDH LH1 LH2 LHZ (1 Hz); VPB (0.1 Hz),50.0,pressure+seismometer,Nanometrics trillium_compact_obs WHOI OBSIP/Quante | Quanterra Q330 Linear Phase Composite | SIO Differential Pressure Gauge/Quanterra Q330 Lin,EarthScope,fdsn,415
7D_2011,G36B2,7D,42.5994,-126.903801,-2423.0,2012-08-29 00:00:00.000,2013-06-10 23:59:59.000000,BH1 BH2 BHZ (50 Hz); BDH (40 Hz); LDH LH1 LH2 LHZ (1 Hz); VPB (0.1 Hz),50.0,pressure+seismometer,Nanometrics trillium_compact_obs WHOI OBSIP/Quante | Quanterra Q330 Linear Phase Composite | SIO Differential Pressure Gauge/Quanterra Q330 Lin,EarthScope,fdsn,285
7D_2011,G36D,7D,42.4618,-126.8965,-3779.6,2014-07-12 00:00:00.000,2015-08-31 23:59:59.000000,BH1 BH2 BHZ (50 Hz); BDH (40 Hz); LDH LH1 LH2 LHZ (1 Hz); VPB (0.1 Hz),50.0,pressure+seismometer,Nanometrics trillium_compact_obs WHOI OBSIP/Quante | Quanterra Q330 Linear Phase Composite | SIO Differential Pressure Gauge/Quanterra Q330 Lin,EarthScope,fdsn,415
7D_2011,G37B,7D,42.591301,-127.721298,-3004.0,2012-09-05 07:02:00.000,2013-06-20 23:23:00.000000,BDH BH1 BH2 BHZ (50 Hz),50.0,pressure+seismometer,DPG OBSIP-SIO/ABALONES-4x4 | T-compact OBS-SIO/ABALONES-4x4,EarthScope,fdsn,288
7D_2011,G37D,7D,42.628502,-127.300903,-2805.0,2014-07-30 09:30:00.000,2015-09-12 17:01:58.000000,BDH BH1 BH2 BHZ (50 Hz),50.0,pressure+seismometer,DPG OBSIP-SIO/ABALONES | T-compact OBS-SIO/ABALONES,EarthScope,fdsn,409
7D_2011,J06A,7D,43.251499,-128.800995,-3224.0,2011-11-19 00:00:00.000,2012-05-14 23:59:59.000000,BH1 BH2 BHZ BN1 BN2 BNZ (50 Hz); BDH (40 Hz); LDH LDI LH1 LH2 LHZ LN1 LN2 LNZ (1 Hz); VPB (0.1 Hz),50.0,accelerometer+pressure+seismometer,Episensor 200 Hz 5 Volt per g/Quanterra Q330 Linea | Guralp CMG3T_120sec WHOI OBSIP/Quanterra Q330 Line | QEP - Q330 Environmental Processor | Quanterra Q330 Linear Phase Composite | SIO Differential Pressure Gauge/QEP - Q330 Environ,EarthScope,fdsn,177
7D_2011,J06B,7D,43.265202,-128.799698,-3220.0,2012-08-26 00:00:00.000,2013-06-07 23:59:59.000000,BH1 BH2 BHZ BN1 BN2 BNZ (50 Hz); BDH (40 Hz); LDH LDI LH1 LH2 LHZ LN1 LN2 LNZ (1 Hz); VPB (0.1 Hz),50.0,accelerometer+pressure+seismometer,Episensor 200 Hz 5 Volt per g/Quanterra Q330 Linea | Guralp CMG3T_120sec WHOI OBSIP/Quanterra Q330 Line | QEP - Q330 Environmental Processor | Quanterra Q330 Linear Phase Composite | SIO Differential Pressure Gauge/QEP - Q330 Environ,EarthScope,fdsn,285
7D_2011,J06D,7D,43.252602,-128.804092,-3245.0,2014-07-28 00:20:00.000,2015-09-11 13:34:57.000000,HDH HH1 HH2 HHZ (100 Hz),100.0,pressure+seismometer,DPG OBSIP-SIO/ABALONES | T240 Single-Sided/ABALONES,EarthScope,fdsn,410
7D_2011,J09B,7D,43.151001,-124.726997,-252.0,2012-09-02 02:19:00.000,2013-06-21 22:07:00.000000,BDH BH1 BH2 BHZ (50 Hz),50.0,pressure+seismometer,DPG OBSIP-SIO/ABALONES-4x4 | T-compact OBS-SIO/ABALONES-4x4,EarthScope,fdsn,292
7D_2011,J09D,7D,43.151402,-124.727097,-252.0,2014-09-10 03:34:50.000,2015-10-07 03:41:16.000000,HDH HH1 HH2 HHZ (125 Hz),125.0,pressure+seismometer,Nanometrics Trillium Compact Response/LDEO OBS 201 | Parosci APG Pressure/LDEO_APG_logger,EarthScope,fdsn,392
7D_2011,J10B,7D,43.3494,-125.543503,-3093.0,2012-09-01 20:00:00.000,2013-06-18 08:09:00.000000,BDH BH1 BH2 BHZ (50 Hz),50.0,pressure+seismometer,DPG OBSIP-SIO/ABALONES-4x4 | T-compact OBS-SIO/ABALONES-4x4,EarthScope,fdsn,289
7D_2011,J10D,7D,43.348499,-125.545097,-3085.0,2014-09-09 20:22:50.000,2015-10-03 23:12:40.000000,HDH HH1 HH2 HHZ (125 Hz),125.0,pressure+seismometer,Nanometrics Trillium Compact Response/LDEO OBS 201 | Parosci APG Pressure/LDEO_APG_logger,EarthScope,fdsn,389
7D_2011,J11B,7D,43.541401,-126.367302,-3030.0,2012-08-30 00:00:00.000,2013-08-10 23:59:59.000000,BH1 BH2 BHZ (50 Hz); BDH (40 Hz); LDH LH1 LH2 LHZ (1 Hz); VPB (0.1 Hz),50.0,pressure+seismometer,Nanometrics trillium_compact_obs WHOI OBSIP/Quante | Quanterra Q330 Linear Phase Composite | SIO Differential Pressure Gauge/Quanterra Q330 Lin,EarthScope,fdsn,345
7D_2011,J11D,7D,43.541599,-126.368599,-3000.8,2014-07-12 00:00:00.000,2015-08-31 23:59:59.000000,BH1 BH2 BHZ (50 Hz); BDH (40 Hz); LDH LH1 LH2 LHZ (1 Hz); VPB (0.1 Hz),50.0,pressure+seismometer,Nanometrics trillium_compact_obs WHOI OBSIP/Quante | Quanterra Q330 Linear Phase Composite | SIO Differential Pressure Gauge/Quanterra Q330 Lin,EarthScope,fdsn,415
7D_2011,J17B,7D,43.790001,-124.614799,-286.0,2012-07-16 01:40:00.000,2013-06-28 17:50:00.000000,HDH HH1 HH2 HHZ (125 Hz),125.0,pressure+seismometer,Nanometrics Trillium Compact Response/LDEO OBS 201 | Parosci APG Pressure/LDEO_APG_logger,EarthScope,fdsn,347
7D_2011,J17D,7D,43.7873,-124.613403,-285.0,2014-09-09 03:56:20.000,2015-10-03 00:29:39.000000,HDH HH1 HH2 HHZ (125 Hz),125.0,pressure+seismometer,Nanometrics Trillium Compact Response/LDEO OBS 201 | Parosci APG Pressure/LDEO_APG_logger,EarthScope,fdsn,388
7D_2011,J18B,7D,44.008301,-125.466003,-3047.0,2012-09-01 19:03:00.000,2013-06-18 03:13:00.000000,BDH BH1 BH2 BHZ (50 Hz),50.0,pressure+seismometer,DPG OBSIP-SIO/ABALONES-4x4 | T-compact OBS-SIO/ABALONES-4x4,EarthScope,fdsn,289
7D_2011,J18D,7D,43.9772,-125.4814,-3050.0,2014-09-08 21:21:20.000,2015-10-10 10:53:58.000000,HDH HH1 HH2 HHZ (125 Hz),125.0,pressure+seismometer,Nanometrics Trillium Compact Response/LDEO OBS 201 | Parosci APG Pressure/LDEO_APG_logger,EarthScope,fdsn,396
7D_2011,J19B,7D,44.1777,-126.271698,-2968.0,2012-08-30 00:00:00.000,2013-06-10 23:59:59.000000,BH1 BH2 BHZ (50 Hz); BDH (40 Hz); LDH LH1 LH2 LHZ (1 Hz); VPB (0.1 Hz),50.0,pressure+seismometer,Nanometrics trillium_compact_obs WHOI OBSIP/Quante | Quanterra Q330 Linear Phase Composite | SIO Differential Pressure Gauge/Quanterra Q330 Lin,EarthScope,fdsn,284
7D_2011,J19D,7D,44.179001,-126.271202,-2955.4,2014-07-11 00:00:00.000,2015-09-01 23:59:59.000000,BH1 BH2 BHZ (50 Hz); BDH (40 Hz); LDH LH1 LH2 LHZ (1 Hz); VPB (0.1 Hz),50.0,pressure+seismometer,Nanometrics trillium_compact_obs WHOI OBSIP/Quante | Quanterra Q330 Linear Phase Composite | SIO Differential Pressure Gauge/Quanterra Q330 Lin,EarthScope,fdsn,417
7D_2011,J20B,7D,44.354198,-127.0952,-2934.0,2012-09-06 17:30:00.000,2013-06-21 10:34:00.000000,BDH BH1 BH2 BHZ (50 Hz),50.0,pressure+seismometer,DPG OBSIP-SIO/ABALONES-4x4 | T-compact OBS-SIO/ABALONES-4x4,EarthScope,fdsn,287
7D_2011,J20D,7D,44.360401,-127.108498,-2936.0,2014-07-25 07:36:00.000,2015-09-09 07:57:59.000000,BDH BH1 BH2 BHZ (50 Hz),50.0,pressure+seismometer,DPG OBSIP-SIO/ABALONES | T-compact OBS-SIO/ABALONES,EarthScope,fdsn,411
7D_2011,J21C,7D,44.534199,-128.037598,-2847.0,2013-08-08 00:00:00.000,2014-05-14 23:59:59.000000,BH1 BH2 BHZ BN1 BN2 BNZ (50 Hz); BDH (40 Hz); LDH LDI LH1 LH2 LHZ LN1 LN2 LNZ (1 Hz); VPB (0.1 Hz),50.0,accelerometer+pressure+seismometer,Episensor 200 Hz 5 Volt per g/Quanterra Q330 Linea | Guralp CMG3T_120sec WHOI OBSIP/Quanterra Q330 Line | QEP - Q330 Environmental Processor | Quanterra Q330 Linear Phase Composite | SIO Differential Pressure Gauge/QEP - Q330 Environ,EarthScope,fdsn,279
7D_2011,J23A,7D,44.844002,-129.682495,-2655.0,2011-11-21 00:00:00.000,2012-05-15 23:59:59.000000,BH1 BH2 BHZ BN1 BN2 BNZ (50 Hz); BDH (40 Hz); LDH LDI LH1 LH2 LHZ LN1 LN2 LNZ (1 Hz); VPB (0.1 Hz),50.0,accelerometer+pressure+seismometer,Episensor 200 Hz 5 Volt per g/Quanterra Q330 Linea | Guralp CMG3T_120sec WHOI OBSIP/Quanterra Q330 Line | QEP - Q330 Environmental Processor | Quanterra Q330 Linear Phase Composite | SIO Differential Pressure Gauge/QEP - Q330 Environ,EarthScope,fdsn,176
7D_2011,J23B,7D,44.845901,-129.682098,-2650.0,2012-08-24 00:00:00.000,2013-06-06 23:59:59.000000,BH1 BH2 BHZ BN1 BN2 BNZ (50 Hz); BDH (40 Hz); LDH LDI LH1 LH2 LHZ LN1 LN2 LNZ (1 Hz); VPB (0.1 Hz),50.0,accelerometer+pressure+seismometer,Episensor 200 Hz 5 Volt per g/Quanterra Q330 Linea | Guralp CMG3T_120sec WHOI OBSIP/Quanterra Q330 Line | QEP - Q330 Environmental Processor | Quanterra Q330 Linear Phase Composite | SIO Differential Pressure Gauge/QEP - Q330 Environ,EarthScope,fdsn,286
7D_2011,J23C,7D,44.8438,-129.681,-2653.0,2013-08-08 00:00:00.000,2014-05-15 23:59:59.000000,BH1 BH2 BHZ BN1 BN2 BNZ (50 Hz); BDH (40 Hz); LDH LDI LH1 LH2 LHZ LN1 LN2 LNZ (1 Hz); VPB (0.1 Hz),50.0,accelerometer+pressure+seismometer,Episensor 200 Hz 5 Volt per g/Quanterra Q330 Linea | Guralp CMG3T_120sec WHOI OBSIP/Quanterra Q330 Line | QEP - Q330 Environmental Processor | Quanterra Q330 Linear Phase Composite | SIO Differential Pressure Gauge/QEP - Q330 Environ,EarthScope,fdsn,280
7D_2011,J23D,7D,44.8274,-129.680496,-2687.0,2014-07-26 06:16:00.000,2015-09-10 06:37:00.000000,HDH HH1 HH2 HHZ (100 Hz),100.0,pressure+seismometer,DPG OBSIP-SIO/ABALONES | T240 Single-Sided/ABALONES,EarthScope,fdsn,411
7D_2011,J25A,7D,44.4729,-124.621597,-142.8,2011-10-21 04:26:00.000,2012-07-18 23:06:00.000000,BDH BH1 BH2 BHZ (50 Hz),50.0,pressure+seismometer,Differential Pressure Gauge OBSIP-SIO/ABALONES-4x4 | trillium_compact_OBS_SIO/ABALONES-4x4,EarthScope,fdsn,271
7D_2011,J25B,7D,44.471298,-124.621696,-147.0,2012-07-15 19:35:00.000,2013-06-27 18:41:00.000000,HH1 HH2 HHZ (125 Hz),125.0,seismometer,Nanometrics Trillium Compact Response/LDEO OBS 201,EarthScope,fdsn,346
7D_2011,J25C,7D,44.473,-124.621696,-144.0,2013-08-22 03:28:00.000,2014-06-01 17:43:56.000000,BDH BH1 BH2 BHZ (50 Hz),50.0,pressure+seismometer,Differential Pressure Gauge OBSIP-SIO/ABALONES-4x4 | trillium_compact_OBS_SIO/ABALONES-4x4,EarthScope,fdsn,283
7D_2011,J25D,7D,44.456699,-124.630997,-136.0,2014-09-21 16:55:50.000,2015-10-01 23:04:09.000000,HDH HH1 HH2 HHZ (125 Hz),125.0,pressure+seismometer,Nanometrics Trillium Compact Response/LDEO OBS 201 | Parosci APG Pressure/LDEO_APG_logger,EarthScope,fdsn,375
7D_2011,J26A,7D,44.654701,-125.4664,-2864.0,2011-10-21 09:00:00.000,2012-07-15 19:47:00.000000,HDH HH1 HH2 HHZ (125 Hz),125.0,pressure+seismometer,Nanometrics Trillium Compact Response/LDEO OBS 201 | Parosci APG Pressure/LDEO_APG_logger,EarthScope,fdsn,268
7D_2011,J26C,7D,44.6534,-125.465302,-2868.0,2013-09-06 00:05:00.000,2014-06-24 23:55:00.000000,HDH HH1 HH2 HHZ (125 Hz),125.0,pressure+seismometer,Nanometrics Trillium Compact Response/LDEO OBS 201 | Parosci APG Pressure/LDEO_APG_logger,EarthScope,fdsn,291
7D_2011,J26D,7D,44.6577,-125.467003,-2880.0,2014-09-08 20:49:54.000,2015-09-04 05:42:03.000000,HH1 HH2 HHZ (125 Hz),125.0,seismometer,Nanometrics Trillium Compact Response/LDEO OBS 201,EarthScope,fdsn,360
7D_2011,J27B,7D,44.847599,-126.3069,-2824.0,2012-08-24 00:00:00.000,2013-06-04 23:59:59.000000,BH1 BH2 BHZ (50 Hz); BDH (40 Hz); LDH LH1 LH2 LHZ (1 Hz); VPB (0.1 Hz),50.0,pressure+seismometer,Nanometrics trillium_compact_obs WHOI OBSIP/Quante | Quanterra Q330 Linear Phase Composite | SIO Differential Pressure Gauge/Quanterra Q330 Lin,EarthScope,fdsn,284
7D_2011,J27D,7D,44.8489,-126.308296,-2814.8,2014-07-11 00:00:00.000,2015-09-01 23:59:59.000000,BH1 BH2 BHZ (50 Hz); BDH (40 Hz); LDH LH1 LH2 LHZ (1 Hz); VPB (0.1 Hz),50.0,pressure+seismometer,Nanometrics trillium_compact_obs WHOI OBSIP/Quante | Quanterra Q330 Linear Phase Composite | SIO Differential Pressure Gauge/Quanterra Q330 Lin,EarthScope,fdsn,417
7D_2011,J28A,7D,45.063599,-127.156403,-2867.0,2011-11-16 00:00:00.000,2012-05-16 23:59:59.000000,BH1 BH2 BHZ BN1 BN2 BNZ (50 Hz); BDH (40 Hz); LDH LDI LH1 LH2 LHZ LN1 LN2 LNZ (1 Hz); VPB (0.1 Hz),50.0,accelerometer+pressure+seismometer,Episensor 200 Hz 5 Volt per g/Quanterra Q330 Linea | Guralp CMG3T_120sec WHOI OBSIP/Quanterra Q330 Line | QEP - Q330 Environmental Processor | Quanterra Q330 Linear Phase Composite | SIO Differential Pressure Gauge/QEP - Q330 Environ,EarthScope,fdsn,182
7D_2011,J28B,7D,45.063099,-127.155197,-2866.0,2012-08-24 00:00:00.000,2013-06-04 23:59:59.000000,BH1 BH2 BHZ BN1 BN2 BNZ (50 Hz); BDH (40 Hz); LDH LDI LH1 LH2 LHZ LN1 LN2 LNZ (1 Hz); VPB (0.1 Hz),50.0,accelerometer+pressure+seismometer,Episensor 200 Hz 5 Volt per g/Quanterra Q330 Linea | Guralp CMG3T_120sec WHOI OBSIP/Quanterra Q330 Line | QEP - Q330 Environmental Processor | Quanterra Q330 Linear Phase Composite | SIO Differential Pressure Gauge/QEP - Q330 Environ,EarthScope,fdsn,284
7D_2011,J28C,7D,45.061699,-127.1567,-2889.0,2013-08-02 00:00:00.000,2014-05-21 23:59:59.000000,BH1 BH2 BHZ BN1 BN2 BNZ (50 Hz); BDH (40 Hz); LDH LDI LH1 LH2 LHZ LN1 LN2 LNZ (1 Hz); VPB (0.1 Hz),50.0,accelerometer+pressure+seismometer,Episensor 200 Hz 5 Volt per g/Quanterra Q330 Linea | Guralp CMG3T_120sec WHOI OBSIP/Quanterra Q330 Line | QEP - Q330 Environmental Processor | Quanterra Q330 Linear Phase Composite | SIO Differential Pressure Gauge/QEP - Q330 Environ,EarthScope,fdsn,292
7D_2011,J28D,7D,45.030102,-127.155998,-2855.8,2014-07-11 00:00:00.000,2015-09-01 23:59:59.000000,BH1 BH2 BHZ (50 Hz); BDH (40 Hz); LDH LH1 LH2 LHZ (1 Hz); VPB (0.1 Hz),50.0,pressure+seismometer,Nanometrics trillium_compact_obs WHOI OBSIP/Quante | Quanterra Q330 Linear Phase Composite | SIO Differential Pressure Gauge/Quanterra Q330 Lin,EarthScope,fdsn,417
7D_2011,J29A,7D,45.175701,-128.008408,-2849.0,2011-11-20 00:00:00.000,2012-05-16 23:59:59.000000,BH1 BH2 BHZ (50 Hz); BDH (40 Hz); LDH LH1 LH2 LHZ (1 Hz); VPB (0.1 Hz),50.0,pressure+seismometer,Nanometrics trillium_compact_obs WHOI OBSIP/Quante | Quanterra Q330 Linear Phase Composite | SIO Differential Pressure Gauge/Quanterra Q330 Lin,EarthScope,fdsn,178
7D_2011,J29C,7D,45.1731,-128.005798,-2816.0,2013-08-02 00:00:00.000,2014-07-07 23:59:59.000000,BH1 BH2 BHZ (50 Hz); BDH (40 Hz); LDH LH1 LH2 LHZ (1 Hz); VPB (0.1 Hz),50.0,pressure+seismometer,Nanometrics trillium_compact_obs WHOI OBSIP/Quante | Quanterra Q330 Linear Phase Composite | SIO Differential Pressure Gauge/Quanterra Q330 Lin,EarthScope,fdsn,339
7D_2011,J30A,7D,45.424198,-128.906906,-2824.0,2011-11-20 00:00:00.000,2012-05-15 23:59:59.000000,BH1 BH2 BHZ (50 Hz); BDH (40 Hz); LDH LH1 LH2 LHZ (1 Hz); VPB (0.1 Hz),50.0,pressure+seismometer,Nanometrics trillium_compact_obs WHOI OBSIP/Quante | Quanterra Q330 Linear Phase Composite | SIO Differential Pressure Gauge/Quanterra Q330 Lin,EarthScope,fdsn,177
7D_2011,J30C,7D,45.426102,-128.910004,-2786.0,2013-08-07 00:00:00.000,2014-05-15 23:59:59.000000,BH1 BH2 BHZ (50 Hz); BDH (40 Hz); LDH LH1 LH2 LHZ (1 Hz); VPB (0.1 Hz),50.0,pressure+seismometer,Nanometrics trillium_compact_obs WHOI OBSIP/Quante | Quanterra Q330 Linear Phase Composite | SIO Differential Pressure Gauge/Quanterra Q330 Lin,EarthScope,fdsn,281
7D_2011,J31A,7D,45.553101,-129.672699,-2657.0,2011-11-21 00:00:00.000,2012-05-16 23:59:59.000000,BH1 BH2 BHZ (50 Hz); BDH (40 Hz); LDH LH1 LH2 LHZ (1 Hz); VPB (0.1 Hz),50.0,pressure+seismometer,Nanometrics trillium_compact_obs WHOI OBSIP/Quante | Quanterra Q330 Linear Phase Composite | SIO Differential Pressure Gauge/Quanterra Q330 Lin,EarthScope,fdsn,177
7D_2011,J31C,7D,45.551899,-129.672394,-2624.0,2013-08-07 00:00:00.000,2014-05-15 14:45:00.000000,BH1 BH2 BHZ (50 Hz); BDH (40 Hz); LDH LH1 LH2 LHZ (1 Hz); VPB (0.1 Hz),50.0,pressure+seismometer,Nanometrics trillium_compact_obs WHOI OBSIP/Quante | Quanterra Q330 Linear Phase Composite | SIO Differential Pressure Gauge/Quanterra Q330 Lin,EarthScope,fdsn,281
7D_2011,J32C,7D,45.7145,-130.602997,-2756.0,2013-08-08 00:00:00.000,2014-05-15 23:59:59.000000,BH1 BH2 BHZ BN1 BN2 BNZ (50 Hz); BDH (40 Hz); LDH LDI LH1 LH2 LHZ LN1 LN2 LNZ (1 Hz); VPB (0.1 Hz),50.0,accelerometer+pressure+seismometer,Episensor 200 Hz 5 Volt per g/Quanterra Q330 Linea | Guralp CMG3T_120sec WHOI OBSIP/Quanterra Q330 Line | QEP - Q330 Environmental Processor | Quanterra Q330 Linear Phase Composite | SIO Differential Pressure Gauge/QEP - Q330 Environ,EarthScope,fdsn,280
7D_2011,J33A,7D,45.106602,-124.570801,-348.7,2011-10-16 04:07:00.000,2012-07-19 08:41:00.000000,BDH BH1 BH2 BHZ (50 Hz),50.0,pressure+seismometer,Differential Pressure Gauge OBSIP-SIO/ABALONES-4x4 | trillium_compact_OBS_SIO/ABALONES-4x4,EarthScope,fdsn,277
7D_2011,J33B,7D,45.106602,-124.570602,-350.0,2012-07-14 18:20:00.000,2013-06-26 21:27:00.000000,HDH HH1 HH2 HHZ (125 Hz),125.0,pressure+seismometer,Nanometrics Trillium Compact Response/LDEO OBS 201 | Parosci APG Pressure/LDEO_APG_logger,EarthScope,fdsn,347
7D_2011,J33C,7D,45.1068,-124.570801,-354.0,2013-08-22 03:44:00.000,2014-05-29 00:34:00.000000,BDH BH1 BH2 BHZ (50 Hz),50.0,pressure+seismometer,Differential Pressure Gauge OBSIP-SIO/ABALONES-4x4 | trillium_compact_OBS_SIO/ABALONES-4x4,EarthScope,fdsn,279
7D_2011,J34A,7D,45.305698,-125.414497,-2574.0,2011-10-16 09:15:00.000,2012-07-17 08:13:30.000000,HDH HH1 HH2 HHZ (125 Hz),125.0,pressure+seismometer,Nanometrics Trillium Compact Response/LDEO OBS 201 | Parosci APG Pressure/LDEO_APG_logger,EarthScope,fdsn,274
7D_2011,J34C,7D,45.306999,-125.415199,-2580.0,2013-09-06 00:05:00.000,2014-06-24 23:55:00.000000,HDH HH1 HH2 HHZ (125 Hz),125.0,pressure+seismometer,Nanometrics Trillium Compact Response/LDEO OBS 201 | Parosci APG Pressure/LDEO_APG_logger,EarthScope,fdsn,291
7D_2011,J35A,7D,45.498901,-126.2668,-2662.0,2011-10-19 23:25:00.000,2012-07-18 12:07:00.000000,BDH BH1 BH2 BHZ (50 Hz),50.0,pressure+seismometer,Differential Pressure Gauge OBSIP-SIO/ABALONES-4x4 | trillium_compact_OBS_SIO/ABALONES-4x4,EarthScope,fdsn,272
7D_2011,J35C,7D,45.4995,-126.268303,-2655.0,2013-08-09 00:00:00.000,2014-05-19 23:59:59.000000,BH1 BH2 BHZ (50 Hz); BDH (40 Hz); LDH LH1 LH2 LHZ (1 Hz); VPB (0.1 Hz),50.0,pressure+seismometer,Nanometrics trillium_compact_obs WHOI OBSIP/Quante | Quanterra Q330 Linear Phase Composite | SIO Differential Pressure Gauge/Quanterra Q330 Lin,EarthScope,fdsn,283
7D_2011,J36A,7D,45.685501,-127.122498,-2821.0,2011-10-19 20:07:00.000,2012-07-18 05:42:00.000000,BDH BH1 BH2 BHZ (50 Hz),50.0,pressure+seismometer,Differential Pressure Gauge OBSIP-SIO/ABALONES-4x4 | trillium_compact_OBS_SIO/ABALONES-4x4,EarthScope,fdsn,272
7D_2011,J36C,7D,45.686501,-127.125198,-2812.0,2013-08-09 00:00:00.000,2014-05-20 23:59:59.000000,BH1 BH2 BHZ (50 Hz); BDH (40 Hz); LDH LH1 LH2 LHZ (1 Hz); VPB (0.1 Hz),50.0,pressure+seismometer,Nanometrics trillium_compact_obs WHOI OBSIP/Quante | Quanterra Q330 Linear Phase Composite | SIO Differential Pressure Gauge/Quanterra Q330 Lin,EarthScope,fdsn,284
7D_2011,J37A,7D,45.864201,-127.985298,-2862.0,2011-11-28 00:00:00.000,2012-05-16 23:59:59.000000,BH1 BH2 BHZ (50 Hz); BDH (40 Hz); LDH LH1 LH2 LHZ (1 Hz); VPB (0.1 Hz),50.0,pressure+seismometer,Nanometrics trillium_compact_obs WHOI OBSIP/Quante | Quanterra Q330 Linear Phase Composite | SIO Differential Pressure Gauge/Quanterra Q330 Lin,EarthScope,fdsn,170
7D_2011,J37C,7D,45.863499,-127.985298,-2886.0,2013-08-02 00:00:00.000,2014-05-20 23:59:59.000000,BH1 BH2 BHZ (50 Hz); BDH (40 Hz); LDH LH1 LH2 LHZ (1 Hz); VPB (0.1 Hz),50.0,pressure+seismometer,Nanometrics trillium_compact_obs WHOI OBSIP/Quante | Quanterra Q330 Linear Phase Composite | SIO Differential Pressure Gauge/Quanterra Q330 Lin,EarthScope,fdsn,291
7D_2011,J38A,7D,46.039501,-128.853104,-2734.0,2011-11-23 00:00:00.000,2012-05-17 23:59:59.000000,BH1 BH2 BHZ (50 Hz); BDH (40 Hz); LDH LH1 LH2 LHZ (1 Hz); VPB (0.1 Hz),50.0,pressure+seismometer,Nanometrics trillium_compact_obs WHOI OBSIP/Quante | Quanterra Q330 Linear Phase Composite | SIO Differential Pressure Gauge/Quanterra Q330 Lin,EarthScope,fdsn,176
7D_2011,J38C,7D,46.038898,-128.853607,-2731.0,2013-08-07 00:00:00.000,2014-05-16 23:59:59.000000,BH1 BH2 BHZ (50 Hz); BDH (40 Hz); LDH LH1 LH2 LHZ (1 Hz); VPB (0.1 Hz),50.0,pressure+seismometer,Nanometrics trillium_compact_obs WHOI OBSIP/Quante | Quanterra Q330 Linear Phase Composite | SIO Differential Pressure Gauge/Quanterra Q330 Lin,EarthScope,fdsn,282
7D_2011,J39A,7D,46.175999,-129.644104,-2659.0,2011-11-22 00:00:00.000,2012-05-17 23:59:59.000000,BH1 BH2 BHZ (50 Hz); BDH (40 Hz); LDH LH1 LH2 LHZ (1 Hz); VPB (0.1 Hz),50.0,pressure+seismometer,Nanometrics trillium_compact_obs WHOI OBSIP/Quante | Quanterra Q330 Linear Phase Composite | SIO Differential Pressure Gauge/Quanterra Q330 Lin,EarthScope,fdsn,177
7D_2011,J39C,7D,46.176102,-129.643799,-2656.0,2013-08-06 00:00:00.000,2014-05-16 23:59:59.000000,BH1 BH2 BHZ (50 Hz); BDH (40 Hz); LDH LH1 LH2 LHZ (1 Hz); VPB (0.1 Hz),50.0,pressure+seismometer,Nanometrics trillium_compact_obs WHOI OBSIP/Quante | Quanterra Q330 Linear Phase Composite | SIO Differential Pressure Gauge/Quanterra Q330 Lin,EarthScope,fdsn,283
7D_2011,J41A,7D,45.811901,-124.537201,-175.0,2011-07-25 18:08:00.000,2012-07-13 03:58:00.000000,HDH HH1 HH2 HHZ (125 Hz),125.0,pressure+seismometer,Nanometrics Trillium Compact Response/LDEO OBS 201 | Parosci APG Pressure/LDEO_APG_logger,EarthScope,fdsn,353
7D_2011,J41C,7D,45.811699,-124.537598,-171.0,2013-08-30 00:05:00.000,2014-06-24 23:55:00.000000,HDH HH1 HH2 HHZ (125 Hz),125.0,pressure+seismometer,Nanometrics Trillium Compact Response/LDEO OBS 201 | Parosci APG Pressure/LDEO_APG_logger,EarthScope,fdsn,298
7D_2011,J42A,7D,45.933102,-125.299698,-1540.0,2011-10-16 20:38:00.000,2012-07-17 18:55:30.000000,HDH HH1 HH2 HHZ (125 Hz),125.0,pressure+seismometer,Nanometrics Trillium Compact Response/LDEO OBS 201 | Parosci APG Pressure/LDEO_APG_logger,EarthScope,fdsn,274
7D_2011,J42C,7D,45.932301,-125.299103,-1550.0,2013-09-05 00:05:00.000,2014-06-29 23:55:00.000000,HDH HH1 HH2 HHZ (125 Hz),125.0,pressure+seismometer,Nanometrics Trillium Compact Response/LDEO OBS 201 | Parosci APG Pressure/LDEO_APG_logger,EarthScope,fdsn,297
7D_2011,J43A,7D,46.137798,-126.172096,-2654.4,2011-10-19 21:25:00.000,2012-07-17 18:41:00.000000,BDH BH1 BH2 BHZ (50 Hz),50.0,pressure+seismometer,Differential Pressure Gauge OBSIP-SIO/ABALONES-4x4 | trillium_compact_OBS_SIO/ABALONES-4x4,EarthScope,fdsn,271
7D_2011,J43C,7D,46.137001,-126.172501,-2645.0,2013-08-09 00:00:00.000,2014-05-19 23:59:59.000000,BH1 BH2 BHZ (50 Hz); BDH (40 Hz); LDH LH1 LH2 LHZ (1 Hz); VPB (0.1 Hz),50.0,pressure+seismometer,Nanometrics trillium_compact_obs WHOI OBSIP/Quante | Quanterra Q330 Linear Phase Composite | SIO Differential Pressure Gauge/Quanterra Q330 Lin,EarthScope,fdsn,283
7D_2011,J44A,7D,46.323002,-127.039001,-2724.1,2011-10-19 19:12:00.000,2012-07-18 00:12:00.000000,BDH BH1 BH2 BHZ (50 Hz),50.0,pressure+seismometer,Differential Pressure Gauge OBSIP-SIO/ABALONES-4x4 | trillium_compact_OBS_SIO/ABALONES-4x4,EarthScope,fdsn,272
7D_2011,J44C,7D,46.324001,-127.040703,-2742.0,2013-08-09 00:00:00.000,2014-05-19 23:59:59.000000,BH1 BH2 BHZ (50 Hz); BDH (40 Hz); LDH LH1 LH2 LHZ (1 Hz); VPB (0.1 Hz),50.0,pressure+seismometer,Nanometrics trillium_compact_obs WHOI OBSIP/Quante | Quanterra Q330 Linear Phase Composite | SIO Differential Pressure Gauge/Quanterra Q330 Lin,EarthScope,fdsn,283
7D_2011,J45A,7D,46.520901,-127.9049,-2757.0,2011-11-28 00:00:00.000,2012-05-18 23:59:59.000000,BH1 BH2 BHZ (50 Hz); BDH (40 Hz); LDH LH1 LH2 LHZ (1 Hz); VPB (0.1 Hz),50.0,pressure+seismometer,Nanometrics trillium_compact_obs WHOI OBSIP/Quante | Quanterra Q330 Linear Phase Composite | SIO Differential Pressure Gauge/Quanterra Q330 Lin,EarthScope,fdsn,172
7D_2011,J45C,7D,46.520901,-127.904701,-2742.0,2013-08-03 00:00:00.000,2014-07-07 23:59:59.000000,BH1 BH2 BHZ (50 Hz); BDH (40 Hz); LDH LH1 LH2 LHZ (1 Hz); VPB (0.1 Hz),50.0,pressure+seismometer,Nanometrics trillium_compact_obs WHOI OBSIP/Quante | Quanterra Q330 Linear Phase Composite | SIO Differential Pressure Gauge/Quanterra Q330 Lin,EarthScope,fdsn,338
7D_2011,J46A,7D,46.663898,-128.7883,-2744.0,2011-11-23 00:00:00.000,2012-05-18 23:59:59.000000,BH1 BH2 BHZ BN1 BN2 BNZ (50 Hz); BDH (40 Hz); LDH LDI LH1 LH2 LHZ LN1 LN2 LNZ (1 Hz); VPB (0.1 Hz),50.0,accelerometer+pressure+seismometer,Episensor 200 Hz 5 Volt per g/Quanterra Q330 Linea | Guralp CMG3T_120sec WHOI OBSIP/Quanterra Q330 Line | QEP - Q330 Environmental Processor | Quanterra Q330 Linear Phase Composite | SIO Differential Pressure Gauge/QEP - Q330 Environ,EarthScope,fdsn,177
7D_2011,J46C,7D,46.664501,-128.789398,-2744.0,2013-08-07 00:00:00.000,2014-05-16 23:59:59.000000,BH1 BH2 BHZ (50 Hz); BDH (40 Hz); LDH LH1 LH2 LHZ (1 Hz); VPB (0.1 Hz),50.0,pressure+seismometer,Nanometrics trillium_compact_obs WHOI OBSIP/Quante | Quanterra Q330 Linear Phase Composite | SIO Differential Pressure Gauge/Quanterra Q330 Lin,EarthScope,fdsn,282
7D_2011,J47A,7D,46.8433,-129.713501,-2685.0,2011-11-23 00:00:00.000,2012-05-17 23:59:59.000000,BH1 BH2 BHZ (50 Hz); BDH (40 Hz); LDH LH1 LH2 LHZ (1 Hz); VPB (0.1 Hz),50.0,pressure+seismometer,Nanometrics trillium_compact_obs WHOI OBSIP/Quante | Quanterra Q330 Linear Phase Composite | SIO Differential Pressure Gauge/Quanterra Q330 Lin,EarthScope,fdsn,176
7D_2011,J47C,7D,46.844002,-129.713898,-2679.0,2013-08-07 00:00:00.000,2014-05-16 23:59:59.000000,BH1 BH2 BHZ (50 Hz); BDH (40 Hz); LDH LH1 LH2 LHZ (1 Hz); VPB (0.1 Hz),50.0,pressure+seismometer,Nanometrics trillium_compact_obs WHOI OBSIP/Quante | Quanterra Q330 Linear Phase Composite | SIO Differential Pressure Gauge/Quanterra Q330 Lin,EarthScope,fdsn,282
7D_2011,J48A,7D,47.130402,-130.651306,-2973.0,2011-11-23 00:00:00.000,2012-05-17 23:59:59.000000,BH1 BH2 BHZ BN1 BN2 BNZ (50 Hz); BDH (40 Hz); LDH LDI LH1 LH2 LHZ LN1 LN2 LNZ (1 Hz); VPB (0.1 Hz),50.0,accelerometer+pressure+seismometer,Episensor 200 Hz 5 Volt per g/Quanterra Q330 Linea | Guralp CMG3T_120sec WHOI OBSIP/Quanterra Q330 Line | QEP - Q330 Environmental Processor | Quanterra Q330 Linear Phase Composite | SIO Differential Pressure Gauge/QEP - Q330 Environ,EarthScope,fdsn,176
7D_2011,J48B,7D,47.128201,-130.638504,-2877.0,2012-08-25 00:00:00.000,2013-06-06 23:59:59.000000,BH1 BH2 BHZ BN1 BN2 BNZ (50 Hz); BDH (40 Hz); LDH LDI LH1 LH2 LHZ LN1 LN2 LNZ (1 Hz); VPB (0.1 Hz),50.0,accelerometer+pressure+seismometer,Episensor 200 Hz 5 Volt per g/Quanterra Q330 Linea | Guralp CMG3T_120sec WHOI OBSIP/Quanterra Q330 Line | QEP - Q330 Environmental Processor | Quanterra Q330 Linear Phase Composite | SIO Differential Pressure Gauge/QEP - Q330 Environ,EarthScope,fdsn,285
7D_2011,J48C,7D,47.129501,-130.650696,-2940.0,2013-08-06 00:00:00.000,2014-05-17 23:59:59.000000,BH1 BH2 BHZ BN1 BN2 BNZ (50 Hz); BDH (40 Hz); LDH LDI LH1 LH2 LHZ LN1 LN2 LNZ (1 Hz); VPB (0.1 Hz),50.0,accelerometer+pressure+seismometer,Episensor 200 Hz 5 Volt per g/Quanterra Q330 Linea | Guralp CMG3T_120sec WHOI OBSIP/Quanterra Q330 Line | QEP - Q330 Environmental Processor | Quanterra Q330 Linear Phase Composite | SIO Differential Pressure Gauge/QEP - Q330 Environ,EarthScope,fdsn,284
7D_2011,J49A,7D,46.437801,-124.427498,-120.0,2011-07-26 03:51:10.000,2012-07-13 14:59:00.000000,HDH HH1 HH2 HHZ (125 Hz),125.0,pressure+seismometer,Nanometrics Trillium Compact Response/LDEO OBS 201 | Parosci APG Pressure/LDEO_APG_logger,EarthScope,fdsn,353
7D_2011,J49C,7D,46.438,-124.427803,-113.0,2013-08-30 00:05:00.000,2014-06-29 23:55:00.000000,HDH HH1 HH2 HHZ (125 Hz),125.0,pressure+seismometer,Nanometrics Trillium Compact Response/LDEO OBS 201 | Parosci APG Pressure/LDEO_APG_logger,EarthScope,fdsn,303
7D_2011,J50A,7D,46.640202,-125.299103,-1909.0,2011-10-17 05:56:30.000,2012-07-20 17:37:00.000000,HDH HH1 HH2 HHZ (125 Hz),125.0,pressure+seismometer,Nanometrics Trillium Compact Response/LDEO OBS 201 | Parosci APG Pressure/LDEO_APG_logger,EarthScope,fdsn,277
7D_2011,J50C,7D,46.641102,-125.298698,-1931.0,2013-09-04 00:05:00.000,2014-06-30 23:55:00.000000,HDH HH1 HH2 HHZ (125 Hz),125.0,pressure+seismometer,Nanometrics Trillium Compact Response/LDEO OBS 201 | Parosci APG Pressure/LDEO_APG_logger,EarthScope,fdsn,299
7D_2011,J51A,7D,46.797001,-126.164101,-2610.0,2011-10-19 00:00:00.000,2012-08-07 23:59:59.000000,HH1 HH2 HHZ (125 Hz),125.0,seismometer,Nanometrics Trillium Compact Response/LDEO OBS 201,EarthScope,fdsn,293
7D_2011,J51C,7D,46.7957,-126.163101,-2626.0,2013-09-06 04:00:00.000,2014-07-01 10:25:19.000000,HH1 HH2 HHZ (125 Hz),125.0,seismometer,Nanometrics Trillium Compact Response/LDEO OBS 201,EarthScope,fdsn,298
7D_2011,J52A,7D,46.992001,-127.0159,-2613.0,2011-11-28 00:00:00.000,2012-05-18 23:59:59.000000,BH1 BH2 BHZ (50 Hz); BDH (40 Hz); LDH LH1 LH2 LHZ (1 Hz); VPB (0.1 Hz),50.0,pressure+seismometer,Nanometrics trillium_compact_obs WHOI OBSIP/Quante | Quanterra Q330 Linear Phase Composite | SIO Differential Pressure Gauge/Quanterra Q330 Lin,EarthScope,fdsn,172
7D_2011,J52C,7D,46.992001,-127.0158,-2640.0,2013-08-20 19:38:00.000,2014-05-31 17:22:58.000000,BDH BH1 BH2 BHZ (50 Hz),50.0,pressure+seismometer,Differential Pressure Gauge OBSIP-SIO/ABALONES-4x4 | trillium_compact_OBS_SIO/ABALONES-4x4,EarthScope,fdsn,283
7D_2011,J53A,7D,47.1642,-127.922096,-2686.0,2011-11-28 00:00:00.000,2012-05-18 23:59:59.000000,BH1 BH2 BHZ BN1 BN2 BNZ (50 Hz); BDH (40 Hz); LDH LDI LH1 LH2 LHZ LN1 LN2 LNZ (1 Hz); VPB (0.1 Hz),50.0,accelerometer+pressure+seismometer,Episensor 200 Hz 5 Volt per g/Quanterra Q330 Linea | Guralp CMG3T_120sec WHOI OBSIP/Quanterra Q330 Line | QEP - Q330 Environmental Processor | Quanterra Q330 Linear Phase Composite | SIO Differential Pressure Gauge/QEP - Q330 Environ,EarthScope,fdsn,172
7D_2011,J53C,7D,47.164299,-127.922302,-2717.0,2013-08-20 19:25:00.000,2014-05-31 12:23:03.000000,BDH BH1 BH2 BHZ (50 Hz),50.0,pressure+seismometer,Differential Pressure Gauge OBSIP-SIO/ABALONES-4x4 | trillium_compact_OBS_SIO/ABALONES-4x4,EarthScope,fdsn,283
7D_2011,J54A,7D,47.3358,-128.8116,-2662.0,2011-11-27 00:00:00.000,2012-05-18 23:59:59.000000,BH1 BH2 BHZ (50 Hz); BDH (40 Hz); LDH LH1 LH2 LHZ (1 Hz); VPB (0.1 Hz),50.0,pressure+seismometer,Nanometrics trillium_compact_obs WHOI OBSIP/Quante | Quanterra Q330 Linear Phase Composite | SIO Differential Pressure Gauge/Quanterra Q330 Lin,EarthScope,fdsn,173
7D_2011,J54C,7D,47.3358,-128.811295,-2666.0,2013-08-03 00:00:00.000,2014-05-18 23:59:59.000000,BH1 BH2 BHZ BN1 BN2 BNZ (50 Hz); BDH (40 Hz); LDH LDI LH1 LH2 LHZ LN1 LN2 LNZ (1 Hz); VPB (0.1 Hz),50.0,accelerometer+pressure+seismometer,Episensor 200 Hz 5 Volt per g/Quanterra Q330 Linea | Guralp CMG3T_120sec WHOI OBSIP/Quanterra Q330 Line | QEP - Q330 Environmental Processor | Quanterra Q330 Linear Phase Composite | SIO Differential Pressure Gauge/QEP - Q330 Environ,EarthScope,fdsn,288
7D_2011,J55A,7D,47.530499,-129.707596,-2800.0,2011-11-24 00:00:00.000,2012-05-19 23:59:59.000000,BH1 BH2 BHZ (50 Hz); BDH (40 Hz); LDH LH1 LH2 LHZ (1 Hz); VPB (0.1 Hz),50.0,pressure+seismometer,Nanometrics trillium_compact_obs WHOI OBSIP/Quante | Quanterra Q330 Linear Phase Composite | SIO Differential Pressure Gauge/Quanterra Q330 Lin,EarthScope,fdsn,177
7D_2011,J55C,7D,47.531502,-129.707794,-2755.0,2013-08-06 00:00:00.000,2014-05-17 23:59:59.000000,BH1 BH2 BHZ BN1 BN2 BNZ (50 Hz); BDH (40 Hz); LDH LDI LH1 LH2 LHZ LN1 LN2 LNZ (1 Hz); VPB (0.1 Hz),50.0,accelerometer+pressure+seismometer,Episensor 200 Hz 5 Volt per g/Quanterra Q330 Linea | Guralp CMG3T_120sec WHOI OBSIP/Quanterra Q330 Line | QEP - Q330 Environmental Processor | Quanterra Q330 Linear Phase Composite | SIO Differential Pressure Gauge/QEP - Q330 Environ,EarthScope,fdsn,284
7D_2011,J57A,7D,47.080101,-124.4505,-55.8,2011-10-17 17:13:00.000,2012-07-15 22:47:00.000000,BDH BH1 BH2 BHZ (50 Hz),50.0,pressure+seismometer,Differential Pressure Gauge OBSIP-SIO/ABALONES-4x4 | trillium_compact_OBS_SIO/ABALONES-4x4,EarthScope,fdsn,272
7D_2011,J57C,7D,47.080399,-124.4506,-67.0,2013-09-02 00:05:00.000,2014-06-28 23:55:00.000000,HDH HH1 HH2 HHZ (125 Hz),125.0,pressure+seismometer,Nanometrics Trillium Compact Response/LDEO OBS 201 | Parosci APG Pressure/LDEO_APG_logger,EarthScope,fdsn,299
7D_2011,J58A,7D,47.318802,-125.534401,-1511.0,2011-10-18 09:03:00.000,2012-07-11 18:11:00.000000,HH1 HH2 HHZ (125 Hz),125.0,seismometer,Nanometrics Trillium Compact Response/LDEO OBS 201,EarthScope,fdsn,267
7D_2011,J58C,7D,47.317799,-125.534599,-1527.0,2013-09-04 00:05:00.000,2014-06-27 23:55:00.000000,HDH HH1 HH2 HHZ (125 Hz),125.0,pressure+seismometer,Nanometrics Trillium Compact Response/LDEO OBS 201 | Parosci APG Pressure/LDEO_APG_logger,EarthScope,fdsn,296
7D_2011,J59A,7D,47.509602,-126.415298,-2371.0,2011-10-19 00:00:00.000,2012-07-11 23:59:59.000000,HH1 HH2 HHZ (125 Hz),125.0,seismometer,Nanometrics Trillium Compact Response/LDEO OBS 201,EarthScope,fdsn,266
7D_2011,J59C,7D,47.511101,-126.416801,-2389.0,2013-09-05 00:05:00.000,2014-06-27 23:55:00.000000,HDH HH1 HH2 HHZ (125 Hz),125.0,pressure+seismometer,Nanometrics Trillium Compact Response/LDEO OBS 201 | Parosci APG Pressure/LDEO_APG_logger,EarthScope,fdsn,295
7D_2011,J61A,7D,47.872501,-128.197205,-2644.0,2011-11-27 00:00:00.000,2012-05-20 23:59:59.000000,BH1 BH2 BHZ (50 Hz); BDH (40 Hz); LDH LH1 LH2 LHZ (1 Hz); VPB (0.1 Hz),50.0,pressure+seismometer,Nanometrics trillium_compact_obs WHOI OBSIP/Quante | Quanterra Q330 Linear Phase Composite | SIO Differential Pressure Gauge/Quanterra Q330 Lin,EarthScope,fdsn,175
7D_2011,J61C,7D,47.872799,-128.197205,-2673.0,2013-08-20 10:21:00.000,2014-05-31 06:55:00.000000,BDH BH1 BH2 BHZ (50 Hz),50.0,pressure+seismometer,Differential Pressure Gauge OBSIP-SIO/ABALONES-4x4 | trillium_compact_OBS_SIO/ABALONES-4x4,EarthScope,fdsn,283
7D_2011,J63A,7D,48.206501,-130.003296,-2882.0,2011-11-25 00:00:00.000,2012-05-19 23:59:59.000000,BH1 BH2 BHZ BN1 BN2 BNZ (50 Hz); BDH (40 Hz); LDH LDI LH1 LH2 LHZ LN1 LN2 LNZ (1 Hz); VPB (0.1 Hz),50.0,accelerometer+pressure+seismometer,Episensor 200 Hz 5 Volt per g/Quanterra Q330 Linea | Guralp CMG3T_120sec WHOI OBSIP/Quanterra Q330 Line | QEP - Q330 Environmental Processor | Quanterra Q330 Linear Phase Composite | SIO Differential Pressure Gauge/QEP - Q330 Environ,EarthScope,fdsn,176
7D_2011,J63B,7D,48.205399,-130.001907,-2857.0,2012-08-25 00:00:00.000,2013-06-05 23:59:59.000000,BH1 BH2 BHZ BN1 BN2 BNZ (50 Hz); BDH (40 Hz); LDH LDI LH1 LH2 LHZ LN1 LN2 LNZ (1 Hz); VPB (0.1 Hz),50.0,accelerometer+pressure+seismometer,Episensor 200 Hz 5 Volt per g/Quanterra Q330 Linea | Guralp CMG3T_120sec WHOI OBSIP/Quanterra Q330 Line | QEP - Q330 Environmental Processor | Quanterra Q330 Linear Phase Composite | SIO Differential Pressure Gauge/QEP - Q330 Environ,EarthScope,fdsn,284
7D_2011,J63C,7D,48.2047,-130.005295,-2845.0,2013-08-05 00:00:00.000,2014-05-17 23:59:59.000000,BH1 BH2 BHZ BN1 BN2 BNZ (50 Hz); BDH (40 Hz); LDH LDI LH1 LH2 LHZ LN1 LN2 LNZ (1 Hz); VPB (0.1 Hz),50.0,accelerometer+pressure+seismometer,Episensor 200 Hz 5 Volt per g/Quanterra Q330 Linea | Guralp CMG3T_120sec WHOI OBSIP/Quanterra Q330 Line | QEP - Q330 Environmental Processor | Quanterra Q330 Linear Phase Composite | SIO Differential Pressure Gauge/QEP - Q330 Environ,EarthScope,fdsn,285
7D_2011,J65A,7D,47.8913,-125.139603,-165.2,2011-10-17 22:31:00.000,2012-07-16 07:21:00.000000,BDH BH1 BH2 BHZ (50 Hz),50.0,pressure+seismometer,Differential Pressure Gauge OBSIP-SIO/ABALONES-4x4 | trillium_compact_OBS_SIO/ABALONES-4x4,EarthScope,fdsn,272
7D_2011,J65C,7D,47.8913,-125.139801,-169.0,2013-08-19 01:32:00.000,2014-05-29 23:45:59.000000,BDH BH1 BH2 BHZ (50 Hz),50.0,pressure+seismometer,Differential Pressure Gauge OBSIP-SIO/ABALONES-4x4 | trillium_compact_OBS_SIO/ABALONES-4x4,EarthScope,fdsn,283
7D_2011,J67A,7D,48.150002,-127.084198,-2612.0,2011-11-26 00:00:00.000,2012-05-19 23:59:59.000000,BH1 BH2 BHZ (50 Hz); BDH (40 Hz); LDH LH1 LH2 LHZ (1 Hz); VPB (0.1 Hz),50.0,pressure+seismometer,Nanometrics trillium_compact_obs WHOI OBSIP/Quante | Quanterra Q330 Linear Phase Composite | SIO Differential Pressure Gauge/Quanterra Q330 Lin,EarthScope,fdsn,175
7D_2011,J67C,7D,48.151001,-127.0868,-2581.0,2013-08-05 00:00:00.000,2014-05-19 23:59:59.000000,BH1 BH2 BHZ BN1 BN2 BNZ (50 Hz); BDH (40 Hz); LDH LDI LH1 LH2 LHZ LN1 LN2 LNZ (1 Hz); VPB (0.1 Hz),50.0,accelerometer+pressure+seismometer,Episensor 200 Hz 5 Volt per g/Quanterra Q330 Linea | Guralp CMG3T_120sec WHOI OBSIP/Quanterra Q330 Line | QEP - Q330 Environmental Processor | Quanterra Q330 Linear Phase Composite | SIO Differential Pressure Gauge/QEP - Q330 Environ,EarthScope,fdsn,287
7D_2011,J68A,7D,48.480999,-127.829201,-2590.0,2011-11-25 00:00:00.000,2012-05-19 23:59:59.000000,BH1 BH2 BHZ BN1 BN2 BNZ (50 Hz); BDH (40 Hz); LDH LDI LH1 LH2 LHZ LN1 LN2 LNZ (1 Hz); VPB (0.1 Hz),50.0,accelerometer+pressure+seismometer,Episensor 200 Hz 5 Volt per g/Quanterra Q330 Linea | Guralp CMG3T_120sec WHOI OBSIP/Quanterra Q330 Line | QEP - Q330 Environmental Processor | Quanterra Q330 Linear Phase Composite | SIO Differential Pressure Gauge/QEP - Q330 Environ,EarthScope,fdsn,176
7D_2011,J68C,7D,48.481098,-127.8293,-2587.0,2013-08-20 10:02:00.000,2014-05-31 02:07:59.000000,BDH BH1 BH2 BHZ (50 Hz),50.0,pressure+seismometer,Differential Pressure Gauge OBSIP-SIO/ABALONES-4x4 | trillium_compact_OBS_SIO/ABALONES-4x4,EarthScope,fdsn,283
7D_2011,J69C,7D,48.626999,-128.738602,-2544.0,2013-08-05 00:00:00.000,2014-05-17 23:59:59.000000,BH1 BH2 BHZ BN1 BN2 BNZ (50 Hz); BDH (40 Hz); LDH LDI LH1 LH2 LHZ LN1 LN2 LNZ (1 Hz); VPB (0.1 Hz),50.0,accelerometer+pressure+seismometer,Episensor 200 Hz 5 Volt per g/Quanterra Q330 Linea | Guralp CMG3T_120sec WHOI OBSIP/Quanterra Q330 Line | QEP - Q330 Environmental Processor | Quanterra Q330 Linear Phase Composite | SIO Differential Pressure Gauge/QEP - Q330 Environ,EarthScope,fdsn,285
7D_2011,J73A,7D,48.7677,-126.192497,-143.3,2011-10-18 03:52:00.000,2012-07-17 00:59:00.000000,BDH BH1 BH2 BHZ (50 Hz),50.0,pressure+seismometer,Differential Pressure Gauge OBSIP-SIO/ABALONES-4x4 | trillium_compact_OBS_SIO/ABALONES-4x4,EarthScope,fdsn,272
7D_2011,J73C,7D,48.767899,-126.192596,-133.0,2013-08-19 16:50:00.000,2014-05-30 11:59:00.000000,BDH BH1 BH2 BHZ (50 Hz),50.0,pressure+seismometer,Differential Pressure Gauge OBSIP-SIO/ABALONES-4x4 | trillium_compact_OBS_SIO/ABALONES-4x4,EarthScope,fdsn,283
7D_2011,M01A,7D,49.150398,-126.722099,-132.9,2011-10-18 04:54:00.000,2012-07-16 21:24:00.000000,BDH BH1 BH2 BHZ (50 Hz),50.0,pressure+seismometer,Differential Pressure Gauge OBSIP-SIO/ABALONES-4x4 | trillium_compact_OBS_SIO/ABALONES-4x4,EarthScope,fdsn,272
7D_2011,M01C,7D,49.150398,-126.722198,-138.0,2013-08-19 20:08:00.000,2014-05-30 19:32:58.000000,BDH BH1 BH2 BHZ (50 Hz),50.0,pressure+seismometer,Differential Pressure Gauge OBSIP-SIO/ABALONES-4x4 | trillium_compact_OBS_SIO/ABALONES-4x4,EarthScope,fdsn,283
7D_2011,M02A,7D,48.306999,-125.600403,-139.0,2011-10-18 02:30:00.000,2012-07-16 12:00:00.000000,BDH BH1 BH2 BHZ (50 Hz),50.0,pressure+seismometer,Differential Pressure Gauge OBSIP-SIO/ABALONES-4x4 | trillium_compact_OBS_SIO/ABALONES-4x4,EarthScope,fdsn,272
7D_2011,M02C,7D,48.3069,-125.601196,-141.0,2013-08-19 15:48:00.000,2014-05-30 08:04:00.000000,BDH BH1 BH2 BHZ (50 Hz),50.0,pressure+seismometer,Differential Pressure Gauge OBSIP-SIO/ABALONES-4x4 | trillium_compact_OBS_SIO/ABALONES-4x4,EarthScope,fdsn,283
7D_2011,M03A,7D,47.888302,-126.103996,-1818.0,2011-10-19 14:55:32.000,2012-07-11 10:24:00.000000,HH1 HH2 HHZ (125 Hz),125.0,seismometer,Nanometrics Trillium Compact Response/LDEO OBS 201,EarthScope,fdsn,265
7D_2011,M03C,7D,47.888401,-126.104599,-1839.0,2013-08-19 16:13:00.000,2014-05-30 04:45:00.000000,BDH BH1 BH2 BHZ (50 Hz),50.0,pressure+seismometer,Differential Pressure Gauge OBSIP-SIO/ABALONES-4x4 | trillium_compact_OBS_SIO/ABALONES-4x4,EarthScope,fdsn,283
7D_2011,M04A,7D,47.558102,-125.1922,-563.4,2011-10-17 19:46:00.000,2012-07-16 04:28:57.000000,BDH BH1 BH2 BHZ (50 Hz),50.0,pressure+seismometer,Differential Pressure Gauge OBSIP-SIO/ABALONES-4x4 | trillium_compact_OBS_SIO/ABALONES-4x4,EarthScope,fdsn,272
7D_2011,M04C,7D,47.558399,-125.192299,-570.0,2013-08-19 00:31:00.000,2014-05-29 21:05:12.000000,BDH BH1 BH2 BHZ (50 Hz),50.0,pressure+seismometer,Differential Pressure Gauge OBSIP-SIO/ABALONES-4x4 | trillium_compact_OBS_SIO/ABALONES-4x4,EarthScope,fdsn,283
7D_2011,M05A,7D,46.1735,-124.934601,-828.2,2011-10-17 00:00:00.000,2012-07-15 15:18:32.000000,BDH BH1 BH2 BHZ (50 Hz),50.0,pressure+seismometer,Differential Pressure Gauge OBSIP-SIO/ABALONES-4x4 | trillium_compact_OBS_SIO/ABALONES-4x4,EarthScope,fdsn,272
7D_2011,M05C,7D,46.1735,-124.934502,-837.0,2013-08-19 00:52:00.000,2014-05-29 12:44:00.000000,BDH BH1 BH2 BHZ (50 Hz),50.0,pressure+seismometer,Differential Pressure Gauge OBSIP-SIO/ABALONES-4x4 | trillium_compact_OBS_SIO/ABALONES-4x4,EarthScope,fdsn,283
7D_2011,M06A,7D,45.529499,-124.926804,-1439.0,2011-10-16 15:43:00.000,2012-07-17 15:42:00.000000,HDH HH1 HH2 HHZ (125 Hz),125.0,pressure+seismometer,Nanometrics Trillium Compact Response/LDEO OBS 201 | Parosci APG Pressure/LDEO_APG_logger,EarthScope,fdsn,274
7D_2011,M06C,7D,45.528702,-124.926102,-1460.0,2013-09-05 00:05:00.000,2014-06-24 23:55:00.000000,HDH HH1 HH2 HHZ (125 Hz),125.0,pressure+seismometer,Nanometrics Trillium Compact Response/LDEO OBS 201 | Parosci APG Pressure/LDEO_APG_logger,EarthScope,fdsn,292
7D_2011,M07A,7D,44.898701,-125.116798,-1356.5,2011-10-15 23:10:00.000,2012-07-15 19:53:00.000000,BDH BH1 BH2 BHZ (50 Hz),50.0,pressure+seismometer,Differential Pressure Gauge OBSIP-SIO/ABALONES-4x4 | trillium_compact_OBS_SIO/ABALONES-4x4,EarthScope,fdsn,273
7D_2011,M07C,7D,44.8988,-125.116798,-1365.0,2013-08-21 21:25:00.000,2014-06-01 10:25:58.000000,BDH BH1 BH2 BHZ (50 Hz),50.0,pressure+seismometer,Differential Pressure Gauge OBSIP-SIO/ABALONES-4x4 | trillium_compact_OBS_SIO/ABALONES-4x4,EarthScope,fdsn,283
7D_2011,M08A,7D,44.118698,-124.895302,-126.4,2011-10-20 23:50:00.000,2012-07-18 23:06:00.000000,BDH BH1 BH2 BHZ (50 Hz),50.0,pressure+seismometer,Differential Pressure Gauge OBSIP-SIO/ABALONES-4x4 | trillium_compact_OBS_SIO/ABALONES-4x4,EarthScope,fdsn,271
7D_2011,M08C,7D,44.1185,-124.895401,-131.0,2013-08-21 21:39:00.000,2014-06-01 15:01:59.000000,BDH BH1 BH2 BHZ (50 Hz),50.0,pressure+seismometer,Differential Pressure Gauge OBSIP-SIO/ABALONES-4x4 | trillium_compact_OBS_SIO/ABALONES-4x4,EarthScope,fdsn,283
7D_2011,M09B,7D,44.249699,-125.058899,-914.0,2012-07-17 09:43:30.000,2013-06-28 03:58:54.000000,HH1 HH2 HHZ (125 Hz),125.0,seismometer,Nanometrics Trillium Compact Response/LDEO OBS 201,EarthScope,fdsn,345
7D_2011,M10B,7D,43.624802,-124.972801,-675.0,2012-07-16 07:10:00.000,2013-06-29 02:20:00.000000,HDH HH1 HH2 HHZ (125 Hz),125.0,pressure+seismometer,Nanometrics Trillium Compact Response/LDEO OBS 201 | Parosci APG Pressure/LDEO_APG_logger,EarthScope,fdsn,347
7D_2011,M11B,7D,42.931999,-125.017097,-1109.0,2012-09-02 07:06:00.000,2013-06-18 12:20:00.000000,BDH BH1 BH2 BHZ (50 Hz),50.0,pressure+seismometer,DPG OBSIP-SIO/ABALONES-4x4 | T-compact OBS-SIO/ABALONES-4x4,EarthScope,fdsn,289
7D_2011,M12B,7D,42.183998,-124.946098,-1045.0,2012-09-02 12:31:00.000,2013-06-18 17:12:00.000000,BDH BH1 BH2 BHZ (50 Hz),50.0,pressure+seismometer,DPG OBSIP-SIO/ABALONES-4x4 | T-compact OBS-SIO/ABALONES-4x4,EarthScope,fdsn,289
7D_2011,M13B,7D,41.671501,-124.859596,-909.0,2012-09-18 04:50:00.000,2013-06-30 05:00:00.000000,HDH HH1 HH2 HHZ (125 Hz),125.0,pressure+seismometer,Nanometrics Trillium Compact Response/LDEO OBS 201 | Parosci APG Pressure/LDEO_APG_logger,EarthScope,fdsn,285
7D_2011,M13D,7D,43.597301,-125.044601,-990.0,2014-09-09 13:47:20.000,2015-10-03 18:11:40.000000,HDH HH1 HH2 HHZ (125 Hz),125.0,pressure+seismometer,Nanometrics Trillium Compact Response/LDEO OBS 201 | Parosci APG Pressure/LDEO_APG_logger,EarthScope,fdsn,389
7D_2011,M14B,7D,40.985001,-124.589699,-638.0,2012-09-02 22:56:00.000,2013-06-19 00:28:00.000000,BDH BH1 BH2 BHZ (50 Hz),50.0,pressure+seismometer,DPG OBSIP-SIO/ABALONES-4x4 | T-compact OBS-SIO/ABALONES-4x4,EarthScope,fdsn,289
7D_2011,M14D,7D,42.913601,-124.977898,-997.0,2014-09-10 13:44:20.000,2015-10-09 12:54:40.000000,HDH HH1 HH2 HHZ (125 Hz),125.0,pressure+seismometer,Nanometrics Trillium Compact Response/LDEO OBS 201 | Parosci APG Pressure/LDEO_APG_logger,EarthScope,fdsn,393
7D_2011,M15D,7D,42.210701,-124.907402,-933.0,2014-09-11 19:08:20.000,2015-06-27 16:59:11.000000,HDH HH1 HH2 HHZ (125 Hz),125.0,pressure+seismometer,Nanometrics Trillium Compact Response/LDEO OBS 201 | Parosci APG Pressure/LDEO_APG_logger,EarthScope,fdsn,288
7D_2011,M16D,7D,41.6618,-124.807098,-882.0,2014-08-12 15:58:00.000,2015-09-17 16:43:54.000000,BDH BH1 BH2 BHZ (50 Hz),50.0,pressure+seismometer,DPG OBSIP-SIO/ABALONES | T-compact OBS-SIO/ABALONES,EarthScope,fdsn,401
7D_2011,M17D,7D,41.036999,-124.629799,-749.0,2014-09-12 19:58:50.000,2015-10-08 03:11:39.000000,HDH HH1 HH2 HHZ (125 Hz),125.0,pressure+seismometer,Nanometrics Trillium Compact Response/LDEO OBS 201 | Parosci APG Pressure/LDEO_APG_logger,EarthScope,fdsn,390
7D_2011,M18B,7D,44.8871,-124.971199,-720.0,2012-07-14 02:20:00.000,2013-06-27 07:00:00.000000,HDH HH1 HH2 HHZ (125 Hz),125.0,pressure+seismometer,Nanometrics Trillium Compact Response/LDEO OBS 201 | Parosci APG Pressure/LDEO_APG_logger,EarthScope,fdsn,348
7K_2018,AN1,7K,40.3154,-66.986078,-2071.3,2018-11-30 00:00:00.000,2019-09-02 23:59:59.000000,HDH HH1 HH2 HHZ (100 Hz); LDH LH1 LH2 LHZ (1 Hz); VPB (0.1 Hz),100.0,pressure+seismometer,Nanometrics trillium_compact_obs WHOI OBSIP/Quante | Quanterra Q330 Linear Phase Composite | SIO Differential Pressure Gauge/Quanterra Q330 Lin,EarthScope,fdsn,276
7K_2018,AN2,7K,40.316045,-66.968907,-2039.2,2018-11-30 00:00:00.000,2019-09-02 23:59:59.000000,HDH HH1 HH2 HHZ (100 Hz); LDH LH1 LH2 LHZ (1 Hz); VPB (0.1 Hz),100.0,pressure+seismometer,Nanometrics trillium_compact_obs WHOI OBSIP/Quante | Quanterra Q330 Linear Phase Composite | SIO Differential Pressure Gauge/Quanterra Q330 Lin,EarthScope,fdsn,276
7K_2018,AN3,7K,40.321942,-66.972868,-2014.9,2018-11-30 00:00:00.000,2019-09-02 23:59:59.000000,HDH HH1 HH2 HHZ (100 Hz); LDH LH1 LH2 LHZ (1 Hz); VPB (0.1 Hz),100.0,pressure+seismometer,Nanometrics trillium_compact_obs WHOI OBSIP/Quante | Quanterra Q330 Linear Phase Composite | SIO Differential Pressure Gauge/Quanterra Q330 Lin,EarthScope,fdsn,276
7K_2018,AN4,7K,40.332022,-66.973035,-1982.2,2018-11-30 00:00:00.000,2019-09-02 23:59:59.000000,HDH HH1 HH2 HHZ (100 Hz); LDH LH1 LH2 LHZ (1 Hz); VPB (0.1 Hz),100.0,pressure+seismometer,Nanometrics trillium_compact_obs WHOI OBSIP/Quante | Quanterra Q330 Linear Phase Composite | SIO Differential Pressure Gauge/Quanterra Q330 Lin,EarthScope,fdsn,276
7K_2018,AN5,7K,40.330957,-66.981482,-1992.0,2018-11-30 00:00:00.000,2019-09-02 23:59:59.000000,HDH HH1 HH2 HHZ (100 Hz); LDH LH1 LH2 LHZ (1 Hz); VPB (0.1 Hz),100.0,pressure+seismometer,Nanometrics trillium_compact_obs WHOI OBSIP/Quante | Quanterra Q330 Linear Phase Composite | SIO Differential Pressure Gauge/Quanterra Q330 Lin,EarthScope,fdsn,276
7K_2018,AN6,7K,40.335108,-66.985945,-1992.5,2018-11-30 00:00:00.000,2019-09-02 23:59:59.000000,HDH HH1 HH2 HHZ (100 Hz); LDH LH1 LH2 LHZ (1 Hz); VPB (0.1 Hz),100.0,pressure+seismometer,Nanometrics trillium_compact_obs WHOI OBSIP/Quante | Quanterra Q330 Linear Phase Composite | SIO Differential Pressure Gauge/Quanterra Q330 Lin,EarthScope,fdsn,276
7M_2019,STOR1,7M,77.5982,18.8532,-150.0,2019-08-20 00:00:00.000,2020-06-25 00:00:00.000000,HDH HH1 HH2 HHZ (100 Hz),100.0,pressure+seismometer,,UIB-NORSAR,fdsn,310
7M_2019,STOR2,7M,77.162,19.1677,-150.0,2019-08-20 00:00:00.000,2020-06-25 00:00:00.000000,HDH HH1 HH2 HHZ (100 Hz),100.0,pressure+seismometer,,UIB-NORSAR,fdsn,310
7M_2019,STOR3,7M,77.047,17.6763,-120.0,2019-08-20 00:00:00.000,2020-06-25 00:00:00.000000,HDH HH1 HH2 HHZ (100 Hz),100.0,pressure+seismometer,,UIB-NORSAR,fdsn,310
7Y_2021,HNO1,7Y,60.6865,3.5845,-316.0,2021-10-04 00:00:00.000,2022-09-21 00:00:00.000000,HDH HH1 HH2 HHZ (100 Hz),100.0,pressure+seismometer,,UIB-NORSAR,fdsn,352
7Y_2021,HNO2,7Y,60.521,3.7553,-300.0,2021-10-04 00:00:00.000,2022-09-21 00:00:00.000000,HDH HH1 HH2 HHZ (100 Hz),100.0,pressure+seismometer,,UIB-NORSAR,fdsn,352
7Y_2021,HNO3,7Y,60.2952,3.8917,-280.0,2021-10-04 00:00:00.000,2022-09-21 00:00:00.000000,HDH HH1 HH2 HHZ (100 Hz),100.0,pressure+seismometer,,UIB-NORSAR,fdsn,352
8A_2019,A101,8A,-4.585484,-105.891056,-3394.0,2019-11-30 17:34:00.000,2021-02-11 17:12:59.965300,EDH EL1 EL2 ELZ (100 Hz),100.0,pressure+seismometer,HTI_90_U Hydrophone OBSIP-SIO/ABALONES | L28LB OBSIP-SIO Seismometer Differential/ABALONES,EarthScope,fdsn,438
8A_2019,A102,8A,-4.591386,-105.892443,-3363.0,2019-11-30 22:13:00.000,2021-02-11 17:12:00.000000,EDH EL1 EL2 ELZ (100 Hz),100.0,pressure+seismometer,HTI_90_U Hydrophone OBSIP-SIO/ABALONES | L28LB OBSIP-SIO Seismometer Differential/ABALONES,EarthScope,fdsn,438
8A_2019,A103,8A,-4.597746,-105.894419,-3151.0,2019-12-01 11:25:00.000,2021-02-11 19:10:00.000000,EDH EL1 EL2 ELZ (100 Hz),100.0,pressure+seismometer,HTI_90_U Hydrophone OBSIP-SIO/ABALONES | L28LB OBSIP-SIO Seismometer Differential/ABALONES,EarthScope,fdsn,438
8A_2019,A104,8A,-4.586216,-105.897285,-3419.0,2019-12-01 14:36:00.000,2021-02-12 09:28:00.000000,EDH EL1 EL2 ELZ (100 Hz),100.0,pressure+seismometer,HTI_90_U Hydrophone OBSIP-SIO/ABALONES | L28LB OBSIP-SIO Seismometer Differential/ABALONES,EarthScope,fdsn,438
8A_2019,A105,8A,-4.589712,-105.900822,-3431.0,2019-12-01 17:36:00.000,2021-02-11 20:58:00.000000,EDH EL1 EL2 ELZ (100 Hz),100.0,pressure+seismometer,HTI_90_U Hydrophone OBSIP-SIO/ABALONES | L28LB OBSIP-SIO Seismometer Differential/ABALONES,EarthScope,fdsn,438
8A_2019,A106,8A,-4.591882,-105.904241,-3313.0,2019-12-01 20:55:00.000,2021-02-11 17:39:00.000000,EDH EL1 EL2 ELZ (100 Hz),100.0,pressure+seismometer,HTI_90_U Hydrophone OBSIP-SIO/ABALONES | L28LB OBSIP-SIO Seismometer Differential/ABALONES,EarthScope,fdsn,437
8A_2019,A107,8A,-4.593723,-105.905372,-3164.0,2019-12-02 11:36:00.000,2021-02-12 02:32:00.000000,EDH EL1 EL2 ELZ (100 Hz),100.0,pressure+seismometer,HTI_90_U Hydrophone OBSIP-SIO/ABALONES | L28LB OBSIP-SIO Seismometer Differential/ABALONES,EarthScope,fdsn,437
8A_2019,A108,8A,-4.591865,-105.906822,-3319.0,2019-12-02 14:56:00.000,2021-02-12 04:25:00.000000,EDH EL1 EL2 ELZ (100 Hz),100.0,pressure+seismometer,HTI_90_U Hydrophone OBSIP-SIO/ABALONES | L28LB OBSIP-SIO Seismometer Differential/ABALONES,EarthScope,fdsn,437
8A_2019,A109,8A,-4.587042,-105.905451,-3462.0,2019-12-02 17:56:00.000,2021-02-12 06:22:00.000000,EDH EL1 EL2 ELZ (100 Hz),100.0,pressure+seismometer,HTI_90_U Hydrophone OBSIP-SIO/ABALONES | L28LB OBSIP-SIO Seismometer Differential/ABALONES,EarthScope,fdsn,437
8A_2019,A110,8A,-4.584985,-105.901685,-3068.7,2019-12-01 00:00:00.000,2021-02-05 23:59:59.000000,HDH HH1 HH2 HHZ (100 Hz); LDH LH1 LH2 LHZ (1 Hz); VPB (0.1 Hz),100.0,pressure+seismometer,Nanometrics trillium_compact_obs WHOI OBSIP/Quante | Quanterra Q330 Linear Phase Composite | SIO Differential Pressure Gauge/Quanterra Q330 Lin,EarthScope,fdsn,432
8A_2019,A111,8A,-4.585473,-105.89076,-3436.0,2021-02-14 00:00:00.000,2022-02-04 23:59:59.000000,HDH HH1 HH2 HHZ (100 Hz); LDH LH1 LH2 LHZ (1 Hz); VPB (0.1 Hz),100.0,pressure+seismometer,Nanometrics trillium_compact_obs WHOI OBSIP/Quante | Quanterra Q330 Linear Phase Composite | SIO Differential Pressure Gauge/Quanterra Q330 Lin,EarthScope,fdsn,355
8A_2019,A112,8A,-4.591331,-105.892426,-3148.0,2021-02-12 20:27:00.000,2022-01-26 15:27:59.000000,EDH EL1 EL2 ELZ (100 Hz),100.0,pressure+seismometer,HTI_90_U Hydrophone OBSIP-SIO/ABALONES | L28LB OBSIP-SIO Seismometer Differential/ABALONES,EarthScope,fdsn,347
8A_2019,A113,8A,-4.598021,-105.894725,-2911.0,2021-02-12 03:16:00.000,2022-01-26 13:50:00.791100,EDH EL1 EL2 ELZ (100 Hz),100.0,pressure+seismometer,HTI_90_U Hydrophone OBSIP-SIO/ABALONES | L28LB OBSIP-SIO Seismometer Differential/ABALONES,EarthScope,fdsn,348
8A_2019,A114,8A,-4.586268,-105.897362,-3258.0,2021-02-12 03:35:00.000,2022-01-26 05:36:59.266200,EDH EL1 EL2 ELZ (100 Hz),100.0,pressure+seismometer,HTI_90_U Hydrophone OBSIP-SIO/ABALONES | L28LB OBSIP-SIO Seismometer Differential/ABALONES,EarthScope,fdsn,348
8A_2019,A115,8A,-4.589752,-105.900891,-3256.0,2021-02-12 19:05:00.000,2022-01-26 07:32:00.416800,EDH EL1 EL2 ELZ (100 Hz),100.0,pressure+seismometer,HTI_90_U Hydrophone OBSIP-SIO/ABALONES | L28LB OBSIP-SIO Seismometer Differential/ABALONES,EarthScope,fdsn,347
8A_2019,A116,8A,-4.59112,-105.903685,-3155.0,2021-02-12 22:44:00.000,2022-01-26 09:15:00.996400,EDH EL1 EL2 ELZ (100 Hz),100.0,pressure+seismometer,HTI_90_U Hydrophone OBSIP-SIO/ABALONES | L28LB OBSIP-SIO Seismometer Differential/ABALONES,EarthScope,fdsn,347
8A_2019,A117,8A,-4.594016,-105.906837,-2965.0,2021-02-13 02:40:00.000,2022-01-26 12:57:00.488400,EDH EL1 EL2 ELZ (100 Hz),100.0,pressure+seismometer,HTI_90_U Hydrophone OBSIP-SIO/ABALONES | L28LB OBSIP-SIO Seismometer Differential/ABALONES,EarthScope,fdsn,347
8A_2019,A118,8A,-4.591801,-105.906651,-3051.0,2021-02-13 03:00:00.000,2022-01-26 10:48:00.543300,EDH EL1 EL2 ELZ (100 Hz),100.0,pressure+seismometer,HTI_90_U Hydrophone OBSIP-SIO/ABALONES | L28LB OBSIP-SIO Seismometer Differential/ABALONES,EarthScope,fdsn,347
8A_2019,A119,8A,-4.587011,-105.905518,-3157.0,2021-02-13 03:12:00.000,2022-01-26 02:12:59.313500,EDH EL1 EL2 ELZ (100 Hz),100.0,pressure+seismometer,HTI_90_U Hydrophone OBSIP-SIO/ABALONES | L28LB OBSIP-SIO Seismometer Differential/ABALONES,EarthScope,fdsn,346
8A_2019,A120,8A,-4.584779,-105.901715,-3159.0,2021-02-13 04:02:00.000,2022-01-26 03:51:59.340700,EDH EL1 EL2 ELZ (100 Hz),100.0,pressure+seismometer,HTI_90_U Hydrophone OBSIP-SIO/ABALONES | L28LB OBSIP-SIO Seismometer Differential/ABALONES,EarthScope,fdsn,346
8A_2019,A202,8A,-4.540096,-105.976523,-3260.0,2019-11-26 14:47:00.000,2021-02-08 18:26:00.000000,EDH EL1 EL2 ELZ (100 Hz),100.0,pressure+seismometer,HTI_90_U Hydrophone OBSIP-SIO/ABALONES | L28LB OBSIP-SIO Seismometer Differential/ABALONES,EarthScope,fdsn,440
8A_2019,A203,8A,-4.534594,-105.972097,-3174.0,2019-11-26 19:20:00.000,2021-02-08 20:30:00.000000,EDH EL1 EL2 ELZ (100 Hz),100.0,pressure+seismometer,HTI_90_U Hydrophone OBSIP-SIO/ABALONES | L28LB OBSIP-SIO Seismometer Differential/ABALONES,EarthScope,fdsn,440
8A_2019,A204,8A,-4.546411,-105.973935,-3300.0,2019-11-26 22:26:00.000,2021-02-09 22:30:00.000000,EDH EL1 EL2 ELZ (100 Hz),100.0,pressure+seismometer,HTI_90_U Hydrophone OBSIP-SIO/ABALONES | L28LB OBSIP-SIO Seismometer Differential/ABALONES,EarthScope,fdsn,441
8A_2019,A205,8A,-4.544236,-105.96945,-3282.0,2019-11-27 10:45:00.000,2021-02-09 11:34:00.000000,EDH EL1 EL2 ELZ (100 Hz),100.0,pressure+seismometer,HTI_90_U Hydrophone OBSIP-SIO/ABALONES | L28LB OBSIP-SIO Seismometer Differential/ABALONES,EarthScope,fdsn,440
8A_2019,A206,8A,-4.544271,-105.966295,-3250.0,2019-11-27 14:14:00.000,2021-02-09 02:15:00.000000,EDH EL1 EL2 ELZ (100 Hz),100.0,pressure+seismometer,HTI_90_U Hydrophone OBSIP-SIO/ABALONES | L28LB OBSIP-SIO Seismometer Differential/ABALONES,EarthScope,fdsn,439
8A_2019,A207,8A,-4.542649,-105.962192,-3303.0,2019-11-27 17:17:00.000,2021-02-09 14:00:00.000000,EDH EL1 EL2 ELZ (100 Hz),100.0,pressure+seismometer,HTI_90_U Hydrophone OBSIP-SIO/ABALONES | L28LB OBSIP-SIO Seismometer Differential/ABALONES,EarthScope,fdsn,439
8A_2019,A208,8A,-4.544603,-105.963053,-3330.0,2019-11-27 20:26:00.000,2021-02-09 16:48:00.000000,EDH EL1 EL2 ELZ (100 Hz),100.0,pressure+seismometer,HTI_90_U Hydrophone OBSIP-SIO/ABALONES | L28LB OBSIP-SIO Seismometer Differential/ABALONES,EarthScope,fdsn,439
8A_2019,A209,8A,-4.548471,-105.965902,-3390.0,2019-11-27 23:53:00.000,2021-02-09 17:03:00.000000,EDH EL1 EL2 ELZ (100 Hz),100.0,pressure+seismometer,HTI_90_U Hydrophone OBSIP-SIO/ABALONES | L28LB OBSIP-SIO Seismometer Differential/ABALONES,EarthScope,fdsn,439
8A_2019,A210,8A,-4.549452,-105.970261,-3384.0,2019-11-28 00:00:00.000,2021-02-05 23:59:59.000000,HDH HH1 HH2 HHZ (100 Hz); LDH LH1 LH2 LHZ (1 Hz); VPB (0.1 Hz),100.0,pressure+seismometer,Nanometrics trillium_compact_obs WHOI OBSIP/Quante | Quanterra Q330 Linear Phase Composite | SIO Differential Pressure Gauge/Quanterra Q330 Lin,EarthScope,fdsn,435
8A_2019,A211,8A,-4.545048,-105.980371,-3070.0,2021-02-09 22:48:00.000,2022-01-28 04:42:00.000000,BDH BH1 BH2 BHZ (50 Hz),50.0,pressure+seismometer,DPG OBSIP-SIO/ABALONES | T-compact OBS-SIO/ABALONES,EarthScope,fdsn,352
8A_2019,A212,8A,-4.539939,-105.976563,-3020.0,2021-02-10 01:18:00.000,2022-01-28 02:15:00.000000,BDH BH1 BH2 BHZ (50 Hz),50.0,pressure+seismometer,DPG OBSIP-SIO/ABALONES | T-compact OBS-SIO/ABALONES,EarthScope,fdsn,352
8A_2019,A213,8A,-4.534664,-105.972457,-3010.0,2021-02-10 12:52:00.000,2022-06-29 17:10:02.274200,BDH BH1 BH2 BHZ (50 Hz),50.0,pressure+seismometer,DPG OBSIP-SIO/ABALONES | T-compact OBS-SIO/ABALONES,EarthScope,fdsn,504
8A_2019,A215,8A,-4.544395,-105.969426,-3063.0,2021-02-10 16:47:00.000,2022-01-28 08:08:00.000000,BDH BH1 BH2 BHZ (50 Hz),50.0,pressure+seismometer,DPG OBSIP-SIO/ABALONES | T-compact OBS-SIO/ABALONES,EarthScope,fdsn,351
8A_2019,A216,8A,-4.544321,-105.966325,-3058.0,2021-02-10 20:11:00.000,2022-01-28 10:30:00.000000,BDH BH1 BH2 BHZ (50 Hz),50.0,pressure+seismometer,DPG OBSIP-SIO/ABALONES | T-compact OBS-SIO/ABALONES,EarthScope,fdsn,351
8A_2019,A217,8A,-4.542598,-105.962283,-3131.0,2021-02-10 23:04:00.000,2022-01-28 12:56:00.000000,BDH BH1 BH2 BHZ (50 Hz),50.0,pressure+seismometer,DPG OBSIP-SIO/ABALONES | T-compact OBS-SIO/ABALONES,EarthScope,fdsn,351
8A_2019,A218,8A,-4.544386,-105.963049,-3109.0,2021-02-11 03:09:00.000,2022-01-25 20:50:00.000000,EDH EL1 EL2 ELZ (100 Hz),100.0,pressure+seismometer,HTI_90_U Hydrophone OBSIP-SIO/ABALONES | L28LB OBSIP-SIO Seismometer Differential/ABALONES,EarthScope,fdsn,348
8A_2019,A219,8A,-4.548588,-105.965982,-3156.0,2021-02-11 03:56:00.000,2022-01-25 23:14:00.447100,EDH EL1 EL2 ELZ (100 Hz),100.0,pressure+seismometer,HTI_90_U Hydrophone OBSIP-SIO/ABALONES | L28LB OBSIP-SIO Seismometer Differential/ABALONES,EarthScope,fdsn,348
8A_2019,A220,8A,-4.549481,-105.970257,-3425.0,2021-02-11 00:00:00.000,2022-02-03 23:59:59.000000,EDH EL1 EL2 ELZ (100 Hz); LDH LL1 LL2 LLZ (1 Hz); VPB (0.1 Hz),100.0,pressure+seismometer,Geospace GS-11D/Quanterra Q330 Linear Phase Compos | HTI-90-U Hydrophone;/Quanterra Q330 Linear Phase C | Quanterra Q330 Linear Phase Composite,EarthScope,fdsn,357
8A_2019,A301,8A,-4.597048,-105.937557,-3277.0,2019-11-28 14:59:00.000,2021-02-05 02:00:00.000000,EDH EL1 EL2 ELZ (100 Hz),100.0,pressure+seismometer,HTI_90_U Hydrophone OBSIP-SIO/ABALONES | L28LB OBSIP-SIO Seismometer Differential/ABALONES,EarthScope,fdsn,434
8A_2019,A302,8A,-4.601279,-105.942229,-3322.0,2019-11-28 19:01:00.000,2021-02-06 03:00:00.000000,EDH EL1 EL2 ELZ (100 Hz),100.0,pressure+seismometer,HTI_90_U Hydrophone OBSIP-SIO/ABALONES | L28LB OBSIP-SIO Seismometer Differential/ABALONES,EarthScope,fdsn,435
8A_2019,A303,8A,-4.605771,-105.947362,-3250.0,2019-11-28 22:02:00.000,2021-02-05 13:21:00.000000,EDH EL1 EL2 ELZ (100 Hz),100.0,pressure+seismometer,HTI_90_U Hydrophone OBSIP-SIO/ABALONES | L28LB OBSIP-SIO Seismometer Differential/ABALONES,EarthScope,fdsn,434
8A_2019,A304,8A,-4.594407,-105.943897,-3330.0,2019-11-29 11:58:00.000,2021-02-05 18:09:00.000000,HDH HH1 HH2 HHZ (100 Hz),100.0,pressure+seismometer,DPG OBSIP-SIO/ABALONES | T-compact OBS-SIO/ABALONES,EarthScope,fdsn,434
8A_2019,A305,8A,-4.595667,-105.948448,-3370.0,2019-11-29 14:43:00.000,2021-02-05 19:49:00.000000,HDH HH1 HH2 HHZ (100 Hz),100.0,pressure+seismometer,DPG OBSIP-SIO/ABALONES | T-compact OBS-SIO/ABALONES,EarthScope,fdsn,434
8A_2019,A306,8A,-4.595211,-105.951461,-3354.0,2019-11-29 16:30:00.000,2021-02-05 21:52:00.000000,HDH HH1 HH2 HHZ (100 Hz),100.0,pressure+seismometer,DPG OBSIP-SIO/ABALONES | T-compact OBS-SIO/ABALONES,EarthScope,fdsn,434
8A_2019,A307,8A,-4.596216,-105.955864,-3310.0,2019-11-29 19:54:00.000,2021-02-05 23:51:00.000000,HDH HH1 HH2 HHZ (100 Hz),100.0,pressure+seismometer,DPG OBSIP-SIO/ABALONES | T-compact OBS-SIO/ABALONES,EarthScope,fdsn,434
8A_2019,A308,8A,-4.59453,-105.954947,-3345.0,2019-11-29 23:30:00.000,2021-02-06 01:57:00.000000,HDH HH1 HH2 HHZ (100 Hz),100.0,pressure+seismometer,DPG OBSIP-SIO/ABALONES | T-compact OBS-SIO/ABALONES,EarthScope,fdsn,434
8A_2019,A309,8A,-4.590775,-105.951322,-3305.0,2019-11-30 11:57:00.000,2021-02-06 03:36:00.000000,HDH HH1 HH2 HHZ (100 Hz),100.0,pressure+seismometer,DPG OBSIP-SIO/ABALONES | T-compact OBS-SIO/ABALONES,EarthScope,fdsn,433
8A_2019,A310,8A,-4.59086,-105.946681,-3295.0,2019-11-30 15:06:00.000,2021-02-06 05:21:00.000000,HDH HH1 HH2 HHZ (100 Hz),100.0,pressure+seismometer,DPG OBSIP-SIO/ABALONES | T-compact OBS-SIO/ABALONES,EarthScope,fdsn,433
8A_2019,A312,8A,-4.60137,-105.942167,-3318.0,2021-02-06 00:00:00.000,2022-02-03 23:59:59.000000,EDH EL1 EL2 ELZ (100 Hz); LDH LL1 LL2 LLZ (1 Hz); VPB (0.1 Hz),100.0,pressure+seismometer,Geospace GS-11D/Quanterra Q330 Linear Phase Compos | HTI-90-U Hydrophone;/Quanterra Q330 Linear Phase C | Quanterra Q330 Linear Phase Composite,EarthScope,fdsn,362
8A_2019,A313,8A,-4.605765,-105.947215,-3233.0,2021-02-06 00:00:00.000,2022-02-03 23:59:59.000000,EDH EL1 EL2 ELZ (100 Hz); LDH LL1 LL2 LLZ (1 Hz); VPB (0.1 Hz),100.0,pressure+seismometer,Geospace GS-11D/Quanterra Q330 Linear Phase Compos | HTI-90-U Hydrophone;/Quanterra Q330 Linear Phase C | Quanterra Q330 Linear Phase Composite,EarthScope,fdsn,362
8A_2019,A314,8A,-4.594325,-105.943846,-3357.0,2021-02-06 00:00:00.000,2022-02-03 23:59:59.000000,EDH EL1 EL2 ELZ (100 Hz); LDH LL1 LL2 LLZ (1 Hz); VPB (0.1 Hz),100.0,pressure+seismometer,Geospace GS-11D/Quanterra Q330 Linear Phase Compos | HTI-90-U Hydrophone;/Quanterra Q330 Linear Phase C | Quanterra Q330 Linear Phase Composite,EarthScope,fdsn,362
8A_2019,A316,8A,-4.595259,-105.951686,-3363.0,2021-02-07 00:00:00.000,2022-02-02 23:59:59.000000,EDH EL1 EL2 ELZ (100 Hz); LDH LL1 LL2 LLZ (1 Hz); VPB (0.1 Hz),100.0,pressure+seismometer,Geospace GS-11D/Quanterra Q330 Linear Phase Compos | HTI-90-U Hydrophone;/Quanterra Q330 Linear Phase C | Quanterra Q330 Linear Phase Composite,EarthScope,fdsn,360
8A_2019,A317,8A,-4.595935,-105.955946,-3306.0,2021-02-07 00:00:00.000,2022-02-02 23:59:59.000000,EDH EL1 EL2 ELZ (100 Hz); LDH LL1 LL2 LLZ (1 Hz); VPB (0.1 Hz),100.0,pressure+seismometer,Geospace GS-11D/Quanterra Q330 Linear Phase Compos | HTI-90-U Hydrophone;/Quanterra Q330 Linear Phase C | Quanterra Q330 Linear Phase Composite,EarthScope,fdsn,360
8A_2019,A318,8A,-4.594357,-105.954727,-3320.0,2021-02-07 00:00:00.000,2022-02-02 23:59:59.000000,EDH EL1 EL2 ELZ (100 Hz); LDH LL1 LL2 LLZ (1 Hz); VPB (0.1 Hz),100.0,pressure+seismometer,Geospace GS-11D/Quanterra Q330 Linear Phase Compos | HTI-90-U Hydrophone;/Quanterra Q330 Linear Phase C | Quanterra Q330 Linear Phase Composite,EarthScope,fdsn,360
8A_2019,A319,8A,-4.590785,-105.951326,-3299.0,2021-02-08 00:00:00.000,2022-02-02 23:59:59.000000,EDH EL1 EL2 ELZ (100 Hz); LDH LL1 LL2 LLZ (1 Hz); VPB (0.1 Hz),100.0,pressure+seismometer,Geospace GS-11D/Quanterra Q330 Linear Phase Compos | HTI-90-U Hydrophone;/Quanterra Q330 Linear Phase C | Quanterra Q330 Linear Phase Composite,EarthScope,fdsn,359
8A_2019,A320,8A,-4.590878,-105.946734,-3291.0,2021-02-08 00:00:00.000,2022-02-02 23:59:59.000000,EDH EL1 EL2 ELZ (100 Hz); LDH LL1 LL2 LLZ (1 Hz); VPB (0.1 Hz),100.0,pressure+seismometer,Geospace GS-11D/Quanterra Q330 Linear Phase Compos | HTI-90-U Hydrophone;/Quanterra Q330 Linear Phase C | Quanterra Q330 Linear Phase Composite,EarthScope,fdsn,359
8A_2019,G01,8A,-4.495208,-104.805945,-3155.0,2019-11-25 00:00:00.000,2021-02-03 23:59:59.000000,HDH HN1 HN2 HNZ (100 Hz); LDH LN1 LN2 LNZ (1 Hz); VPB (0.1 Hz),100.0,accelerometer+pressure+seismometer,Episensor 200 Hz 5 Volt per g/Quanterra Q330 Linea | Quanterra Q330 Linear Phase Composite | SIO Differential Pressure Gauge/Quanterra Q330 Lin,EarthScope,fdsn,436
8A_2019,G02,8A,-4.574208,-104.81355,-3346.3,2019-11-25 00:00:00.000,2021-02-03 23:59:59.000000,HDH HN1 HN2 HNZ (100 Hz); LDH LN1 LN2 LNZ (1 Hz); VPB (0.1 Hz),100.0,accelerometer+pressure+seismometer,Episensor 200 Hz 5 Volt per g/Quanterra Q330 Linea | Quanterra Q330 Linear Phase Composite | SIO Differential Pressure Gauge/Quanterra Q330 Lin,EarthScope,fdsn,436
8A_2019,G03,8A,-4.67275,-104.83996,-3131.0,2019-11-25 00:00:00.000,2021-02-02 23:59:59.000000,HDH HN1 HN2 HNZ (100 Hz); LDH LN1 LN2 LNZ (1 Hz); VPB (0.1 Hz),100.0,accelerometer+pressure+seismometer,Episensor 200 Hz 5 Volt per g/Quanterra Q330 Linea | Quanterra Q330 Linear Phase Composite | SIO Differential Pressure Gauge/Quanterra Q330 Lin,EarthScope,fdsn,435
8A_2019,G04,8A,-4.551097,-104.858655,-3299.5,2019-11-25 00:00:00.000,2021-02-03 23:59:59.000000,HDH HN1 HN2 HNZ (100 Hz); LDH LN1 LN2 LNZ (1 Hz); VPB (0.1 Hz),100.0,accelerometer+pressure+seismometer,Episensor 200 Hz 5 Volt per g/Quanterra Q330 Linea | Quanterra Q330 Linear Phase Composite | SIO Differential Pressure Gauge/Quanterra Q330 Lin,EarthScope,fdsn,436
8A_2019,G05,8A,-4.552252,-104.903638,-3364.4,2019-11-25 00:00:00.000,2021-02-03 23:59:59.000000,HDH HN1 HN2 HNZ (100 Hz); LDH LN1 LN2 LNZ (1 Hz); VPB (0.1 Hz),100.0,accelerometer+pressure+seismometer,Episensor 200 Hz 5 Volt per g/Quanterra Q330 Linea | Quanterra Q330 Linear Phase Composite | SIO Differential Pressure Gauge/Quanterra Q330 Lin,EarthScope,fdsn,436
8A_2019,G06,8A,-4.460692,-104.913398,-3267.0,2019-11-25 00:00:00.000,2021-02-04 23:59:59.000000,HDH HN1 HN2 HNZ (100 Hz); LDH LN1 LN2 LNZ (1 Hz); VPB (0.1 Hz),100.0,accelerometer+pressure+seismometer,Episensor 200 Hz 5 Volt per g/Quanterra Q330 Linea | Quanterra Q330 Linear Phase Composite | SIO Differential Pressure Gauge/Quanterra Q330 Lin,EarthScope,fdsn,437
8A_2019,G07,8A,-4.640455,-104.948792,-3079.5,2019-11-25 00:00:00.000,2021-02-02 23:59:59.000000,HDH HN1 HN2 HNZ (100 Hz); LDH LN1 LN2 LNZ (1 Hz); VPB (0.1 Hz),100.0,accelerometer+pressure+seismometer,Episensor 200 Hz 5 Volt per g/Quanterra Q330 Linea | Quanterra Q330 Linear Phase Composite | SIO Differential Pressure Gauge/Quanterra Q330 Lin,EarthScope,fdsn,435
8A_2019,G08,8A,-4.532515,-104.949438,-3059.9,2019-11-25 00:00:00.000,2021-02-04 23:59:59.000000,HDH HN1 HN2 HNZ (100 Hz); LDH LN1 LN2 LNZ (1 Hz); VPB (0.1 Hz),100.0,accelerometer+pressure+seismometer,Episensor 200 Hz 5 Volt per g/Quanterra Q330 Linea | Quanterra Q330 Linear Phase Composite | SIO Differential Pressure Gauge/Quanterra Q330 Lin,EarthScope,fdsn,437
8A_2019,G09,8A,-4.541142,-104.994042,-3679.8,2019-11-25 00:00:00.000,2021-02-05 23:59:59.000000,HDH HN1 HN2 HNZ (100 Hz); LDH LN1 LN2 LNZ (1 Hz); VPB (0.1 Hz),100.0,accelerometer+pressure+seismometer,Episensor 200 Hz 5 Volt per g/Quanterra Q330 Linea | Quanterra Q330 Linear Phase Composite | SIO Differential Pressure Gauge/Quanterra Q330 Lin,EarthScope,fdsn,438
8A_2019,G10,8A,-4.443512,-105.021202,-2816.5,2019-11-25 00:00:00.000,2021-02-05 23:59:59.000000,HDH HN1 HN2 HNZ (100 Hz); LDH LN1 LN2 LNZ (1 Hz); VPB (0.1 Hz),100.0,accelerometer+pressure+seismometer,Episensor 200 Hz 5 Volt per g/Quanterra Q330 Linea | Quanterra Q330 Linear Phase Composite | SIO Differential Pressure Gauge/Quanterra Q330 Lin,EarthScope,fdsn,438
8A_2019,G13,8A,-4.559473,-106.016952,-3562.7,2019-12-03 00:00:00.000,2021-02-06 23:59:59.000000,HDH HH1 HH2 HHZ (100 Hz); LDH LH1 LH2 LHZ (1 Hz); VPB (0.1 Hz),100.0,pressure+seismometer,Nanometrics trillium_compact_obs WHOI OBSIP/Quante | Quanterra Q330 Linear Phase Composite | SIO Differential Pressure Gauge/Quanterra Q330 Lin,EarthScope,fdsn,431
8A_2019,G14,8A,-4.619077,-106.011027,-3006.4,2019-12-03 00:00:00.000,2021-02-06 23:59:59.000000,HDH HH1 HH2 HHZ (100 Hz); LDH LH1 LH2 LHZ (1 Hz); VPB (0.1 Hz),100.0,pressure+seismometer,Nanometrics trillium_compact_obs WHOI OBSIP/Quante | Quanterra Q330 Linear Phase Composite | SIO Differential Pressure Gauge/Quanterra Q330 Lin,EarthScope,fdsn,431
8A_2019,G15,8A,-4.569327,-105.94879,-3694.9,2019-12-03 00:00:00.000,2021-02-05 23:59:59.000000,HDH HH1 HH2 HHZ (100 Hz); LDH LH1 LH2 LHZ (1 Hz); VPB (0.1 Hz),100.0,pressure+seismometer,Nanometrics trillium_compact_obs WHOI OBSIP/Quante | Quanterra Q330 Linear Phase Composite | SIO Differential Pressure Gauge/Quanterra Q330 Lin,EarthScope,fdsn,430
8A_2019,G16,8A,-4.52946,-105.872218,-3069.9,2019-12-03 00:00:00.000,2021-02-05 23:59:59.000000,HDH HH1 HH2 HHZ (100 Hz); LDH LH1 LH2 LHZ (1 Hz); VPB (0.1 Hz),100.0,pressure+seismometer,Nanometrics trillium_compact_obs WHOI OBSIP/Quante | Quanterra Q330 Linear Phase Composite | SIO Differential Pressure Gauge/Quanterra Q330 Lin,EarthScope,fdsn,430
8A_2019,G17,8A,-4.472858,-105.082312,-2723.0,2019-12-04 00:00:00.000,2021-01-31 23:59:59.000000,HDH HH1 HH2 HHZ (100 Hz); LDH LH1 LH2 LHZ (1 Hz); VPB (0.1 Hz),100.0,pressure+seismometer,Nanometrics trillium_compact_obs WHOI OBSIP/Quante | Quanterra Q330 Linear Phase Composite | SIO Differential Pressure Gauge/Quanterra Q330 Lin,EarthScope,fdsn,424
8A_2019,G18,8A,-4.620633,-105.05375,-2946.6,2019-12-04 00:00:00.000,2021-02-01 23:59:59.000000,HDH HH1 HH2 HHZ (100 Hz); LDH LH1 LH2 LHZ (1 Hz); VPB (0.1 Hz),100.0,pressure+seismometer,Nanometrics trillium_compact_obs WHOI OBSIP/Quante | Quanterra Q330 Linear Phase Composite | SIO Differential Pressure Gauge/Quanterra Q330 Lin,EarthScope,fdsn,425
8A_2019,G19,8A,-4.55458,-105.029892,-3131.5,2019-12-04 00:00:00.000,2021-01-31 23:59:59.000000,HDH HH1 HH2 HHZ (100 Hz); LDH LH1 LH2 LHZ (1 Hz); VPB (0.1 Hz),100.0,pressure+seismometer,Nanometrics trillium_compact_obs WHOI OBSIP/Quante | Quanterra Q330 Linear Phase Composite | SIO Differential Pressure Gauge/Quanterra Q330 Lin,EarthScope,fdsn,424
8A_2019,G22,8A,-4.588793,-104.727537,-3030.8,2019-12-04 00:00:00.000,2021-02-02 23:59:59.000000,HDH HH1 HH2 HHZ (100 Hz); LDH LH1 LH2 LHZ (1 Hz); VPB (0.1 Hz),100.0,pressure+seismometer,Nanometrics trillium_compact_obs WHOI OBSIP/Quante | Quanterra Q330 Linear Phase Composite | SIO Differential Pressure Gauge/Quanterra Q330 Lin,EarthScope,fdsn,426
8A_2019,G23,8A,-4.498232,-104.700937,-3306.7,2019-12-04 00:00:00.000,2021-02-02 23:59:59.000000,HDH HH1 HH2 HHZ (100 Hz); LDH LH1 LH2 LHZ (1 Hz); VPB (0.1 Hz),100.0,pressure+seismometer,Nanometrics trillium_compact_obs WHOI OBSIP/Quante | Quanterra Q330 Linear Phase Composite | SIO Differential Pressure Gauge/Quanterra Q330 Lin,EarthScope,fdsn,426
8A_2019,G30,8A,-4.529432,-105.870515,-3085.4,2021-02-09 00:00:00.000,2022-02-04 23:59:59.000000,HDH HH1 HH2 HHZ (100 Hz); LDH LH1 LH2 LHZ (1 Hz); VPB (0.1 Hz),100.0,pressure+seismometer,Nanometrics trillium_compact_obs WHOI OBSIP/Quante | Quanterra Q330 Linear Phase Composite | SIO Differential Pressure Gauge/Quanterra Q330 Lin,EarthScope,fdsn,360
8A_2019,G31,8A,-4.619745,-106.015212,-3053.4,2021-02-09 00:00:00.000,2022-02-04 23:59:59.000000,HDH HH1 HH2 HHZ (100 Hz); LDH LH1 LH2 LHZ (1 Hz); VPB (0.1 Hz),100.0,pressure+seismometer,Nanometrics trillium_compact_obs WHOI OBSIP/Quante | Quanterra Q330 Linear Phase Composite | SIO Differential Pressure Gauge/Quanterra Q330 Lin,EarthScope,fdsn,360
8A_2019,G32,8A,-4.559812,-106.014877,-3529.6,2021-02-09 00:00:00.000,2022-01-31 23:59:59.000000,HDH HH1 HH2 HHZ (100 Hz); LDH LH1 LH2 LHZ (1 Hz); VPB (0.1 Hz),100.0,pressure+seismometer,Nanometrics trillium_compact_obs WHOI OBSIP/Quante | Quanterra Q330 Linear Phase Composite | SIO Differential Pressure Gauge/Quanterra Q330 Lin,EarthScope,fdsn,356
8A_2019,G33,8A,-4.569595,-105.948415,-3688.5,2021-02-09 00:00:00.000,2022-02-04 23:59:59.000000,HDH HH1 HH2 HHZ (100 Hz); LDH LH1 LH2 LHZ (1 Hz); VPB (0.1 Hz),100.0,pressure+seismometer,Nanometrics trillium_compact_obs WHOI OBSIP/Quante | Quanterra Q330 Linear Phase Composite | SIO Differential Pressure Gauge/Quanterra Q330 Lin,EarthScope,fdsn,360
8A_2019,G34,8A,-4.619557,-105.200232,-3245.1,2021-01-30 00:00:00.000,2022-02-08 23:59:59.000000,HDH HH1 HH2 HHZ (100 Hz); LDH LH1 LH2 LHZ (1 Hz); VPB (0.1 Hz),100.0,pressure+seismometer,Nanometrics trillium_compact_obs WHOI OBSIP/Quante | Quanterra Q330 Linear Phase Composite | SIO Differential Pressure Gauge/Quanterra Q330 Lin,EarthScope,fdsn,374
8A_2019,G35,8A,-4.654983,-105.301033,-3065.2,2021-01-30 00:00:00.000,2022-02-04 23:59:59.000000,HDH HH1 HH2 HHZ (100 Hz); LDH LH1 LH2 LHZ (1 Hz); VPB (0.1 Hz),100.0,pressure+seismometer,Nanometrics trillium_compact_obs WHOI OBSIP/Quante | Quanterra Q330 Linear Phase Composite | SIO Differential Pressure Gauge/Quanterra Q330 Lin,EarthScope,fdsn,370
8A_2019,G36,8A,-4.519458,-105.229853,-3016.6,2021-01-30 00:00:00.000,2022-02-22 23:59:59.000000,HDH HH1 HH2 HHZ (100 Hz); LDH LH1 LH2 LHZ (1 Hz); VPB (0.1 Hz),100.0,pressure+seismometer,Nanometrics trillium_compact_obs WHOI OBSIP/Quante | Quanterra Q330 Linear Phase Composite | SIO Differential Pressure Gauge/Quanterra Q330 Lin,EarthScope,fdsn,388
8A_2019,G37,8A,-4.57894,-105.279647,-3395.9,2021-01-30 00:00:00.000,2022-02-08 23:59:59.000000,HDH HH1 HH2 HHZ (100 Hz); LDH LH1 LH2 LHZ (1 Hz); VPB (0.1 Hz),100.0,pressure+seismometer,Nanometrics trillium_compact_obs WHOI OBSIP/Quante | Quanterra Q330 Linear Phase Composite | SIO Differential Pressure Gauge/Quanterra Q330 Lin,EarthScope,fdsn,374
8A_2019,G38,8A,-4.56938,-105.348907,-3644.9,2021-01-30 00:00:00.000,2022-02-04 23:59:59.000000,HDH HH1 HH2 HHZ (100 Hz); LDH LH1 LH2 LHZ (1 Hz); VPB (0.1 Hz),100.0,pressure+seismometer,Nanometrics trillium_compact_obs WHOI OBSIP/Quante | Quanterra Q330 Linear Phase Composite | SIO Differential Pressure Gauge/Quanterra Q330 Lin,EarthScope,fdsn,370
8A_2019,G39,8A,-4.588578,-104.727117,-3010.7,2021-01-29 00:00:00.000,2022-02-08 23:59:59.000000,HDH HH1 HH2 HHZ (100 Hz); LDH LH1 LH2 LHZ (1 Hz); VPB (0.1 Hz),100.0,pressure+seismometer,Nanometrics trillium_compact_obs WHOI OBSIP/Quante | Quanterra Q330 Linear Phase Composite | SIO Differential Pressure Gauge/Quanterra Q330 Lin,EarthScope,fdsn,375
8A_2019,G42,8A,-4.533865,-104.948548,-3080.6,2021-01-29 00:00:00.000,2022-02-22 23:59:59.000000,HDH HN1 HN2 HNZ (100 Hz); LDH LN1 LN2 LNZ (1 Hz); VPB (0.1 Hz),100.0,accelerometer+pressure+seismometer,Episensor 200 Hz 5 Volt per g/Quanterra Q330 Linea | Quanterra Q330 Linear Phase Composite | SIO Differential Pressure Gauge/Quanterra Q330 Lin,EarthScope,fdsn,389
8A_2019,G43,8A,-4.552237,-104.903742,-3357.2,2021-01-29 00:00:00.000,2022-02-22 23:59:59.000000,HDH HN1 HN2 HNZ (100 Hz); LDH LN1 LN2 LNZ (1 Hz); VPB (0.1 Hz),100.0,accelerometer+pressure+seismometer,Episensor 200 Hz 5 Volt per g/Quanterra Q330 Linea | Quanterra Q330 Linear Phase Composite | SIO Differential Pressure Gauge/Quanterra Q330 Lin,EarthScope,fdsn,389
8A_2019,G44,8A,-4.551395,-104.839635,-3420.4,2021-01-29 00:00:00.000,2022-02-09 23:59:59.000000,HDH HN1 HN2 HNZ (100 Hz); LDH LN1 LN2 LNZ (1 Hz); VPB (0.1 Hz),100.0,accelerometer+pressure+seismometer,Episensor 200 Hz 5 Volt per g/Quanterra Q330 Linea | Quanterra Q330 Linear Phase Composite | SIO Differential Pressure Gauge/Quanterra Q330 Lin,EarthScope,fdsn,376
8A_2019,G45,8A,-4.554093,-105.028963,-3137.0,2021-01-30 00:00:00.000,2022-02-22 23:59:59.000000,HDH HN1 HN2 HNZ (100 Hz); LDH LN1 LN2 LNZ (1 Hz); VPB (0.1 Hz),100.0,accelerometer+pressure+seismometer,Episensor 200 Hz 5 Volt per g/Quanterra Q330 Linea | Quanterra Q330 Linear Phase Composite | SIO Differential Pressure Gauge/Quanterra Q330 Lin,EarthScope,fdsn,388
8A_2019,G46,8A,-4.491735,-105.102215,-3009.6,2021-02-03 00:00:00.000,2022-02-22 23:59:59.000000,HDH HN1 HN2 HNZ (100 Hz); LDH LN1 LN2 LNZ (1 Hz); VPB (0.1 Hz),100.0,accelerometer+pressure+seismometer,Episensor 200 Hz 5 Volt per g/Quanterra Q330 Linea | Quanterra Q330 Linear Phase Composite | SIO Differential Pressure Gauge/Quanterra Q330 Lin,EarthScope,fdsn,384
8A_2019,G47,8A,-4.44958,-104.973643,-3408.1,2021-02-03 00:00:00.000,2022-02-22 23:59:59.000000,HDH HN1 HN2 HNZ (100 Hz); LDH LN1 LN2 LNZ (1 Hz); VPB (0.1 Hz),100.0,accelerometer+pressure+seismometer,Episensor 200 Hz 5 Volt per g/Quanterra Q330 Linea | Quanterra Q330 Linear Phase Composite | SIO Differential Pressure Gauge/Quanterra Q330 Lin,EarthScope,fdsn,384
8A_2019,G48,8A,-4.465995,-104.868548,-3151.6,2021-02-03 00:00:00.000,2022-02-22 23:59:59.000000,HDH HN1 HN2 HNZ (100 Hz); LDH LN1 LN2 LNZ (1 Hz); VPB (0.1 Hz),100.0,accelerometer+pressure+seismometer,Episensor 200 Hz 5 Volt per g/Quanterra Q330 Linea | Quanterra Q330 Linear Phase Composite | SIO Differential Pressure Gauge/Quanterra Q330 Lin,EarthScope,fdsn,384
8A_2019,G49,8A,-4.63417,-104.971032,-3374.4,2021-02-03 00:00:00.000,2022-02-09 23:59:59.000000,HDH HN1 HN2 HNZ (100 Hz); LDH LN1 LN2 LNZ (1 Hz); VPB (0.1 Hz),100.0,accelerometer+pressure+seismometer,Episensor 200 Hz 5 Volt per g/Quanterra Q330 Linea | Quanterra Q330 Linear Phase Composite | SIO Differential Pressure Gauge/Quanterra Q330 Lin,EarthScope,fdsn,371
8A_2019,G50,8A,-4.619188,-105.084152,-3513.9,2021-02-03 00:00:00.000,2022-02-09 23:59:59.000000,HDH HN1 HN2 HNZ (100 Hz); LDH LN1 LN2 LNZ (1 Hz); VPB (0.1 Hz),100.0,accelerometer+pressure+seismometer,Episensor 200 Hz 5 Volt per g/Quanterra Q330 Linea | Quanterra Q330 Linear Phase Composite | SIO Differential Pressure Gauge/Quanterra Q330 Lin,EarthScope,fdsn,371
8F_2014,EBPR1,8F,-38.7459,178.6789,-995.0,2014-05-09 00:02:02.000,2015-06-07 18:36:07.000000,EDH (100 Hz),100.0,pressure,Paroscientific 8B2000--2-005,EarthScope,fdsn,394
8F_2014,EBPR2,8F,-38.7771,178.5835,-930.0,2014-05-09 02:38:32.000,2015-06-21 16:43:12.000000,EDH (100 Hz),100.0,pressure,Paroscientific 8B2000--2-005,EarthScope,fdsn,408
8F_2014,EBPR3,8F,-38.6946,178.6506,-1023.0,2014-05-09 03:01:57.000,2015-06-22 14:18:54.000000,EDH (100 Hz),100.0,pressure,Paroscientific 8B2000--2-005,EarthScope,fdsn,409
8F_2014,LBPR1,8F,-38.935101,178.170395,-78.0,2014-05-12 20:30:00.000,2015-06-21 22:39:06.000000,HDH (100 Hz),100.0,pressure,Parosci APG Pressure/LDEO_APG_logger,EarthScope,fdsn,405
8F_2014,LBPR2,8F,-38.866699,178.207001,-79.3,2014-05-12 03:34:00.000,2015-06-21 20:54:50.000000,HDH (100 Hz),100.0,pressure,Parosci APG Pressure/LDEO_APG_logger,EarthScope,fdsn,405
8F_2014,LBPR3,8F,-38.805099,178.282806,-73.0,2014-05-11 22:21:31.000,2015-06-21 08:37:04.000000,HDH (100 Hz),100.0,pressure,Parosci APG Pressure/LDEO_APG_logger,EarthScope,fdsn,405
8F_2014,LBPR4,8F,-38.681999,178.376602,-78.8,2014-05-13 00:33:01.000,2015-06-21 05:10:40.000000,HDH (100 Hz),100.0,pressure,Parosci APG Pressure/LDEO_APG_logger,EarthScope,fdsn,404
8F_2014,LBPR5,8F,-38.5755,178.417999,-76.5,2014-05-13 03:10:00.000,2015-06-29 02:15:25.000000,HDH (100 Hz),100.0,pressure,Parosci APG Pressure/LDEO_APG_logger,EarthScope,fdsn,411
8F_2014,SBPR1,8F,-38.721,178.893,-2453.0,2014-05-14 15:28:30.000,2015-06-27 22:06:10.000000,VDN (0.5 Hz),0.5,pressure,Paroscientific 8BT4000I,EarthScope,fdsn,409
8F_2014,SBPR2,8F,-38.847,178.875,-2116.0,2014-05-13 10:31:35.000,2015-06-24 15:00:00.000000,VDN (0.5 Hz),0.5,pressure,Paroscientific 8BT4000I,EarthScope,fdsn,407
8F_2014,SBPR3,8F,-38.893,178.755,-1360.0,2014-05-14 18:09:38.000,2015-06-27 12:00:21.000000,VDN (0.5 Hz),0.5,pressure,Paroscientific 8BT4000I,EarthScope,fdsn,408
8F_2014,SBPR4,8F,-38.908001,178.983002,-3466.1,2014-05-14 13:09:45.000,2015-06-18 01:08:45.000000,VDN (0.5 Hz),0.5,pressure,Paroscientific 8BT4000I,EarthScope,fdsn,399
8F_2014,TXBP1,8F,-38.756401,178.997299,-3538.0,2014-05-12 01:42:00.000,2015-06-27 01:45:00.000000,HDH (100 Hz),100.0,pressure,Parosci APG Pressure/LDEO_APG_logger,EarthScope,fdsn,411
8F_2014,TXBP2,8F,-38.713501,178.568604,-779.0,2014-05-12 01:00:00.000,2015-06-25 10:00:00.000000,HDH (100 Hz),100.0,pressure,Parosci APG Pressure/LDEO_APG_logger,EarthScope,fdsn,409
8F_2014,TXBP3,8F,-38.8419,178.671204,-1060.6,2014-05-11 23:00:00.000,2015-06-19 12:00:00.000000,HDH (100 Hz),100.0,pressure,Parosci APG Pressure/LDEO_APG_logger,EarthScope,fdsn,403
8F_2014,TXBP4,8F,-39.008099,178.477402,-1411.5,2014-05-11 01:55:00.000,2015-06-20 23:00:00.000000,HDH (100 Hz),100.0,pressure,Parosci APG Pressure/LDEO_APG_logger,EarthScope,fdsn,405
8F_2014,TXBP5,8F,-38.9478,178.572205,-1246.1,2014-05-11 04:56:00.000,2015-06-25 10:00:00.000000,HDH (100 Hz),100.0,pressure,Parosci APG Pressure/LDEO_APG_logger,EarthScope,fdsn,410
8F_2018,GKD01,8F,82.06307,119.28717,-4089.0,2018-09-15 07:24:00.000,2019-09-27 02:52:00.000000,CDH CH1 CH2 CHZ (250 Hz),250.0,pressure+seismometer,"High Tech HTI-04-PLC/ULF hydrophone, 0.01 Hz - 8 kHz [config: SN-312185_6d6_50M] | Trillium Compact 120s updated improved responses by Nanometrics [config: TC120_improved]",GEOFON,fdsn,376
8F_2018,GKD02,8F,82.06925,119.76601,-3927.0,2018-09-15 04:55:00.000,2019-09-27 22:40:00.000000,CDH CH1 CH2 CHZ (250 Hz),250.0,pressure+seismometer,"High Tech HTI-04-PLC/ULF hydrophone, 0.01 Hz - 8 kHz [config: SN-31208005_6d6_50M] | Trillium Compact 120s updated improved responses by Nanometrics [config: TC120_improved]",GEOFON,fdsn,377
8F_2018,GKD03,8F,81.95857,119.30245,-3633.0,2018-09-15 10:10:00.000,2019-09-27 07:14:00.000000,CDH CH1 CH2 CHZ (250 Hz),250.0,pressure+seismometer,"High Tech HTI-04-PLC/ULF hydrophone, 0.01 Hz - 8 kHz [config: SN-312181_6d6_50M] | Trillium Compact 120s updated improved responses by Nanometrics [config: TC120_improved]",GEOFON,fdsn,376
8F_2018,GKD04,8F,81.95603,119.77085,-3727.0,2018-09-15 12:33:00.000,2019-09-27 09:40:00.000000,CDH CH1 CH2 CHZ (250 Hz),250.0,pressure+seismometer,"High Tech HTI-04-PLC/ULF hydrophone, 0.01 Hz - 8 kHz [config: SN-312157_6d6_50M] | Trillium Compact 120s updated improved responses by Nanometrics [config: TC120_improved]",GEOFON,fdsn,376
8M_2019,LOK01,8M,73.536,7.9492,-2694.0,2019-07-23 08:28:34.000,2020-07-08 21:35:00.000000,CDH CH1 CH2 CHZ (250 Hz),250.0,pressure+seismometer,"HiTech HTI-04-PLC-ULF hydrophone, 0.01-XXX Hz [config: SN-700051_6d6_50M] | Trillium Compact 120s updated improved responses by Nanometrics [config: TC120_improved]",GEOFON,fdsn,351
8M_2019,LOK02,8M,73.5908,8.0877,-2506.0,2019-06-26 07:00:10.000,2020-07-08 20:42:03.000000,HDH HH1 HH2 HHZ (100 Hz),100.0,pressure+seismometer,"HiTech HTI-04-PLC-ULF hydrophone, 0.01-XXX Hz [config: SN-312124_6d6_50M] | Trillium Compact 120s updated improved responses by Nanometrics [config: TC120_improved]",GEOFON,fdsn,378
8M_2019,LOK03,8M,73.5922,7.8522,-2219.0,2019-06-26 11:02:11.000,2020-07-08 19:09:14.000000,HDH HH1 HH2 HHZ (100 Hz),100.0,pressure+seismometer,"HiTech HTI-04-PLC-ULF hydrophone, 0.01-XXX Hz [config: SN-312125_6d6_50M] | Trillium Compact 120s updated improved responses by Nanometrics [config: TC120_improved]",GEOFON,fdsn,378
8M_2019,LOK04,8M,73.5607,8.0027,-2535.0,2019-06-26 07:24:47.000,2020-07-08 21:41:01.000000,HDH HH1 HH2 HHZ (100 Hz),100.0,pressure+seismometer,"HiTech HTI-04-PLC-ULF hydrophone, 0.01-XXX Hz [config: SN-700052_6d6_50M] | Trillium Compact 120s updated improved responses by Nanometrics [config: TC120_improved]",GEOFON,fdsn,378
8M_2019,LOK05,8M,73.5888,8.3027,-2899.0,2019-06-28 07:32:22.000,2020-07-09 03:05:27.000000,HDH HH1 HH2 HHZ (100 Hz),100.0,pressure+seismometer,"HiTech HTI-04-PLC-ULF hydrophone, 0.01-XXX Hz [config: SN-31206705_6d6_50M] | Trillium Compact 120s updated improved responses by Nanometrics [config: TC120_improved]",GEOFON,fdsn,376
8M_2019,LOK06,8M,73.5632,8.2117,-2576.0,2019-07-23 08:51:05.000,2020-07-09 01:06:09.000000,CDH CH1 CH2 CHZ (250 Hz),250.0,pressure+seismometer,"HiTech HTI-04-PLC-ULF hydrophone, 0.01-XXX Hz [config: SN-312115_6d6_50M] | Trillium Compact 120s updated improved responses by Nanometrics [config: TC120_improved]",GEOFON,fdsn,351
8M_2019,LOK07,8M,73.5352,8.192,-2548.0,2019-06-28 08:27:07.000,2020-07-08 23:53:57.000000,HDH HH1 HH2 HHZ (100 Hz),100.0,pressure+seismometer,"HiTech HTI-04-PLC-ULF hydrophone, 0.01-XXX Hz [config: SN-312107_6d6_50M] | Trillium Compact 120s updated improved responses by Nanometrics [config: TC120_improved]",GEOFON,fdsn,376
8M_2019,LOK08,8M,73.6213,7.9603,-2466.0,2019-06-26 08:02:29.000,2020-07-08 19:35:32.000000,HDH HH1 HH2 HHZ (100 Hz),100.0,pressure+seismometer,"HiTech HTI-04-PLC-ULF hydrophone, 0.01-XXX Hz [config: SN-700006_6d6_50M] | Trillium Compact 120s updated improved responses by Nanometrics [config: TC120_improved]",GEOFON,fdsn,378
8Q_2021,P01,8Q,28.303733,-142.28413,-4918.0,2021-11-12 20:39:00.000,2023-01-30 10:38:00.000000,BDH BH1 BH2 BHZ (50 Hz),50.0,pressure+seismometer,DPG OBSIP-SIO/ABALONES | Nanometrics Trillium 240 Sec Response sn 0-399/ABA,EarthScope,fdsn,443
8Q_2021,P02,8Q,28.287195,-141.720483,-4820.0,2021-11-20 16:28:00.000,2023-02-02 04:54:00.000000,BDH BH1 BH2 BHZ (50 Hz),50.0,pressure+seismometer,DPG OBSIP-SIO/ABALONES | Nanometrics Trillium 240 Sec Response sn 0-399/ABA,EarthScope,fdsn,438
8Q_2021,P03,8Q,27.897,-141.755108,-4993.0,2021-11-20 14:20:00.000,2023-01-31 05:20:00.000000,BDH BH1 BH2 BHZ (50 Hz),50.0,pressure+seismometer,DPG OBSIP-SIO/ABALONES | Nanometrics Trillium 240 Sec Response sn 0-399/ABA,EarthScope,fdsn,436
8Q_2021,P04,8Q,27.967133,-142.26247,-4996.0,2021-11-13 04:38:00.000,2023-01-30 22:44:00.000000,BDH BH1 BH2 BHZ (50 Hz),50.0,pressure+seismometer,DPG OBSIP-SIO/ABALONES | T240 Single-Sided/ABALONES,EarthScope,fdsn,443
8Q_2021,P05,8Q,29.022255,-142.119943,-5053.0,2021-11-21 00:43:00.000,2023-02-03 06:30:00.000000,BDH BH1 BH2 BHZ (50 Hz),50.0,pressure+seismometer,DPG OBSIP-SIO/ABALONES | T240 Single-Sided/ABALONES,EarthScope,fdsn,439
8Q_2021,P06,8Q,29.046848,-141.182085,-4974.0,2021-11-22 01:23:00.000,2023-02-02 20:40:00.000000,BDH BH1 BH2 BHZ (50 Hz),50.0,pressure+seismometer,DPG OBSIP-SIO/ABALONES | T240 Single-Sided/ABALONES,EarthScope,fdsn,437
8Q_2021,P07,8Q,28.327845,-140.916595,-4890.0,2021-11-22 09:02:00.000,2023-02-01 21:42:00.000000,BDH BH1 BH2 BHZ (50 Hz),50.0,pressure+seismometer,DPG OBSIP-SIO/ABALONES | T240 Single-Sided/ABALONES,EarthScope,fdsn,436
8Q_2021,P08,8Q,27.012373,-141.252573,-4894.0,2021-11-20 08:23:00.000,2023-01-31 21:53:00.000000,BDH BH1 BH2 BHZ (50 Hz),50.0,pressure+seismometer,DPG OBSIP-SIO/ABALONES | T240 Single-Sided/ABALONES,EarthScope,fdsn,437
8Q_2021,P09,8Q,26.612795,-142.356315,-4706.0,2021-11-20 02:08:00.000,2023-01-27 06:59:00.000000,BDH BH1 BH2 BHZ (50 Hz),50.0,pressure+seismometer,DPG OBSIP-SIO/ABALONES | T240 Single-Sided/ABALONES,EarthScope,fdsn,433
8Q_2021,P10,8Q,27.468335,-143.309602,-4936.0,2021-11-12 07:57:00.000,2023-01-27 20:17:00.000000,BDH BH1 BH2 BHZ (50 Hz),50.0,pressure+seismometer,DPG OBSIP-SIO/ABALONES | T240 Single-Sided/ABALONES,EarthScope,fdsn,441
8Q_2021,P11,8Q,28.19732,-143.482162,-4998.0,2021-11-10 20:25:00.000,2023-01-29 17:43:00.000000,BDH BH1 BH2 BHZ (50 Hz),50.0,pressure+seismometer,DPG OBSIP-SIO/ABALONES | T240 Single-Sided/ABALONES,EarthScope,fdsn,444
8Q_2021,P12,8Q,29.909498,-142.683938,-4995.0,2021-11-21 06:21:00.000,2023-02-03 19:51:00.000000,BDH BH1 BH2 BHZ (50 Hz),50.0,pressure+seismometer,DPG OBSIP-SIO/ABALONES | T240 Single-Sided/ABALONES,EarthScope,fdsn,439
8Q_2021,P13,8Q,29.966537,-141.146892,-4934.0,2021-11-21 17:55:00.000,2023-02-04 08:49:00.000000,BDH BH1 BH2 BHZ (50 Hz),50.0,pressure+seismometer,DPG OBSIP-SIO/ABALONES | T240 Single-Sided/ABALONES,EarthScope,fdsn,439
8Q_2021,P14,8Q,28.949705,-140.079823,-4868.0,2021-11-22 16:50:00.000,2023-02-05 03:19:00.000000,BDH BH1 BH2 BHZ (50 Hz),50.0,pressure+seismometer,DPG OBSIP-SIO/ABALONES | T240 Single-Sided/ABALONES,EarthScope,fdsn,439
8Q_2021,P15,8Q,27.844793,-139.753242,-4942.0,2021-11-22 09:55:00.000,2023-02-05 22:51:00.000000,BDH BH1 BH2 BHZ (50 Hz),50.0,pressure+seismometer,DPG OBSIP-SIO/ABALONES | T240 Single-Sided/ABALONES,EarthScope,fdsn,440
8Q_2021,P16,8Q,26.82636,-140.00232,-4793.0,2021-11-25 04:02:00.000,2023-01-26 09:19:00.000000,BDH BH1 BH2 BHZ (50 Hz),50.0,pressure+seismometer,DPG OBSIP-SIO/ABALONES | T240 Single-Sided/ABALONES,EarthScope,fdsn,427
8Q_2021,P17,8Q,25.826362,-141.048872,-4754.0,2021-11-25 18:48:00.000,2023-01-26 20:13:00.000000,BDH BH1 BH2 BHZ (50 Hz),50.0,pressure+seismometer,DPG OBSIP-SIO/ABALONES | T240 Single-Sided/ABALONES,EarthScope,fdsn,427
8Q_2021,P18,8Q,25.762145,-143.392715,-4876.0,2021-11-19 18:20:00.000,2023-01-28 09:18:00.000000,BDH BH1 BH2 BHZ (50 Hz),50.0,pressure+seismometer,DPG OBSIP-SIO/ABALONES | T240 Single-Sided/ABALONES,EarthScope,fdsn,434
8Q_2021,P19,8Q,26.723123,-144.689908,-4961.0,2021-11-09 23:23:00.000,2023-01-28 21:30:00.000000,BDH BH1 BH2 BHZ (50 Hz),50.0,pressure+seismometer,DPG OBSIP-SIO/ABALONES | T240 Single-Sided/ABALONES,EarthScope,fdsn,444
8Q_2021,P20,8Q,29.158303,-137.94284,-4691.0,2021-11-23 22:18:00.000,2023-02-07 01:48:00.000000,BDH BH1 BH2 BHZ (50 Hz),50.0,pressure+seismometer,DPG OBSIP-SIO/ABALONES | T240 Single-Sided/ABALONES,EarthScope,fdsn,440
8Q_2021,P21,8Q,29.6944,-139.63128,-4778.0,2021-11-23 06:05:00.000,2023-02-04 19:38:00.000000,BDH BH1 BH2 BHZ (50 Hz),50.0,pressure+seismometer,DPG OBSIP-SIO/ABALONES | T240 Single-Sided/ABALONES,EarthScope,fdsn,438
8Q_2021,P22,8Q,26.902167,-138.673857,-4869.0,2021-11-24 22:19:00.000,2023-01-25 22:27:00.000000,BDH BH1 BH2 BHZ (50 Hz),50.0,pressure+seismometer,DPG OBSIP-SIO/ABALONES | T240 Single-Sided/ABALONES,EarthScope,fdsn,427
8Q_2021,P24,8Q,28.69066,-139.01093,-4814.0,2021-11-23 07:02:00.000,2023-02-06 17:12:00.000000,BDH BH1 BH2 BHZ (50 Hz),50.0,pressure+seismometer,DPG OBSIP-SIO/ABALONES | T240 Single-Sided/ABALONES,EarthScope,fdsn,440
8Q_2021,P25,8Q,28.147768,-144.38646,-5031.0,2021-11-11 18:36:00.000,2023-01-29 08:26:00.000000,BDH BH1 BH2 BHZ (50 Hz),50.0,pressure+seismometer,DPG OBSIP-SIO/ABALONES | T240 Single-Sided/ABALONES,EarthScope,fdsn,443
9A_2010,EFLK,9A,18.927999,-155.178299,-3860.0,2010-09-16 00:00:00.000,2011-07-29 23:59:59.000000,EDH EL1 EL2 ELZ (100 Hz); LDH LL1 LL2 LLZ (1 Hz); VPB (0.1 Hz),100.0,pressure+seismometer,Geospace GS-11D/Quanterra Q330 Linear Phase Compos | HTI-90-U Hydrophone;/Quanterra Q330 Linear Phase C | Quanterra Q330 Linear Phase Composite,EarthScope,fdsn,316
9A_2010,EPIT,9A,18.9226,-155.245605,-1169.0,2010-09-17 00:00:00.000,2011-07-31 23:59:59.000000,EDH EL1 EL2 ELZ (100 Hz); LDH LL1 LL2 LLZ (1 Hz); VPB (0.1 Hz),100.0,pressure+seismometer,Geospace GS-11D/Quanterra Q330 Linear Phase Compos | HTI-90-U Hydrophone;/Quanterra Q330 Linear Phase C | Quanterra Q330 Linear Phase Composite,EarthScope,fdsn,317
9A_2010,LONW,9A,18.984699,-155.329102,-2350.0,2010-09-18 00:00:00.000,2011-07-31 23:59:59.000000,EDH EL1 EL2 ELZ (100 Hz); LDH LL1 LL2 LLZ (1 Hz); VPB (0.1 Hz),100.0,pressure+seismometer,Geospace GS-11D/Quanterra Q330 Linear Phase Compos | HTI-90-U Hydrophone;/Quanterra Q330 Linear Phase C | Quanterra Q330 Linear Phase Composite,EarthScope,fdsn,316
9A_2010,LOSE,9A,18.834999,-155.161896,-4410.0,2010-09-16 00:00:00.000,2011-07-30 23:59:59.000000,EDH EL1 EL2 ELZ (100 Hz); LDH LL1 LL2 LLZ (1 Hz); VPB (0.1 Hz),100.0,pressure+seismometer,Geospace GS-11D/Quanterra Q330 Linear Phase Compos | HTI-90-U Hydrophone;/Quanterra Q330 Linear Phase C | Quanterra Q330 Linear Phase Composite,EarthScope,fdsn,317
9A_2010,LOSW,9A,18.752899,-155.286194,-4693.0,2010-09-15 00:00:00.000,2011-07-29 23:59:59.000000,EDH EL1 EL2 ELZ (100 Hz); LDH LL1 LL2 LLZ (1 Hz); VPB (0.1 Hz),100.0,pressure+seismometer,Geospace GS-11D/Quanterra Q330 Linear Phase Compos | HTI-90-U Hydrophone;/Quanterra Q330 Linear Phase C | Quanterra Q330 Linear Phase Composite,EarthScope,fdsn,317
9A_2010,NRFT,9A,18.9631,-155.264801,-1373.0,2010-09-19 00:00:00.000,2011-07-29 23:59:59.000000,EDH EL1 EL2 ELZ (100 Hz); LDH LL1 LL2 LLZ (1 Hz); VPB (0.1 Hz),100.0,pressure+seismometer,Geospace GS-11D/Quanterra Q330 Linear Phase Compos | HTI-90-U Hydrophone;/Quanterra Q330 Linear Phase C | Quanterra Q330 Linear Phase Composite,EarthScope,fdsn,313
9A_2010,PISC,9A,18.917801,-155.263199,-999.0,2010-09-17 00:00:00.000,2011-07-30 23:59:59.000000,EDH EL1 EL2 ELZ (100 Hz); LDH LL1 LL2 LLZ (1 Hz); VPB (0.1 Hz),100.0,pressure+seismometer,Geospace GS-11D/Quanterra Q330 Linear Phase Compos | HTI-90-U Hydrophone;/Quanterra Q330 Linear Phase C | Quanterra Q330 Linear Phase Composite,EarthScope,fdsn,316
9A_2010,PPAU,9A,19.024799,-155.213898,-2517.0,2010-09-19 00:00:00.000,2011-07-30 23:59:59.000000,EDH EL1 EL2 ELZ (100 Hz); LDH LL1 LL2 LLZ (1 Hz); VPB (0.1 Hz),100.0,pressure+seismometer,Geospace GS-11D/Quanterra Q330 Linear Phase Compos | HTI-90-U Hydrophone;/Quanterra Q330 Linear Phase C | Quanterra Q330 Linear Phase Composite,EarthScope,fdsn,314
9A_2010,SSMT,9A,18.8908,-155.255493,-1332.0,2010-09-17 00:00:00.000,2011-08-01 23:59:59.000000,EDH EL1 EL2 ELZ (100 Hz); LDH LL1 LL2 LLZ (1 Hz); VPB (0.1 Hz),100.0,pressure+seismometer,Geospace GS-11D/Quanterra Q330 Linear Phase Compos | HTI-90-U Hydrophone;/Quanterra Q330 Linear Phase C | Quanterra Q330 Linear Phase Composite,EarthScope,fdsn,318
9A_2010,SSWR,9A,18.913601,-155.362701,-3286.0,2010-09-18 00:00:00.000,2011-08-01 23:59:59.000000,EDH EL1 EL2 ELZ (100 Hz); LDH LL1 LL2 LLZ (1 Hz); VPB (0.1 Hz),100.0,pressure+seismometer,Geospace GS-11D/Quanterra Q330 Linear Phase Compos | HTI-90-U Hydrophone;/Quanterra Q330 Linear Phase C | Quanterra Q330 Linear Phase Composite,EarthScope,fdsn,317
9A_2010,STPF,9A,18.9251,-155.202301,-3288.0,2010-09-16 00:00:00.000,2011-07-30 23:59:59.000000,EDH EL1 EL2 ELZ (100 Hz); LDH LL1 LL2 LLZ (1 Hz); VPB (0.1 Hz),100.0,pressure+seismometer,Geospace GS-11D/Quanterra Q330 Linear Phase Compos | HTI-90-U Hydrophone;/Quanterra Q330 Linear Phase C | Quanterra Q330 Linear Phase Composite,EarthScope,fdsn,317
9A_2010,WFLK,9A,18.9154,-155.316605,-2962.0,2010-09-18 00:00:00.000,2011-08-02 23:59:59.000000,EDH EL1 EL2 ELZ (100 Hz); LDH LL1 LL2 LLZ (1 Hz); VPB (0.1 Hz),100.0,pressure+seismometer,Geospace GS-11D/Quanterra Q330 Linear Phase Compos | HTI-90-U Hydrophone;/Quanterra Q330 Linear Phase C | Quanterra Q330 Linear Phase Composite,EarthScope,fdsn,318
9C_2007,OBS01,9C,75.5438,15.1358,-325.0,2007-09-22 07:35:22.000,2008-08-16 08:44:49.000000,BDH BH1 BH2 BHZ (50 Hz),50.0,pressure+seismometer,"Guralp CMG-40T 60s seismometer, DEPAS pool [config: 4Poles] | HiTech HTI-04-PLC-ULF hydrophone, 0.01-XXX Hz [config: SN-31208005_MCS_30M]",GEOFON,fdsn,329
9C_2007,OBS02,9C,75.2515,13.3335,-1673.0,2007-09-22 09:46:35.000,2008-08-16 11:36:18.000000,BDH BH1 BH2 BHZ (50 Hz),50.0,pressure+seismometer,"Guralp CMG-40T 60s seismometer, DEPAS pool [config: 4Poles] | HiTech HTI-04-PLC-ULF hydrophone, 0.01-XXX Hz [config: SN-31207005_MCS_30M]",GEOFON,fdsn,329
9C_2007,OBS04,9C,74.6828,15.851,-2076.0,2007-09-27 07:22:32.000,2008-04-04 07:19:35.000000,BDH BH1 BH2 BHZ (50 Hz),50.0,pressure+seismometer,"Guralp CMG-40T 60s seismometer, DEPAS pool [config: 4Poles] | HiTech HTI-04-PLC-ULF hydrophone, 0.01-XXX Hz [config: SN-312103_MCS_30M]",GEOFON,fdsn,189
9C_2007,OBS05,9C,74.2712,13.7867,-2076.0,2007-09-27 07:31:30.000,2008-08-18 08:56:17.000000,BDH BH1 BH2 BHZ (50 Hz),50.0,pressure+seismometer,"Guralp CMG-40T 60s seismometer, DEPAS pool [config: 4Poles] | HiTech HTI-04-PLC-ULF hydrophone, 0.01-XXX Hz [config: SN-312092_MCS_30M]",GEOFON,fdsn,326
9C_2007,OBS06,9C,74.2268,8.287,-2400.0,2007-09-27 07:31:30.000,2008-08-17 08:38:40.000000,BDH BH1 BH2 BHZ (50 Hz),50.0,pressure+seismometer,"Guralp CMG-40T 60s seismometer, DEPAS pool [config: 4Poles] | HiTech HTI-04-PLC-ULF hydrophone, 0.01-XXX Hz [config: SN-31206905_MCS_30M]",GEOFON,fdsn,325
9C_2007,OBS07,9C,73.8618,11.6445,-2150.0,2007-09-27 07:39:07.000,2008-08-17 03:34:35.000000,BDH BH1 BH2 BHZ (50 Hz),50.0,pressure+seismometer,"Guralp CMG-40T 60s seismometer, DEPAS pool [config: 4Poles] | HiTech HTI-04-PLC-ULF hydrophone, 0.01-XXX Hz [config: SN-312093_MCS_30M]",GEOFON,fdsn,324
9C_2007,OBS08,9C,73.7317,15.5645,-450.0,2007-09-22 11:38:20.000,2008-08-18 16:30:34.000000,BDH BH1 BH2 BHZ (50 Hz),50.0,pressure+seismometer,"Guralp CMG-40T 60s seismometer, DEPAS pool [config: 4Poles] | HiTech HTI-04-PLC-ULF hydrophone, 0.01-XXX Hz [config: SN-312094_MCS_30M]",GEOFON,fdsn,331
9C_2007,OBS09,9C,73.6858,6.1392,-2570.0,2007-09-19 11:27:46.000,2008-08-17 14:48:57.000000,BDH BH1 BH2 BHZ (50 Hz),50.0,pressure+seismometer,"Guralp CMG-40T 60s seismometer, DEPAS pool [config: 4Poles] | HiTech HTI-04-PLC-ULF hydrophone, 0.01-XXX Hz [config: SN-312109_MCS_30M]",GEOFON,fdsn,333
9C_2007,OBS11,9C,73.0835,13.0265,-1200.0,2007-09-19 21:42:59.000,2008-08-19 11:47:33.000000,BDH BH1 BH2 BHZ (50 Hz),50.0,pressure+seismometer,"Guralp CMG-40T 60s seismometer, DEPAS pool [config: 4Poles] | HiTech HTI-04-PLC-ULF hydrophone, 0.01-XXX Hz [config: SN-312100_MCS_30M]",GEOFON,fdsn,334
9C_2007,OBS12,9C,72.8503,15.1378,-473.0,2007-09-20 09:21:45.000,2008-08-19 07:09:54.000000,BDH BH1 BH2 BHZ (50 Hz),50.0,pressure+seismometer,"Guralp CMG-40T 60s seismometer, DEPAS pool [config: 4Poles] | HiTech HTI-04-PLC-ULF hydrophone, 0.01-XXX Hz [config: SN-312107_MCS_30M]",GEOFON,fdsn,333
9H_2007,OBS01,9H,37.055,-11.448,-5100.0,2007-08-30 07:52:52.000,2008-06-12 21:59:37.000000,HDH HH1 HH2 HHZ (100 Hz),100.0,pressure+seismometer,CMG-40T | HTI-01   HTI-04,GEOFON,fdsn,287
9H_2007,OBS03,9H,37.1,-10.229,-3932.0,2007-08-29 23:53:25.000,2008-07-31 16:01:57.000000,HDH HH1 HH2 HHZ (100 Hz),100.0,pressure+seismometer,CMG-40T | HTI-01   HTI-04,GEOFON,fdsn,336
9H_2007,OBS04,9H,36.952,-9.702,-1993.0,2007-08-29 22:10:32.000,2008-06-25 17:42:20.000000,HDH HH1 HH2 HHZ (100 Hz),100.0,pressure+seismometer,CMG-40T | HTI-01   HTI-04,GEOFON,fdsn,300
9H_2007,OBS05,9H,36.73,-10.552,-3095.0,2007-08-29 16:59:04.000,2008-06-23 16:37:44.000000,HDH HH1 HH2 HHZ (100 Hz),100.0,pressure+seismometer,CMG-40T | HTI-01   HTI-04,GEOFON,fdsn,298
9H_2007,OBS06,9H,36.708,-9.969,-2956.0,2007-08-29 18:56:59.000,2008-07-20 07:14:42.000000,HDH HH1 HH2 HHZ (100 Hz),100.0,pressure+seismometer,CMG-40T | HTI-01   HTI-04,GEOFON,fdsn,325
9H_2007,OBS08,9H,36.398,-10.921,-4671.0,2007-08-30 13:09:59.000,2008-08-10 08:37:04.000000,HDH HH1 HH2 HHZ (100 Hz),100.0,pressure+seismometer,CMG-40T | HTI-01   HTI-04,GEOFON,fdsn,345
9H_2007,OBS09,9H,36.372,-10.261,-4811.0,2007-08-29 14:02:56.000,2008-04-29 20:20:08.000000,HDH HH1 HH2 HHZ (100 Hz),100.0,pressure+seismometer,CMG-40T | HTI-01   HTI-04,GEOFON,fdsn,244
9H_2007,OBS10,9H,36.25,-8.601,-2067.0,2007-09-01 20:32:16.000,2008-06-29 16:07:25.000000,HDH HH1 HH2 HHZ (100 Hz),100.0,pressure+seismometer,CMG-40T | HTI-01   HTI-04,GEOFON,fdsn,301
9H_2007,OBS11,9H,36.066,-11.273,-4855.0,2007-08-30 18:03:02.000,2008-05-02 15:51:21.000000,HDH HH1 HH2 HHZ (100 Hz),100.0,pressure+seismometer,CMG-40T | HTI-01   HTI-04,GEOFON,fdsn,245
9H_2007,OBS12,9H,36.081,-10.59,-4860.0,2007-08-30 23:12:43.000,2008-07-21 09:09:57.000000,HDH HH1 HH2 HHZ (100 Hz),100.0,pressure+seismometer,CMG-40T | HTI-01   HTI-04,GEOFON,fdsn,325
9H_2007,OBS13,9H,36.022,-10.02,-4494.0,2007-08-31 10:52:51.000,2008-07-14 23:52:24.000000,HDH HH1 HH2 HHZ (100 Hz),100.0,pressure+seismometer,CMG-40T | HTI-01   HTI-04,GEOFON,fdsn,318
9H_2007,OBS14,9H,36.001,-9.4,-2439.0,2007-09-02 02:50:51.000,2008-08-04 15:34:01.000000,HDH HH1 HH2 HHZ (100 Hz),100.0,pressure+seismometer,CMG-40T | HTI-01   HTI-04,GEOFON,fdsn,337
9H_2007,OBS15,9H,35.999,-8.8,-3357.0,2007-09-01 19:36:09.000,2008-04-07 06:54:36.000000,HDH HH1 HH2 HHZ (100 Hz),100.0,pressure+seismometer,CMG-40T | HTI-01   HTI-04,GEOFON,fdsn,218
9H_2007,OBS16,9H,35.95,-8.251,-2069.0,2007-09-01 10:40:59.000,2008-07-07 04:02:47.000000,HDH HH1 HH2 HHZ (100 Hz),100.0,pressure+seismometer,CMG-40T | HTI-01   HTI-04,GEOFON,fdsn,309
9H_2007,OBS17,9H,35.779,-10.939,-4765.0,2007-08-30 21:24:09.000,2008-05-28 21:00:33.000000,HDH HH1 HH2 HHZ (100 Hz),100.0,pressure+seismometer,CMG-40T | HTI-01   HTI-04,GEOFON,fdsn,271
9H_2007,OBS18,9H,35.711,-10.339,-4605.0,2007-08-31 14:41:10.000,2008-07-18 03:13:29.000000,HDH HH1 HH2 HHZ (100 Hz),100.0,pressure+seismometer,CMG-40T | HTI-01   HTI-04,GEOFON,fdsn,321
9H_2007,OBS19,9H,35.633,-9.751,-4287.0,2007-08-31 19:03:44.000,2008-07-17 17:03:37.000000,HDH HH1 HH2 HHZ (100 Hz),100.0,pressure+seismometer,CMG-40T | HTI-01   HTI-04,GEOFON,fdsn,320
9H_2007,OBS20,9H,35.598,-9.1,-3449.0,2007-09-01 03:40:32.000,2008-07-12 10:31:17.000000,HDH HH1 HH2 HHZ (100 Hz),100.0,pressure+seismometer,CMG-40T | HTI-01   HTI-04,GEOFON,fdsn,315
9H_2007,OBS21,9H,35.646,-8.6,-2566.0,2007-09-01 07:28:02.000,2008-07-09 06:01:13.000000,HDH HH1 HH2 HHZ (100 Hz),100.0,pressure+seismometer,CMG-40T | HTI-01   HTI-04,GEOFON,fdsn,311
9H_2007,OBS22,9H,35.349,-10.402,-4095.0,2007-08-31 17:02:54.000,2008-07-24 17:54:03.000000,HDH HH1 HH2 HHZ (100 Hz),100.0,pressure+seismometer,CMG-40T | HTI-01   HTI-04,GEOFON,fdsn,328
9H_2007,OBS23,9H,35.117,-9.287,-3747.0,2007-08-31 23:21:49.000,2008-06-28 21:03:08.000000,HDH HH1 HH2 HHZ (100 Hz),100.0,pressure+seismometer,CMG-40T | HTI-01   HTI-04,GEOFON,fdsn,301
9H_2007,OBS24,9H,36.531,-9.282,-2439.0,2007-11-27 03:21:27.000,2008-08-11 11:15:32.000000,HDH HH1 HH2 HHZ (100 Hz),100.0,pressure+seismometer,CMG-40T | HTI-01   HTI-04,GEOFON,fdsn,258
9H_2007,OBS25,9H,36.36,-9.571,-3234.0,2007-11-24 12:00:04.000,2008-08-11 14:09:54.000000,HDH HH1 HH2 HHZ (100 Hz),100.0,pressure+seismometer,CMG-40T | HTI-01   HTI-04,GEOFON,fdsn,261
9P_2015,ATL,9P,40.5,-71.3,-70.0,2018-08-24 09:00:00.000,2018-09-05 22:43:36.740000,HDH HH1 HH2 HHZ (100 Hz),100.0,pressure+seismometer,LDEO HPG_Pacific/LDEO OBS 2011 logger | Nanometrics Trillium Compact Response/LDEO OBS 201,EarthScope,fdsn,12
9P_2015,PAC,9P,43.085,-124.539,-87.0,2015-10-12 10:00:00.000,2015-10-12 23:32:20.000000,HDH HH1 HH2 HHZ (100 Hz),100.0,pressure+seismometer,LDEO HPG_Pacific/LDEO OBS 2011 logger | Nanometrics Trillium Compact Response/LDEO OBS 201 | Parosci APG Pressure/LDEO_APG_logger,EarthScope,fdsn,0
9R_2022,OBS01,9R,18.51055,-81.76852,-5114.0,2022-12-05 22:42:00.000,2023-06-23 21:08:59.345900,EDH EL1 EL2 ELZ (100 Hz),100.0,pressure+seismometer,HTI_90_U Hydrophone OBSIP-SIO/ABALONES | L28LB OBSIP-SIO Seismometer Differential/ABALONES,EarthScope,fdsn,199
9R_2022,OBS02,9R,18.51072,-81.74122,-4533.0,2022-12-06 10:23:00.000,2023-06-23 18:44:59.312100,EDH EL1 EL2 ELZ (100 Hz),100.0,pressure+seismometer,HTI_90_U Hydrophone OBSIP-SIO/ABALONES | L28LB OBSIP-SIO Seismometer Differential/ABALONES,EarthScope,fdsn,199
9R_2022,OBS03,9R,18.48431,-81.76879,-5139.0,2022-12-06 12:41:00.000,2023-06-23 23:34:59.865800,EDH EL1 EL2 ELZ (100 Hz),100.0,pressure+seismometer,HTI_90_U Hydrophone OBSIP-SIO/ABALONES | L28LB OBSIP-SIO Seismometer Differential/ABALONES,EarthScope,fdsn,199
9R_2022,OBS05,9R,18.45662,-81.76946,-4995.0,2022-12-06 14:13:00.000,2023-06-24 08:28:00.125800,EDH EL1 EL2 ELZ (100 Hz),100.0,pressure+seismometer,HTI_90_U Hydrophone OBSIP-SIO/ABALONES | L28LB OBSIP-SIO Seismometer Differential/ABALONES,EarthScope,fdsn,199
9R_2022,OBS06,9R,18.45857,-81.741,-4824.0,2022-12-06 15:25:00.000,2023-06-24 06:00:59.615200,EDH EL1 EL2 ELZ (100 Hz),100.0,pressure+seismometer,HTI_90_U Hydrophone OBSIP-SIO/ABALONES | L28LB OBSIP-SIO Seismometer Differential/ABALONES,EarthScope,fdsn,199
9R_2022,OBS07,9R,18.45582,-81.71142,-5075.0,2022-12-06 17:52:00.000,2023-06-24 02:45:00.403000,EDH EL1 EL2 ELZ (100 Hz),100.0,pressure+seismometer,HTI_90_U Hydrophone OBSIP-SIO/ABALONES | L28LB OBSIP-SIO Seismometer Differential/ABALONES,EarthScope,fdsn,199
9R_2022,OBS08,9R,18.42997,-81.76982,-4367.0,2022-12-06 18:38:00.000,2023-06-24 10:43:02.720400,EDH EL1 EL2 ELZ (100 Hz),100.0,pressure+seismometer,HTI_90_U Hydrophone OBSIP-SIO/ABALONES | L28LB OBSIP-SIO Seismometer Differential/ABALONES,EarthScope,fdsn,199
9R_2022,OBS09,9R,18.42769,-81.7404,-4739.0,2022-12-06 21:49:00.000,2023-06-24 12:53:00.457700,EDH EL1 EL2 ELZ (100 Hz),100.0,pressure+seismometer,HTI_90_U Hydrophone OBSIP-SIO/ABALONES | L28LB OBSIP-SIO Seismometer Differential/ABALONES,EarthScope,fdsn,199
9R_2022,OBS10,9R,18.42986,-81.71073,-5087.0,2022-12-06 22:44:00.000,2023-06-24 15:24:59.562000,EDH EL1 EL2 ELZ (100 Hz),100.0,pressure+seismometer,HTI_90_U Hydrophone OBSIP-SIO/ABALONES | L28LB OBSIP-SIO Seismometer Differential/ABALONES,EarthScope,fdsn,199
9R_2022,OBS11,9R,18.40188,-81.79697,-2776.0,2022-12-07 12:14:00.000,2023-06-25 01:56:00.289600,EDH EL1 EL2 ELZ (100 Hz),100.0,pressure+seismometer,HTI_90_U Hydrophone OBSIP-SIO/ABALONES | L28LB OBSIP-SIO Seismometer Differential/ABALONES,EarthScope,fdsn,199
9R_2022,OBS12,9R,18.40247,-81.76913,-3243.0,2022-12-07 13:33:00.000,2023-06-25 00:22:00.123400,EDH EL1 EL2 ELZ (100 Hz),100.0,pressure+seismometer,HTI_90_U Hydrophone OBSIP-SIO/ABALONES | L28LB OBSIP-SIO Seismometer Differential/ABALONES,EarthScope,fdsn,199
9R_2022,OBS13,9R,18.40244,-81.74102,-3652.0,2022-12-07 14:12:00.000,2023-06-24 22:34:59.683000,EDH EL1 EL2 ELZ (100 Hz),100.0,pressure+seismometer,HTI_90_U Hydrophone OBSIP-SIO/ABALONES | L28LB OBSIP-SIO Seismometer Differential/ABALONES,EarthScope,fdsn,199
9R_2022,OBS14,9R,18.4018,-81.71165,-4610.0,2022-12-07 14:58:00.000,2023-06-24 20:42:00.414300,EDH EL1 EL2 ELZ (100 Hz),100.0,pressure+seismometer,HTI_90_U Hydrophone OBSIP-SIO/ABALONES | L28LB OBSIP-SIO Seismometer Differential/ABALONES,EarthScope,fdsn,199
9R_2022,OBS15,9R,18.40249,-81.68466,-5159.0,2022-12-07 15:41:00.000,2023-06-24 18:11:00.309500,EDH EL1 EL2 ELZ (100 Hz),100.0,pressure+seismometer,HTI_90_U Hydrophone OBSIP-SIO/ABALONES | L28LB OBSIP-SIO Seismometer Differential/ABALONES,EarthScope,fdsn,199
9R_2022,OBS16,9R,18.39057,-81.81344,-2161.0,2022-12-07 16:51:00.000,2023-06-25 04:35:59.686900,EDH EL1 EL2 ELZ (100 Hz),100.0,pressure+seismometer,HTI_90_U Hydrophone OBSIP-SIO/ABALONES | L28LB OBSIP-SIO Seismometer Differential/ABALONES,EarthScope,fdsn,199
9R_2022,OBS17,9R,18.39003,-81.78395,-2688.0,2022-12-07 17:50:00.000,2023-06-25 03:19:59.588800,EDH EL1 EL2 ELZ (100 Hz),100.0,pressure+seismometer,HTI_90_U Hydrophone OBSIP-SIO/ABALONES | L28LB OBSIP-SIO Seismometer Differential/ABALONES,EarthScope,fdsn,199
9R_2022,OBS18,9R,18.37576,-81.79837,-2360.0,2022-12-07 18:35:00.000,2023-06-25 06:00:00.335200,EDH EL1 EL2 ELZ (100 Hz),100.0,pressure+seismometer,HTI_90_U Hydrophone OBSIP-SIO/ABALONES | L28LB OBSIP-SIO Seismometer Differential/ABALONES,EarthScope,fdsn,199
9R_2022,OBS19,9R,18.37625,-81.76956,-2876.0,2022-12-07 19:49:00.000,2023-06-25 11:43:59.791300,EDH EL1 EL2 ELZ (100 Hz),100.0,pressure+seismometer,HTI_90_U Hydrophone OBSIP-SIO/ABALONES | L28LB OBSIP-SIO Seismometer Differential/ABALONES,EarthScope,fdsn,199
9R_2022,OBS20,9R,18.37558,-81.74139,-3462.0,2022-12-07 20:32:00.000,2023-06-25 13:21:59.925700,EDH EL1 EL2 ELZ (100 Hz),100.0,pressure+seismometer,HTI_90_U Hydrophone OBSIP-SIO/ABALONES | L28LB OBSIP-SIO Seismometer Differential/ABALONES,EarthScope,fdsn,199
9R_2022,OBS21,9R,18.37612,-81.71157,-4431.0,2022-12-07 21:07:00.000,2023-06-25 15:22:00.271000,EDH EL1 EL2 ELZ (100 Hz),100.0,pressure+seismometer,HTI_90_U Hydrophone OBSIP-SIO/ABALONES | L28LB OBSIP-SIO Seismometer Differential/ABALONES,EarthScope,fdsn,199
9R_2022,OBS22,9R,18.37606,-81.6843,-5010.0,2022-12-07 21:48:00.000,2023-06-25 17:34:59.856800,EDH EL1 EL2 ELZ (100 Hz),100.0,pressure+seismometer,HTI_90_U Hydrophone OBSIP-SIO/ABALONES | L28LB OBSIP-SIO Seismometer Differential/ABALONES,EarthScope,fdsn,199
9R_2022,OBS23,9R,18.36268,-81.81329,-2541.0,2022-12-07 22:45:00.000,2023-06-25 07:25:00.383300,EDH EL1 EL2 ELZ (100 Hz),100.0,pressure+seismometer,HTI_90_U Hydrophone OBSIP-SIO/ABALONES | L28LB OBSIP-SIO Seismometer Differential/ABALONES,EarthScope,fdsn,199
9R_2022,OBS24,9R,18.36371,-81.78385,-2668.0,2022-12-08 11:50:00.000,2023-06-25 10:17:59.981800,EDH EL1 EL2 ELZ (100 Hz),100.0,pressure+seismometer,HTI_90_U Hydrophone OBSIP-SIO/ABALONES | L28LB OBSIP-SIO Seismometer Differential/ABALONES,EarthScope,fdsn,198
9R_2022,OBS25,9R,18.34974,-81.7981,-2814.0,2022-12-08 12:19:00.000,2023-06-25 08:53:59.819300,EDH EL1 EL2 ELZ (100 Hz),100.0,pressure+seismometer,HTI_90_U Hydrophone OBSIP-SIO/ABALONES | L28LB OBSIP-SIO Seismometer Differential/ABALONES,EarthScope,fdsn,198
9R_2022,OBS26,9R,18.35001,-81.76889,-3359.0,2022-12-08 13:19:00.000,2023-06-26 01:40:59.951700,EDH EL1 EL2 ELZ (100 Hz),100.0,pressure+seismometer,HTI_90_U Hydrophone OBSIP-SIO/ABALONES | L28LB OBSIP-SIO Seismometer Differential/ABALONES,EarthScope,fdsn,199
9R_2022,OBS27,9R,18.35071,-81.73935,-3788.0,2022-12-08 14:15:00.000,2023-06-25 23:52:59.577200,EDH EL1 EL2 ELZ (100 Hz),100.0,pressure+seismometer,HTI_90_U Hydrophone OBSIP-SIO/ABALONES | L28LB OBSIP-SIO Seismometer Differential/ABALONES,EarthScope,fdsn,199
9R_2022,OBS28,9R,18.35155,-81.71165,-4359.0,2022-12-08 14:59:00.000,2023-06-25 22:01:00.972000,EDH EL1 EL2 ELZ (100 Hz),100.0,pressure+seismometer,HTI_90_U Hydrophone OBSIP-SIO/ABALONES | L28LB OBSIP-SIO Seismometer Differential/ABALONES,EarthScope,fdsn,199
9R_2022,OBS29,9R,18.35144,-81.68487,-4624.0,2022-12-08 16:03:00.000,2023-06-25 19:53:59.908700,EDH EL1 EL2 ELZ (100 Hz),100.0,pressure+seismometer,HTI_90_U Hydrophone OBSIP-SIO/ABALONES | L28LB OBSIP-SIO Seismometer Differential/ABALONES,EarthScope,fdsn,199
9R_2022,OBS30,9R,18.32296,-81.76986,-3839.0,2022-12-08 17:02:00.000,2023-06-26 04:00:00.481800,EDH EL1 EL2 ELZ (100 Hz),100.0,pressure+seismometer,HTI_90_U Hydrophone OBSIP-SIO/ABALONES | L28LB OBSIP-SIO Seismometer Differential/ABALONES,EarthScope,fdsn,199
9R_2022,OBS31,9R,18.32323,-81.74068,-4021.0,2022-12-08 17:51:00.000,2023-06-26 06:02:00.371700,EDH EL1 EL2 ELZ (100 Hz),100.0,pressure+seismometer,HTI_90_U Hydrophone OBSIP-SIO/ABALONES | L28LB OBSIP-SIO Seismometer Differential/ABALONES,EarthScope,fdsn,199
9R_2022,OBS33,9R,18.32334,-81.68364,-4600.0,2022-12-08 19:34:00.000,2023-06-26 08:22:00.202400,EDH EL1 EL2 ELZ (100 Hz),100.0,pressure+seismometer,HTI_90_U Hydrophone OBSIP-SIO/ABALONES | L28LB OBSIP-SIO Seismometer Differential/ABALONES,EarthScope,fdsn,199
9R_2022,OBS34,9R,18.29627,-81.76998,-4504.0,2022-12-08 20:13:00.000,2023-06-26 12:46:00.960000,EDH EL1 EL2 ELZ (100 Hz),100.0,pressure+seismometer,HTI_90_U Hydrophone OBSIP-SIO/ABALONES | L28LB OBSIP-SIO Seismometer Differential/ABALONES,EarthScope,fdsn,199
9R_2022,OBS35,9R,18.29531,-81.74237,-4645.0,2022-12-08 21:23:00.000,2023-06-26 10:42:00.347800,EDH EL1 EL2 ELZ (100 Hz),100.0,pressure+seismometer,HTI_90_U Hydrophone OBSIP-SIO/ABALONES | L28LB OBSIP-SIO Seismometer Differential/ABALONES,EarthScope,fdsn,199
9R_2022,OBS37,9R,18.26997,-81.76977,-4739.0,2022-12-08 23:12:00.000,2023-06-26 14:48:00.349300,EDH EL1 EL2 ELZ (100 Hz),100.0,pressure+seismometer,HTI_90_U Hydrophone OBSIP-SIO/ABALONES | L28LB OBSIP-SIO Seismometer Differential/ABALONES,EarthScope,fdsn,199
9R_2022,OBS38,9R,18.26974,-81.74165,-4988.0,2022-12-09 13:53:00.000,2023-06-26 17:19:00.277100,EDH EL1 EL2 ELZ (100 Hz),100.0,pressure+seismometer,HTI_90_U Hydrophone OBSIP-SIO/ABALONES | L28LB OBSIP-SIO Seismometer Differential/ABALONES,EarthScope,fdsn,199
9R_2022,OBS39,9R,18.24238,-81.76819,-4908.0,2022-12-09 14:47:00.000,2023-06-26 21:06:59.904700,EDH EL1 EL2 ELZ (100 Hz),100.0,pressure+seismometer,HTI_90_U Hydrophone OBSIP-SIO/ABALONES | L28LB OBSIP-SIO Seismometer Differential/ABALONES,EarthScope,fdsn,199
AU,H01W1,AU,-34.892899,114.1539,-1063.0,2001-08-28 00:00:00.000,,EDH (250 Hz),250.0,pressure,1 to 100 Hz HiTech hydrophone and datalogger,EarthScope,fdsn,9171
AU,H01W2,AU,-34.897079,114.134033,-1046.0,2004-06-02 00:00:00.000,,EDH (250 Hz),250.0,pressure,1 to 100 Hz HiTech hydrophone and datalogger,EarthScope,fdsn,8162
AU,H01W3,AU,-34.880932,114.139977,-1056.0,2004-06-02 00:00:00.000,,EDH (250 Hz),250.0,pressure,1 to 100 Hz HiTech hydrophone and datalogger,EarthScope,fdsn,8162
BBOBS,FP2,BBOBS,-13.1429,-139.0352,-3863.0,2003-01-14 06:04:45.000,2001-01-14 06:00:00.000000,— (128 Hz),128.0,seismometer,CMG-3T,curated/jamstec.csv,curated,-731
BBOBS,FP3,BBOBS,-17.4845,-132.4395,-4398.0,2003-01-15 04:00:10.000,2004-01-15 12:00:00.000000,— (128 Hz),128.0,seismometer,CMG-3T,curated/jamstec.csv,curated,365
BBOBS,FP4,BBOBS,-22.8953,-142.1277,-4737.0,2003-01-17 06:06:02.000,2004-01-17 05:59:59.000000,— (128 Hz),128.0,seismometer,CMG-3T,curated/jamstec.csv,curated,364
BBOBS,FP5,BBOBS,-26.8952,-137.3037,-4393.0,2003-01-18 08:05:36.000,2004-01-18 07:59:59.000000,— (128 Hz),128.0,seismometer,CMG-3T,curated/jamstec.csv,curated,364
BBOBS,FP6,BBOBS,-30.6936,-141.1339,-4417.0,2003-01-19 06:06:05.000,2004-01-19 05:59:59.000000,— (128 Hz),128.0,seismometer,CMG-3T,curated/jamstec.csv,curated,364
BBOBS,FP7,BBOBS,-29.1289,-147.1915,-4758.0,2003-01-20 06:04:35.000,2001-01-20 06:00:00.000000,— (128 Hz),128.0,seismometer,CMG-3T,curated/jamstec.csv,curated,-731
BBOBS,FP8,BBOBS,-26.8334,-152.2185,-4944.0,2003-01-21 04:05:17.000,2004-01-21 04:00:00.000000,— (128 Hz),128.0,seismometer,CMG-3T,curated/jamstec.csv,curated,364
BBOBS,MA02,BBOBS,17.8251,143.5433,-5171.0,2001-10-08 00:00:05.000,2002-10-08 00:00:00.000000,— (128 Hz),128.0,seismometer,PMD153,curated/jamstec.csv,curated,364
BBOBS,MA04,BBOBS,18.1314,144.7814,-3478.0,2001-10-08 00:00:05.000,2002-09-16 14:32:52.000000,— (128 Hz),128.0,seismometer,PMD173,curated/jamstec.csv,curated,343
BBOBS,MA05,BBOBS,18.366,145.7503,-2728.0,2001-10-08 00:00:05.000,2002-10-07 23:59:59.000000,— (128 Hz),128.0,seismometer,PMD158,curated/jamstec.csv,curated,364
BBOBS,MA06,BBOBS,18.5501,146.4986,-3698.0,2001-10-08 00:00:05.000,2002-09-28 03:08:54.000000,— (128 Hz),128.0,seismometer,PMD160,curated/jamstec.csv,curated,355
BBOBS,MA07,BBOBS,19.0362,148.4356,-5557.0,2001-10-08 00:00:05.000,2002-10-03 13:26:08.000000,— (128 Hz),128.0,seismometer,PMD166,curated/jamstec.csv,curated,360
BBOBS,MA08,BBOBS,17.8992,145.3837,-3509.0,2001-10-08 00:00:05.000,2002-09-24 16:42:52.000000,— (128 Hz),128.0,seismometer,PMD151,curated/jamstec.csv,curated,351
BBOBS,MA09,BBOBS,19.0918,145.3807,-3571.0,2001-10-08 00:00:05.000,2002-09-24 19:37:32.000000,— (128 Hz),128.0,seismometer,PMD171,curated/jamstec.csv,curated,351
BBOBS,MRG03,BBOBS,17.0504,145.0403,-3800.0,2003-06-20 00:00:01.000,2004-04-12 01:36:50.000000,— (200 Hz),200.0,seismometer,PMD153,curated/jamstec.csv,curated,297
BBOBS,MRG04,BBOBS,17.1482,144.0892,-4326.0,2003-06-21 01:00:01.000,2004-04-11 03:16:57.000000,— (200 Hz),200.0,seismometer,PMD166,curated/jamstec.csv,curated,295
BBOBS,MRG16,BBOBS,17.775,145.0182,-3471.0,2003-06-20 05:00:01.000,2004-03-21 13:14:21.000000,— (200 Hz),200.0,seismometer,PMD158,curated/jamstec.csv,curated,275
BBOBS,MRG22,BBOBS,17.9367,146.4181,-3417.0,2003-06-18 12:00:01.000,2004-04-02 05:21:54.000000,— (200 Hz),200.0,seismometer,PMD152,curated/jamstec.csv,curated,288
BBOBS,MRG40,BBOBS,18.2053,144.6745,-3701.0,2003-06-15 00:00:01.000,2004-04-05 20:29:13.000000,— (200 Hz),200.0,seismometer,PMD171,curated/jamstec.csv,curated,295
BBOBS,MRG42,BBOBS,18.2504,145.1378,-3744.0,2003-06-15 12:00:01.000,2004-04-02 09:49:26.000000,— (200 Hz),200.0,seismometer,PMD155,curated/jamstec.csv,curated,291
BBOBS,MRG58,BBOBS,17.4189,141.9958,-4474.0,2003-06-22 05:00:01.000,2004-03-11 17:58:45.000000,— (200 Hz),200.0,seismometer,PMD160,curated/jamstec.csv,curated,263
BBOBS,NOT1,BBOBS,19.3423,135.1215,-5698.0,2002-03-25 03:04:11.000,2002-09-30 14:59:59.000000,— (128 Hz),128.0,seismometer,CMG-1T,curated/jamstec.csv,curated,189
BBOBS,NWPAC1,BBOBS,41.118,159.9322,-5599.0,1999-08-20 01:01:41.000,2000-03-19 08:53:46.000000,— (128 Hz),128.0,seismometer,CMG-1T,curated/jamstec.csv,curated,212
BBOBS,NWPAC2,BBOBS,41.1185,159.9343,-5589.0,2000-05-28 12:06:58.000,2000-10-30 03:02:29.000000,— (128 Hz),128.0,seismometer,CMG-1T,curated/jamstec.csv,curated,154
BBOBS,NWPAC3,BBOBS,41.1291,159.9442,-5600.0,2001-07-31 15:04:56.000,2002-06-20 11:58:56.000000,— (128 Hz),128.0,seismometer,CMG-1T,curated/jamstec.csv,curated,323
BBOBS,PHS03,BBOBS,13.4792,147.8104,-5570.0,1999-11-29 00:00:05.000,2000-07-16 09:18:10.000000,— (128 Hz),128.0,seismometer,PMD173,curated/jamstec.csv,curated,230
BBOBS,PHS04,BBOBS,16.5797,144.6963,-3206.0,1999-11-29 00:00:05.000,2000-07-16 09:18:10.000000,— (128 Hz),128.0,seismometer,PMD171,curated/jamstec.csv,curated,230
BBOBS,PHS05,BBOBS,17.787,143.4074,-4083.0,1999-11-29 00:00:05.000,2000-07-16 09:18:10.000000,— (128 Hz),128.0,seismometer,PMD159,curated/jamstec.csv,curated,230
BBOBS,PHS08,BBOBS,21.4077,139.4426,-4911.0,1999-11-29 00:00:05.000,2000-07-16 09:18:10.000000,— (128 Hz),128.0,seismometer,PMD156,curated/jamstec.csv,curated,230
BBOBS,PHS09,BBOBS,13.4792,147.8104,-5570.0,1999-11-29 00:00:05.000,2000-07-16 09:18:10.000000,— (128 Hz),128.0,seismometer,PMD155,curated/jamstec.csv,curated,230
BBOBS,PHS11,BBOBS,25.0001,135.1385,-5340.0,1999-11-29 00:00:05.000,2000-07-16 09:18:10.000000,— (128 Hz),128.0,seismometer,PMD166,curated/jamstec.csv,curated,230
BBOBS,PHS12,BBOBS,26.1365,133.6764,-5153.0,1999-11-29 00:00:05.000,2000-07-16 09:18:10.000000,— (128 Hz),128.0,seismometer,PMD153,curated/jamstec.csv,curated,230
BBOBS,PHS13,BBOBS,27.1889,132.4154,-5428.0,1999-11-29 00:00:05.000,2000-07-16 09:18:10.000000,— (128 Hz),128.0,seismometer,PMD152,curated/jamstec.csv,curated,230
BBOBS,S1,BBOBS,-18.4099,-147.157,-4464.0,2004-08-13 10:05:25.000,2005-06-07 08:40:26.000000,— (100 Hz),100.0,seismometer,CMG-3T,curated/jamstec.csv,curated,297
BBOBS,S2,BBOBS,-19.1905,-145.5131,-4466.0,2004-08-13 22:03:02.000,2005-06-06 03:42:27.000000,— (100 Hz),100.0,seismometer,CMG-3T,curated/jamstec.csv,curated,296
BBOBS,SWSB1,BBOBS,25.7668,137.0118,-4915.0,2002-10-04 12:05:10.000,2003-05-09 20:53:42.000000,— (128 Hz),128.0,seismometer,CMG-3T,curated/jamstec.csv,curated,217
BBOBS,SWSB2,BBOBS,25.7668,137.0118,-4915.0,2003-05-10 12:07:47.000,2004-05-10 12:00:00.000000,— (128 Hz),128.0,seismometer,CMG-1T,curated/jamstec.csv,curated,365
BK,BBEB,BK,37.821594,-122.32975,-30.8,2002-09-10 02:54:00.000,2007-11-20 01:30:00.000000,DP1 DP2 DP3 (500 Hz); EP1 EP2 EP3 (100 Hz); BP1 BP2 BP3 (20 Hz); LP1 LP2 LP3 (1 Hz),500.0,seismometer,"GS-11D VERTICAL,Geophone,OYO GEOSPACE",NCEDC,fdsn,1896
BK,MOBB,BK,36.690651,-122.166031,-1036.5,2002-04-10 18:43:00.000,2016-08-03 19:29:00.000000,BHE BHN BHZ (20 Hz); LDD (1 Hz),20.0,pressure+seismometer,"CMG-1T,Velocity Sensor,GURALP | DEEP-SEA DIFFERENTIAL PRESSURE GAUGE,Pressure,UNKN",NCEDC,fdsn,5229
BK,RSRB,BK,37.935749,-122.44648,-48.0,1997-06-07 00:00:00.000,2001-04-20 00:00:00.000000,CL1 CL2 CL3 DP1 DP2 DP3 (500 Hz); EP1 EP2 EP3 HL1 HL2 HL3 (100 Hz); BL1 BL2 BL3 BP1 BP2 BP3 (20 Hz); LL1 LL2 LL3 LP1 LP2 LP3 (1 Hz),500.0,seismometer,"731A,Accelerometer,WILCOXON | GS-11D HORIZONTAL,Geophone,OYO GEOSPACE | GS-11D VERTICAL,Geophone,OYO GEOSPACE",NCEDC,fdsn,1413
BK,W02B,BK,37.791119,-122.386322,-45.1,2003-06-18 00:00:00.000,2011-02-04 00:27:00.000000,CL1 CL2 CL3 DP1 (500 Hz); EP1 HL1 HL2 HL3 (100 Hz); BL1 BL2 BL3 BP1 (20 Hz); LL1 LL2 LL3 LP1 (1 Hz),500.0,seismometer,"731A,Accelerometer,WILCOXON | GS-11D VERTICAL,Geophone,GEOSPACE",NCEDC,fdsn,2788
CA,COBS,CA,40.7141,1.3573,-160.0,2005-08-13 00:00:00.000,,HDF HH1 HH2 HH3 HHE HHN HHZ (100 Hz),100.0,pressure+seismometer,CMG3TOBS | Guralp_Maris,ICGC,fdsn,7725
CE,25902,CE,34.1794,-119.4696,-98.0,2001-07-18 00:00:00.000,2018-04-11 00:00:00.000000,HN2 HN3 HNZ (200 Hz),200.0,accelerometer,Accelerometer_Other,NCEDC,fdsn,6111
CE,26903,CE,34.6117,-120.731,-75.0,2001-07-18 00:00:00.000,2018-04-11 00:00:00.000000,HN2 HN3 HNZ (200 Hz),200.0,accelerometer,Accelerometer_Other,NCEDC,fdsn,6111
CQ,OSC1,CQ,33.5,31.2768,-2361.0,2014-01-16 00:00:00.000,,HHE HHN HHZ HNE HNN HNZ (100 Hz),100.0,accelerometer+seismometer,"CMG-3ESP, 120 s, 2000 V/m/s-DM-24 Mk3 Fixed Gain, | CMG-5T, DC 100 s,  0.255 V/m/s**2, 4g clip level,",NOA,fdsn,4647
CQ,OSC2,CQ,33.0749,32.2669,-1560.0,2014-01-16 00:00:00.000,,HHE HHN HHZ HNE HNN HNZ (100 Hz),100.0,accelerometer+seismometer,"CMG-3ESP, 120 s, 2000 V/m/s-DM-24 Mk3 Fixed Gain, | CMG-5T, DC 100 s,  0.255 V/m/s**2, 4g clip level,",NOA,fdsn,4647
FR,ASEAF,FR,42.79483,6.1635,-2470.0,2010-10-10 00:00:00.000,2024-02-04 19:48:00.000000,HHE HHN HHZ HNE HNN HNZ (100 Hz); BDH (40 Hz); BHE BHN BHZ (20 Hz); LDO LHE LHN LHZ (1 Hz),100.0,accelerometer+pressure+seismometer,Barometric and temperature sensor by Paroscientific | CMG-5 triaxial sensor by Guralp | CMG3-T broad band triaxial sensor by Guralp | DPG differential pressure gauge by the Scripps Institution of Oceanography,EPOSFR,fdsn,4865
FR,MUG01,FR,43.398667,7.863,-2361.0,2016-11-26 11:00:00.000,2023-01-07 13:30:00.000000,HDH HH1 HH2 HHZ HN1 HN2 HNZ (100 Hz); VDO (0.033333 Hz),100.0,accelerometer+pressure+seismometer,ASC MEMS accelerometer by ASC | Barometric and temperature sensor by Paroscientific | DPG differential pressure gauge by the Scripps Institution of Oceanography | HTI hydrophone by High Tech Inc. | TRILLIUM-Compact broad band triaxial sensor by Nanometrics,EPOSFR,fdsn,2233
GL,TDBSM,GL,15.81638,-61.63444,-43.0,2021-06-01 00:00:00.000,,EH1 EH2 EHZ (200 Hz),200.0,seismometer,SISMO_OPTIQUE_IPGP,EPOSFR,fdsn,1954
H2,H2O,H2,27.88191,-141.991736,-4947.0,1999-10-05 00:00:00.300,2003-05-27 00:00:00.000000,EH1 EH2 EHZ EL1 EL2 ELZ HDH HH1 HH2 HHZ HL1 HL2 HLZ (160 Hz); BDH BH1 BH2 BHZ BL1 BL2 BLZ SH1 SH2 SHZ SL1 SL2 SLZ (40 Hz); BDH BH1 BH2 BHZ BL1 BL2 BLZ (20 Hz); LDH LH1 LH2 LHZ LL1 LL2 LLZ (1 Hz),160.0,pressure+seismometer,H2O CMG3 Guralp | H2O GeospaceHS1 4.5Hz geophone | H2O OAS E2PD hydrophone,EarthScope,fdsn,1329
HL,PYLO,HL,36.834743,21.605813,-1500.0,2017-12-11 16:00:00.000,2019-11-12 08:00:00.000000,HH1 HH2 HHZ (100 Hz),100.0,seismometer,"CMG40T, 60 s, 2000 V/m/s-DM-24 Mk3 Fixed Gain, gai",NOA,fdsn,700
IM,CY101,IM,34.20406,31.62915,-2476.0,2017-07-11 00:00:00.000,2025-11-01 00:00:00.000000,EH1 EH2 EHZ HH1 HH2 HHZ (100 Hz),100.0,seismometer,GS-11D_4.5HZ=CY101=UWS_32B_3.206E9=CY101 | TRILLIUM_COMPACT_OBS=CY101=UWS_32B_1.603E9=CY101,EarthScope,fdsn,3035
IM,CY201,IM,33.69757,31.90889,-2585.0,2017-07-11 00:00:00.000,,EH1 EH2 EHZ HH1 HH2 HHZ (100 Hz),100.0,seismometer,GS-11D_4.5HZ=CY201=UWS_32B_3.206E9=CY201 | TRILLIUM_COMPACT_OBS=CY201=UWS_32B_1.603E9=CY201,EarthScope,fdsn,3375
IM,CY301,IM,33.30031,33.05407,-1690.0,2017-07-11 00:00:00.000,,EDH (250 Hz),250.0,pressure,ITC-1182-hydrophone_+_UWS-32bit-dig,EarthScope,fdsn,3375
IM,CY302,IM,33.29619,33.04393,-1691.0,2017-07-11 00:00:00.000,,EDH (250 Hz); EH1 EH2 EHZ HH1 HH2 HHZ (100 Hz),250.0,pressure+seismometer,GS-11D_4.5HZ=CY302=UWS_32B_3.206E9=CY302 | ITC-1182-hydrophone_+_UWS-32bit-dig | TRILLIUM_COMPACT_OBS=CY302=UWS_32B_1.603E9=CY302,EarthScope,fdsn,3375
IM,CY304,IM,33.30399,33.0461,-1700.0,2017-07-11 00:00:00.000,,EDH (250 Hz); EH1 EH2 EHZ HH1 HH2 HHZ (100 Hz),250.0,pressure+seismometer,GS-11D_4.5HZ=CY304=UWS_32B_3.206E9=CY304 | ITC-1182-hydrophone_+_UWS-32bit-dig | TRILLIUM_COMPACT_OBS=CY304=UWS_32B_1.603E9=CY304,EarthScope,fdsn,3375
IM,CY305,IM,33.31119,33.0425,-1696.0,2017-07-11 00:00:00.000,,EDH (250 Hz),250.0,pressure,ITC-1182-hydrophone_+_UWS-32bit-dig,EarthScope,fdsn,3375
IM,CY306,IM,33.30332,33.03706,-1699.0,2017-07-11 00:00:00.000,,EDH (250 Hz); HH1 HH2 HHZ (100 Hz),250.0,pressure+seismometer,ITC-1182-hydrophone_+_UWS-32bit-dig | TRILLIUM_COMPACT_OBS=CY306=UWS_32B_1.603E9=CY306,EarthScope,fdsn,3375
IM,CY401,IM,33.88134,33.90544,-2181.0,2017-07-11 00:00:00.000,,EH1 EH2 EHZ HH1 HH2 HHZ (100 Hz),100.0,seismometer,GS-11D_4.5HZ=CY401=UWS_32B_3.206E9=CY401 | TRILLIUM_COMPACT_OBS=CY401=UWS_32B_1.603E9=CY401,EarthScope,fdsn,3375
IM,CY501,IM,34.13053,34.25426,-2110.0,2017-07-11 00:00:00.000,,EH1 EH2 EHZ HH1 HH2 HHZ (100 Hz),100.0,seismometer,GS-11D_4.5HZ=CY501=UWS_32B_3.206E9=CY501 | TRILLIUM_COMPACT_OBS=CY501=UWS_32B_1.603E9=CY501,EarthScope,fdsn,3375
IM,CY601,IM,34.34469,34.5054,-2030.0,2017-07-11 00:00:00.000,,EH1 EH2 EHZ HH1 HH2 HHZ (100 Hz),100.0,seismometer,GS-11D_4.5HZ=CY601=UWS_32B_3.206E9=CY601 | TRILLIUM_COMPACT_OBS=CY601=UWS_32B_1.603E9=CY601,EarthScope,fdsn,3375
IM,CY602,IM,34.34664,34.51679,-2027.0,2017-07-11 00:00:00.000,,EH1 EH2 EHZ HH1 HH2 HHZ (100 Hz),100.0,seismometer,GS-11D_4.5HZ=CY602=UWS_32B_3.206E9=CY602 | TRILLIUM_COMPACT_OBS=CY602=UWS_32B_1.603E9=CY602,EarthScope,fdsn,3375
IM,CY603,IM,34.33495,34.50269,-2039.0,2017-07-11 00:00:00.000,,EH1 EH2 EHZ HH1 HH2 HHZ (100 Hz),100.0,seismometer,GS-11D_4.5HZ=CY603=UWS_32B_3.206E9=CY603 | TRILLIUM_COMPACT_OBS=CY603=UWS_32B_1.603E9=CY603,EarthScope,fdsn,3375
IM,CY604,IM,34.33934,34.51207,-2034.0,2017-07-11 00:00:00.000,,EH1 EH2 EHZ HH1 HH2 HHZ (100 Hz),100.0,seismometer,GS-11D_4.5HZ=CY604=UWS_32B_3.206E9=CY604 | TRILLIUM_COMPACT_OBS=CY604=UWS_32B_1.603E9=CY604,EarthScope,fdsn,3375
IM,CY605,IM,34.33143,34.51321,-2037.0,2017-07-11 00:00:00.000,,EH1 EH2 EHZ HH1 HH2 HHZ (100 Hz),100.0,seismometer,GS-11D_4.5HZ=CY605=UWS_32B_3.206E9=CY605 | TRILLIUM_COMPACT_OBS=CY605=UWS_32B_1.603E9=CY605,EarthScope,fdsn,3375
IM,CY606,IM,34.33827,34.52103,-2032.0,2017-07-11 00:00:00.000,,EH1 EH2 EHZ HH1 HH2 HHZ (100 Hz),100.0,seismometer,GS-11D_4.5HZ=CY606=UWS_32B_3.206E9=CY606 | TRILLIUM_COMPACT_OBS=CY606=UWS_32B_1.603E9=CY606,EarthScope,fdsn,3375
IM,H01W1,IM,-34.892899,114.1539,-1063.0,2001-08-28 00:00:00.000,,EDH (250 Hz),250.0,pressure,1 to 100 Hz HiTech hydrophone and datalogger,EarthScope,fdsn,9171
IM,H01W2,IM,-34.897099,114.134003,-1046.0,2001-08-28 00:00:00.000,,EDH (250 Hz),250.0,pressure,1 to 100 Hz HiTech hydrophone and datalogger,EarthScope,fdsn,9171
IM,H01W3,IM,-34.880901,114.1399,-1056.0,2001-08-28 00:00:00.000,2004-06-02 00:00:00.000000,EDH (250 Hz),250.0,pressure,1 to 100 Hz HiTech hydrophone and datalogger,EarthScope,fdsn,1009
IM,H01W3,IM,-34.880932,114.139977,-1056.0,2004-06-02 00:00:00.000,,EDH (250 Hz),250.0,pressure,1 to 100 Hz HiTech hydrophone and datalogger,EarthScope,fdsn,8162
IM,H08N1,IM,-6.3421,71.014297,-1248.0,2002-01-17 00:00:00.000,,EDH (250 Hz),250.0,pressure,USAEDS HiTech hydrophone,EarthScope,fdsn,9029
IM,H08N2,IM,-6.32506,71.000053,-1243.0,2002-01-17 00:00:00.000,,EDH (250 Hz),250.0,pressure,USAEDS EDO hydrophone and datalogger,EarthScope,fdsn,9029
IM,H08N3,IM,-6.34544,70.991882,-1182.0,2002-01-17 00:00:00.000,,EDH (250 Hz),250.0,pressure,USAEDS HiTech hydrophone,EarthScope,fdsn,9029
IM,H08S1,IM,-7.6453,72.474403,-1413.0,2002-01-17 00:00:00.000,,EDH (250 Hz),250.0,pressure,USAEDS HiTech hydrophone and datalogger,EarthScope,fdsn,9029
IM,H08S2,IM,-7.64534,72.493248,-1356.0,2002-01-17 00:00:00.000,,EDH (250 Hz),250.0,pressure,USAEDS EDO hydrophone and datalogger,EarthScope,fdsn,9029
IM,H08S3,IM,-7.6275,72.483833,-1359.0,2002-01-17 00:00:00.000,,EDH (250 Hz),250.0,pressure,USAEDS HiTech hydrophone and datalogger,EarthScope,fdsn,9029
IM,H10N1,IM,-7.845673,-14.48023,-847.0,2004-09-14 00:00:00.000,,EDH (250 Hz),250.0,pressure,1 to 100 Hz HiTech hydrophone and datalogger,EarthScope,fdsn,8058
IM,H10N2,IM,-7.82779,-14.48748,-845.0,2004-09-14 00:00:00.000,,EDH (250 Hz),250.0,pressure,1 to 100 Hz HiTech hydrophone and datalogger,EarthScope,fdsn,8058
IM,H10N3,IM,-7.84093,-14.50168,-850.0,2004-09-14 00:00:00.000,,CDN EDH (250 Hz),250.0,pressure,1 to 100 Hz HiTech hydrophone and datalogger,EarthScope,fdsn,8058
IM,H10S1,IM,-8.941177,-14.64843,-865.0,2004-09-14 00:00:00.000,,EDH (250 Hz),250.0,pressure,HiTech 1 to 100 Hz hydrophone and datalogger,EarthScope,fdsn,8058
IM,H10S2,IM,-8.9591,-14.64531,-852.0,2004-09-14 00:00:00.000,,EDH (250 Hz),250.0,pressure,HiTech 1 to 100 Hz hydrophone and datalogger,EarthScope,fdsn,8058
IM,H10S3,IM,-8.95274,-14.6629,-863.0,2004-09-14 00:00:00.000,,EDH (250 Hz),250.0,pressure,HiTech 1 to 100 Hz hydrophone and datalogger,EarthScope,fdsn,8058
IM,H11N1,IM,19.71356,166.891083,-731.0,2007-02-12 00:00:00.000,,EDH (250 Hz),250.0,pressure,HiTech 1 to 100 Hz hydrophone and datalogger,EarthScope,fdsn,7177
IM,H11N2,IM,19.730801,166.897675,-732.0,2007-02-12 00:00:00.000,,EDH (250 Hz),250.0,pressure,HiTech 1 to 100 Hz hydrophone and datalogger,EarthScope,fdsn,7177
IM,H11N3,IM,19.71718,166.909988,-729.0,2007-02-12 00:00:00.000,,EDH (250 Hz),250.0,pressure,HiTech 1 to 100 Hz hydrophone and datalogger,EarthScope,fdsn,7177
IM,H11S1,IM,18.50827,166.700272,-750.0,2007-02-12 00:00:00.000,,EDH (250 Hz),250.0,pressure,HiTec 1 to 100 Hz hydrophone and datalogger,EarthScope,fdsn,7177
IM,H11S2,IM,18.49082,166.705002,-742.0,2007-02-12 00:00:00.000,,EDH (250 Hz),250.0,pressure,HiTec 1 to 100 Hz hydrophone and datalogger,EarthScope,fdsn,7177
IM,H11S3,IM,18.49568,166.686462,-726.0,2007-02-12 00:00:00.000,,EDH (250 Hz),250.0,pressure,HiTec 1 to 100 Hz hydrophone and datalogger,EarthScope,fdsn,7177
IV,CFB1,IV,40.809731,14.120211,-40.4,2016-07-01 00:00:00.000,,HDH (200 Hz); HH1 HH2 HHZ (100 Hz),200.0,pressure+seismometer," HTI-04PCA/ULF Hydrophone, 0.0038 V/Pa | Trillium Compact, 120 s, 754 V/m/s",INGV,fdsn,3750
IV,CFB2,IV,40.803522,14.132575,-75.7,2016-07-01 00:00:00.000,,HDH (200 Hz); HH1 HH2 HHZ (100 Hz),200.0,pressure+seismometer," HTI-04PCA/ULF Hydrophone, 0.0038 V/Pa | Trillium Compact, 120 s, 754 V/m/s",INGV,fdsn,3750
IV,CFB3,IV,40.808256,14.143244,-38.7,2016-07-01 00:00:00.000,,HDH (200 Hz); HH1 HH2 HHZ (100 Hz),200.0,pressure+seismometer," HTI-04PCA/ULF Hydrophone, 0.0038 V/Pa | Trillium Compact, 120 s, 754 V/m/s",INGV,fdsn,3750
IV,ROSPO,IV,42.2364,14.9315,-100.0,2020-01-20 11:02:48.000,2025-08-06 00:00:00.000000,HHE HHN HHZ (100 Hz),100.0,seismometer,Nanometrics_TrilliumCompact120OBS_120 s,INGV,fdsn,2024
K3,MHPPL,K3,36.28737,15.97149,-3443.0,2025-03-01 00:00:00.000,,HH1 HH2 HHZ (100 Hz),100.0,seismometer,"Trillium Compact, 120 s, 754 V/m/s",INGV,fdsn,585
KP,KPDR,KP,-77.693298,178.343597,-741.0,2014-12-29 00:00:00.000,2015-12-11 23:59:59.000000,HDH HH1 HH2 HHZ (100 Hz),100.0,pressure+seismometer,High Tech HTI-04-PCA-ULF | Trillium Compact,EarthScope,fdsn,347
NOMan,NM01,NOMan,39.1975,154.7626,-5736.0,2013-08-24 00:00:00.000,2014-06-10 00:00:00.000000,— (100 Hz),100.0,seismometer,CMG3T/LS9100,curated/jamstec.csv,curated,290
NOMan,NM01,NOMan,39.2006,154.7836,-5725.0,2010-06-16 00:00:00.000,2011-06-25 00:00:00.000000,— (100 Hz),100.0,seismometer,CMG3T/HDDR5,curated/jamstec.csv,curated,374
NOMan,NM01,NOMan,39.2041,154.778,-5719.0,2012-08-21 00:00:00.000,2013-08-21 00:00:00.000000,— (100 Hz),100.0,seismometer,CMG3T/LS9100,curated/jamstec.csv,curated,365
NOMan,NM02,NOMan,39.701,153.3547,-5704.0,2010-06-20 00:00:00.000,2011-06-24 00:00:00.000000,— (100 Hz),100.0,seismometer,CMG3T/HDDR5,curated/jamstec.csv,curated,369
NOMan,NM02,NOMan,39.7057,153.3547,-5711.0,2012-08-24 00:00:00.000,2014-08-20 00:00:00.000000,— (100 Hz),100.0,seismometer,CMG3T/LS9100,curated/jamstec.csv,curated,726
NOMan,NM03,NOMan,38.7592,155.9076,-5732.0,2012-08-24 00:00:00.000,2014-08-24 00:00:00.000000,— (100 Hz),100.0,seismometer,CMG3T/LS9100,curated/jamstec.csv,curated,730
NOMan,NM03,NOMan,38.7618,155.9102,-5737.0,2010-06-15 00:00:00.000,2011-06-24 00:00:00.000000,— (100 Hz),100.0,seismometer,CMG3T/HDDR5,curated/jamstec.csv,curated,374
NOMan,NM04,NOMan,38.2101,154.2027,-5923.0,2010-06-21 00:00:00.000,2011-06-25 00:00:00.000000,— (100 Hz),100.0,seismometer,CMG3T/HDDR5,curated/jamstec.csv,curated,369
NOMan,NM04,NOMan,38.2101,154.2032,-5927.0,2013-08-24 00:00:00.000,2014-06-10 00:00:00.000000,— (100 Hz),100.0,seismometer,CMG3T/LS9100,curated/jamstec.csv,curated,290
NOMan,NM04,NOMan,38.2107,154.2051,-5916.0,2012-08-20 00:00:00.000,2013-08-21 00:00:00.000000,— (100 Hz),100.0,seismometer,CMG3T/HDDR5,curated/jamstec.csv,curated,366
NOMan,NM05,NOMan,40.2508,155.4086,-5598.0,2010-06-21 00:00:00.000,2011-06-25 00:00:00.000000,— (100 Hz),100.0,seismometer,CMG3T/HDDR5,curated/jamstec.csv,curated,369
NOMan,NM05,NOMan,40.254,155.4097,-5605.0,2013-08-25 00:00:00.000,2014-06-08 00:00:00.000000,— (100 Hz),100.0,seismometer,CMG3T/LS9100,curated/jamstec.csv,curated,287
NOMan,NM05,NOMan,40.2545,155.41,-5593.0,2012-08-21 00:00:00.000,2013-08-22 00:00:00.000000,— (100 Hz),100.0,seismometer,CMG3T/LS9100,curated/jamstec.csv,curated,366
NOMan,NM12,NOMan,40.8163,157.1115,-5515.0,2013-08-27 00:00:00.000,2014-06-05 00:00:00.000000,— (100 Hz),100.0,seismometer,CMG3T/LS9100,curated/jamstec.csv,curated,282
NOMan,NM12,NOMan,40.8173,157.1089,-5501.0,2012-08-26 00:00:00.000,2013-08-27 00:00:00.000000,— (100 Hz),100.0,seismometer,CMG3T/HDDR5,curated/jamstec.csv,curated,366
NOMan,NM14,NOMan,39.045,158.0088,-5487.0,2012-09-01 00:00:00.000,2014-09-01 00:00:00.000000,— (100 Hz),100.0,seismometer,CMG3T/LS9100,curated/jamstec.csv,curated,730
NOMan,NM15,NOMan,40.3554,158.4047,-5558.0,2012-08-26 00:00:00.000,2014-08-26 00:00:00.000000,— (100 Hz),100.0,seismometer,CMG3T/LS9100,curated/jamstec.csv,curated,730
NOMan,NM16,NOMan,41.0205,159.1879,-5554.0,2012-08-11 00:00:00.000,2014-08-28 00:00:00.000000,— (100 Hz),100.0,seismometer,CMG3T/LS9100,curated/jamstec.csv,curated,747
NOMan,NM17,NOMan,39.7651,159.8578,-5531.0,2013-08-29 00:00:00.000,2014-09-26 00:00:00.000000,— (100 Hz),100.0,seismometer,CMG3T/LS9100,curated/jamstec.csv,curated,393
NOMan,NM17,NOMan,39.7656,159.853,-5519.0,2012-08-28 00:00:00.000,2013-08-29 00:00:00.000000,— (100 Hz),100.0,seismometer,CMG3T/HDDR5,curated/jamstec.csv,curated,366
NOMan,NM18,NOMan,30.1856,161.2934,-5927.0,2011-11-22 00:00:00.000,2013-07-01 00:00:00.000000,— (100 Hz),100.0,seismometer,CMG3T/HDDR5,curated/jamstec.csv,curated,587
NOMan,NM19,NOMan,29.1505,161.774,-5877.0,2011-11-21 00:00:00.000,2013-07-01 00:00:00.000000,— (100 Hz),100.0,seismometer,CMG3T/LS9000,curated/jamstec.csv,curated,588
NOMan,NM20,NOMan,30.6413,162.5494,-5913.0,2011-11-23 00:00:00.000,2013-07-01 00:00:00.000000,— (100 Hz),100.0,seismometer,CMG3T/HDDR5,curated/jamstec.csv,curated,586
NOMan,NM20,NOMan,30.6451,162.5518,-5922.0,2013-09-03 00:00:00.000,2014-09-24 00:00:00.000000,— (100 Hz),100.0,seismometer,CMG3T/LS9100,curated/jamstec.csv,curated,386
NOMan,NM21,NOMan,29.5419,162.8585,-5936.0,2011-11-21 00:00:00.000,2013-07-01 00:00:00.000000,— (100 Hz),100.0,seismometer,CMG3T/HDDR5,curated/jamstec.csv,curated,588
NOMan,NM22,NOMan,32.9507,163.8043,-6132.0,2013-09-01 00:00:00.000,2014-09-26 00:00:00.000000,— (100 Hz),100.0,seismometer,CMG3T/LS9100,curated/jamstec.csv,curated,390
NOMan,NM22,NOMan,32.9519,163.8112,-6118.0,2011-11-24 00:00:00.000,2013-07-01 00:00:00.000000,— (100 Hz),100.0,seismometer,CMG3T/HDDR5,curated/jamstec.csv,curated,585
NOMan,NM23,NOMan,31.9236,164.4072,-6011.0,2011-11-23 00:00:00.000,2013-07-01 00:00:00.000000,— (100 Hz),100.0,seismometer,CMG3T/HDDR5,curated/jamstec.csv,curated,586
NOMan,NM23,NOMan,31.9237,164.4106,-6017.0,2013-09-02 00:00:00.000,2014-09-26 00:00:00.000000,— (100 Hz),100.0,seismometer,CMG3T/LS9100,curated/jamstec.csv,curated,389
NOMan,NM24,NOMan,33.2166,165.2616,-6059.0,2011-11-23 00:00:00.000,2013-04-20 00:00:00.000000,— (100 Hz),100.0,seismometer,CMG3T/HDDR5,curated/jamstec.csv,curated,514
NOMan,NM24,NOMan,33.2178,165.2588,-6072.0,2013-09-01 00:00:00.000,2014-09-27 00:00:00.000000,— (100 Hz),100.0,seismometer,CMG3T/LS9100,curated/jamstec.csv,curated,391
NOMan,NM25,NOMan,32.3157,165.4445,-6057.0,2011-11-23 00:00:00.000,2013-07-01 00:00:00.000000,— (100 Hz),100.0,seismometer,CMG3T/HDDR5,curated/jamstec.csv,curated,586
NOMan,NM25,NOMan,32.3211,165.4442,-6064.0,2013-09-02 00:00:00.000,2014-09-27 00:00:00.000000,— (100 Hz),100.0,seismometer,CMG3T/LS9100,curated/jamstec.csv,curated,390
NV,BACME,NV,48.314654,-126.058199,-897.0,2016-06-15 17:25:43.000,,HNE HNN HNZ (200 Hz); MNE MNN MNZ (5 Hz),200.0,accelerometer,Nanometrics TitanEA Accelerograph 2g | Nanometrics TitanEA Accelerograph 2g/Built-in datalogger,EarthScope,fdsn,3765
NV,BACND,NV,48.34594,-126.158,-643.3,2018-06-22 03:00:00.000,,AHD BDD BNE BNN BNZ (20 Hz); ALD MDD MNE MNN MNZ (5 Hz),20.0,accelerometer+pressure+seismometer,"ASCII High-rate Data | ASCII Low-rate Data | Paroscientific Triaxial Accelerometer XAXIS calibrated with temperature compensation, rotated to ENZ and converted to integer | RBR Concerto APT Paroscientific Pressure",EarthScope,fdsn,3028
NV,CBC27,NV,47.756717,-127.731602,-2656.0,2018-06-24 00:00:00.000,,CH1 CH2 CH3 (500 Hz); HH1 HH2 HH3 HL1 HL2 HL3 HNE HNN HNZ (200 Hz); HN1 HN2 HN3 (100 Hz); AHD BDD BNE BNN BNZ (20 Hz); MDD MH1 MH2 MH3 ML1 ML2 ML3 (8 Hz); ALD MDD MN1 MN2 MN3 MNE MNN MNZ (5 Hz); LDI (1 Hz),500.0,accelerometer+pressure+seismometer,"ASCII High-rate Data | ASCII Low-rate Data | Guralp Maris Radian MEMS acceleration | Guralp Maris Radian pressure | Guralp Maris Radian velocity | Nanometrics TitanEA Accelerograph 2g | Nanometrics TitanEA Accelerograph 2g/Built-in data | Paroscientific Absolute Pressure Gauge Derived Pressure | Paroscientific Triaxial Accelerometer XAXIS calibrated with temperature compensation, rotated to ENZ and converted to integer | RBR Concerto APT Paroscientific Pressure | Silicon Audio Optical Seismometer in SMART Package - Velocity",EarthScope,fdsn,3027
NV,CQS64,NV,48.6999,-126.8721,-1323.0,2016-07-01 00:00:00.000,,HNE HNN HNZ (200 Hz); HH1 HH2 HHZ (100 Hz); MNE MNN MNZ (5 Hz); LDM LH1 LH2 LHZ (1 Hz); QDG QDL QDR QLD QPD (0.05 Hz),200.0,accelerometer+pressure+seismometer,Nanometrics TitanEA Accelerograph 2g | Nanometrics TitanEA Accelerograph 2g/Built-in datalogger | Nanometrics Trillium 120 Seconds Post-Hole Seismometer | QEP - Q330 Environmental Processor | Quanterra Q330 current data latency | Quanterra Q330 current total input+output data rate | Quanterra Q330 data gaps | Quanterra Q330 total number of POCs received in last 24 hours | Quanterra Q330 total number of comm link cycles in last 24 hours,EarthScope,fdsn,3750
NV,ENEF,NV,47.958368,-129.035438,-2323.0,2020-06-12 01:20:13.000,,CH1 CH2 CHZ (500 Hz); HHE HHN HHZ (200 Hz); HN1 HN2 HNZ (100 Hz); BH1 BH2 BHZ (40 Hz); MH1 MH2 MHE MHN MHZ (8 Hz); MN1 MN2 MNE MNN MNZ (5 Hz); MDI (1 Hz),500.0,accelerometer+pressure+seismometer,Guralp Maris Radian,EarthScope,fdsn,2307
NV,ENHR,NV,47.968657,-129.086738,-2162.0,2018-06-27 00:00:00.000,2019-09-20 22:00:00.000000,HH1 HH2 HH3 (200 Hz); BN1 BN2 BN3 (25 Hz); MN1 MN2 MN3 (5 Hz),200.0,accelerometer+seismometer,Guralp Maris Radian,EarthScope,fdsn,450
NV,ENWF,NV,47.959766,-129.124481,-2361.0,2016-06-21 00:00:00.000,,HH1 HH2 HH3 HHE HHN HHZ HN1 HN2 HN3 HNE HNN HNZ (200 Hz); BN1 BN2 BNZ (25 Hz); MH1 MH2 MH3 MHE MHN MHZ MN1 MN2 MN3 MNE MNN MNZ (8 Hz); VDT (0.0166667 Hz),200.0,accelerometer+pressure+seismometer,Guralp CMG-1T 360s | Guralp CMG-5T | Guralp Maris Radian | Nanometrics Centaur COBSO-T360-01 | Nanometrics Centaur COBSO-T360-01 - System Temperature,EarthScope,fdsn,3760
NV,KEMF,NV,47.94956,-129.098691,-2190.0,2010-09-30 19:36:45.000,,CH1 CH2 CH3 CHE CHN CHZ CN1 CN2 CN3 (500 Hz); EHE EHN EHZ HN1 HN2 HN3 (200 Hz); EHE EHN EHZ HN1 HN2 HN3 HNE HNN HNZ (100 Hz); MH1 MH2 MH3 MHE MHN MHZ MN1 MN2 MN3 (8 Hz); MN1 MN2 MN3 MNE MNN MNZ (5 Hz); LHE LHN LHZ (1 Hz),500.0,accelerometer+seismometer,GeoSENSE BH-1 Corehole Seismometer/Guralp DM24-MK3 Datalogger | Guralp Maris Radian | Guralp Maris Radian MEMS acceleration | Guralp Maris Radian velocity | Guralp Maris Radian/24-bit built-in digitiser | Guralp Minimus Datalogger MEMS acceleration,EarthScope,fdsn,5850
NV,KEMO,NV,47.924102,-129.1082,-2270.0,2016-06-18 00:00:00.000,,EHE EHN EHZ HHE HHN HHZ HNE HNN HNZ (200 Hz); MHE MHN MHZ MNE MNN MNZ (8 Hz),200.0,accelerometer+seismometer,GeoSENSE BH-1 Corehole Seismometer/Guralp DM24-MK3 Datalogger | Guralp CMG-1T 360s | Guralp CMG-3T 360s | Guralp CMG-5T 4g | Guralp Fortis DC to 100Hz,EarthScope,fdsn,3763
NV,NC27,NV,47.76258,-127.758102,-2656.0,2009-09-14 00:00:00.000,,HHE HHN HHZ HNE HNN HNZ (200 Hz); HHE HHN HHZ HNE HNN HNZ (100 Hz); MDD MHE MHN MHZ MNE MNN MNZ (8 Hz); MHE MHN MHZ MNE MNN MNZ (2 Hz); LDD LHE LHN LHZ LNE LNN LNZ (1 Hz),200.0,accelerometer+pressure+seismometer,DPG_OBSIP pressure sensor | Guralp CMG-1T 360s | Guralp CMG-1T 360s/Guralp CMG-DM24 Datalogger | Guralp CMG-3T 360s | Guralp CMG-5T | Guralp CMG-5T 4g/Guralp CMG-DM24 Datalogger | Guralp Fortis DC to 100Hz,EarthScope,fdsn,6232
NV,NC89,NV,48.670537,-126.848767,-1258.0,2009-09-17 22:51:30.000,,HHE HHN HHZ HNE HNN HNZ (200 Hz); HHE HHN HHZ HNE HNN HNZ (100 Hz); AHD BDD BNE BNN BNZ (20 Hz); MDD MHE MHN MHZ MNE MNN MNZ (8 Hz); ALD MDD MNE MNN MNZ (5 Hz); MDD MHE MHN MHZ MNE MNN MNZ (2 Hz); LDD LHE LHN LHZ LNE LNN LNZ (1 Hz),200.0,accelerometer+pressure+seismometer,"ASCII High-rate Data | ASCII Low-rate Data | DPG_OBSIP pressure sensor | DPG_OBSIP pressure sensor/Guralp DM24-MK3 Datalogg | Guralp CMG-1T 360s | Guralp CMG-1T 360s/Guralp CMG-DM24 Datalogger | Guralp CMG-5T 4g | Guralp CMG-5T 4g 4g | Guralp CMG-5T 4g/Guralp CMG-DM24 Datalogger | Nanometrics TitanEA Accelerograph 2g | Nanometrics TitanEA Accelerograph 2g/Built-in data | Paroscientific Triaxial Accelerometer XAXIS calibrated with temperature compensation, rotated to ENZ and converted to integer | RBR Concerto APT Paroscientific Pressure | RBR Concerto APT Paroscientific Pressure ",EarthScope,fdsn,6228
NV,NCBC,NV,48.4275,-126.1752,-398.0,2009-09-07 00:00:00.000,,HHE HHN HHZ HNE HNN HNZ (200 Hz); HHE HHN HHZ HNE HNN HNZ (100 Hz); AHD BDD BNE BNN BNZ (20 Hz); MHE MHN MHZ MNE MNN MNZ (8 Hz); ALD MDD MNE MNN MNZ (5 Hz); MHE MHN MHZ MNE MNN MNZ (2 Hz); LHE LHN LHZ LNE LNN LNZ (1 Hz),200.0,accelerometer+pressure+seismometer,"	 Paroscientific Triaxial Accelerometer XAXIS calibrated with temperature compensation, rotated to ENZ and converted to integer |  Paroscientific Triaxial Accelerometer XAXIS calibrated with temperature compensation, rotated to ENZ and converted to integer | ASCII High-rate Data | ASCII Low-rate Data | Guralp CMG-1T 360s/Guralp CMG-DM24 Datalogger | Guralp CMG-5T 4g/Guralp CMG-DM24 Datalogger | Nanometrics TitanEA Accelerograph 2g | Paroscientific Triaxial Accelerometer XAXIS calibrated with temperature compensation, rotated to ENZ and converted to integer | RBR Concerto APT Paroscientific Pressure | RBR Concerto APT Paroscientific Pressure	",EarthScope,fdsn,6239
NV,NCHR,NV,47.973751,-129.082092,-2152.0,2010-10-03 00:00:00.000,,EHE EHN EHZ (200 Hz); EHE EHN EHZ (100 Hz); MHE MHN MHZ (8 Hz); LHE LHN LHZ (1 Hz),200.0,seismometer,GeoSENSE BH-1 Corehole Seismometer | GeoSENSE BH-1 Corehole Seismometer/Guralp DM24-MK3,EarthScope,fdsn,5848
OJP,OJ01,OJP,4.9957,147.005,-4275.0,2015-01-08 00:00:00.000,2016-08-30 00:00:00.000000,— (100 Hz),100.0,seismometer,CMG3T/LS9100,curated/jamstec.csv,curated,600
OJP,OJ02,OJP,2.0381,146.9911,-4486.0,2015-01-08 00:00:00.000,2016-09-29 00:00:00.000000,— (100 Hz),100.0,seismometer,CMG3T/LS9100,curated/jamstec.csv,curated,630
OJP,OJ03,OJP,0.0585,147.0352,-4486.0,2015-01-09 00:00:00.000,2016-09-30 00:00:00.000000,— (100 Hz),100.0,seismometer,CMG3T/LS9100,curated/jamstec.csv,curated,630
OJP,OJ04,OJP,4.45,150.3829,-3987.0,2014-12-17 00:00:00.000,2016-09-05 00:00:00.000000,— (100 Hz),100.0,seismometer,CMG3T/LS9100,curated/jamstec.csv,curated,628
OJP,OJ05,OJP,-0.6154,153.0018,-4337.0,2014-12-10 00:00:00.000,2016-08-30 00:00:00.000000,— (100 Hz),100.0,seismometer,CMG3T/LS9100,curated/jamstec.csv,curated,629
OJP,OJ06,OJP,-4.9729,156.0448,-1491.0,2014-12-26 00:00:00.000,2016-09-14 00:00:00.000000,— (100 Hz),100.0,seismometer,CMG3T/LS9100,curated/jamstec.csv,curated,628
OJP,OJ07,OJP,-1.9711,155.9971,-1743.0,2015-01-08 00:00:00.000,2016-08-30 00:00:00.000000,— (100 Hz),100.0,seismometer,CMG3T/LS9100,curated/jamstec.csv,curated,600
OJP,OJ08,OJP,0.0362,156.0004,-1959.0,2014-12-30 00:00:00.000,2016-09-20 00:00:00.000000,— (100 Hz),100.0,seismometer,CMG3T/LS9100,curated/jamstec.csv,curated,630
OJP,OJ09,OJP,2.0216,156.0073,-2583.0,2015-01-01 00:00:00.000,2016-09-22 00:00:00.000000,— (100 Hz),100.0,seismometer,CMG3T/LS9100,curated/jamstec.csv,curated,630
OJP,OJ10,OJP,5.0093,156.0128,-3608.0,2015-01-08 00:00:00.000,2016-08-30 00:00:00.000000,— (100 Hz),100.0,seismometer,CMG3T/LS9100,curated/jamstec.csv,curated,600
OJP,OJ11,OJP,8.0129,156.0244,-4875.0,2015-01-04 00:00:00.000,2016-09-25 00:00:00.000000,— (100 Hz),100.0,seismometer,CMG3T/LS9100,curated/jamstec.csv,curated,630
OJP,OJ12,OJP,4.0016,159.9176,-3756.0,2014-12-22 00:00:00.000,2016-09-11 00:00:00.000000,— (100 Hz),100.0,seismometer,CMG3T/LS9100,curated/jamstec.csv,curated,629
OJP,OJ13,OJP,1.9263,160.0163,-2948.0,2014-12-23 00:00:00.000,2016-09-13 00:00:00.000000,— (100 Hz),100.0,seismometer,CMG3T/LS9100,curated/jamstec.csv,curated,630
OJP,OJ14,OJP,-2.1477,159.9271,-2491.0,2014-12-24 00:00:00.000,2016-09-14 00:00:00.000000,— (100 Hz),100.0,seismometer,CMG3T/LS9100,curated/jamstec.csv,curated,630
OJP,OJ15,OJP,-5.9648,160.0408,-1813.0,2014-12-07 00:00:00.000,2016-08-26 00:00:00.000000,— (100 Hz),100.0,seismometer,CMG3T/LS9100,curated/jamstec.csv,curated,628
OJP,OJ16,OJP,-6.4173,163.4168,-3558.0,2014-12-05 00:00:00.000,2016-08-25 00:00:00.000000,— (100 Hz),100.0,seismometer,CMG3T/LS9100,curated/jamstec.csv,curated,629
OJP,OJ17,OJP,-0.9852,164.0085,-4435.0,2015-01-08 00:00:00.000,2016-08-30 00:00:00.000000,— (100 Hz),100.0,seismometer,CMG3T/LS9100,curated/jamstec.csv,curated,600
OJP,OJ18,OJP,-3.8878,166.7081,-3441.0,2014-11-28 00:00:00.000,2016-08-18 00:00:00.000000,— (100 Hz),100.0,seismometer,CMG3T/LS9100,curated/jamstec.csv,curated,629
OJP,OJ19,OJP,-8.0121,170.0531,-4860.0,2014-11-24 00:00:00.000,2016-08-15 00:00:00.000000,— (100 Hz),100.0,seismometer,CMG3T/LS9100,curated/jamstec.csv,curated,630
OJP,OJ20,OJP,-2.9457,174.9907,-5077.0,2014-11-19 00:00:00.000,2016-08-10 00:00:00.000000,— (100 Hz),100.0,seismometer,CMG3T/LS9100,curated/jamstec.csv,curated,630
OJP,OJ21,OJP,0.0258,170.0046,-4458.0,2015-01-08 00:00:00.000,2016-08-30 00:00:00.000000,— (100 Hz),100.0,seismometer,CMG3T/LS9100,curated/jamstec.csv,curated,600
OJP,OJ22,OJP,2.871,166.0263,-4309.0,2014-11-17 00:00:00.000,2016-08-07 00:00:00.000000,— (100 Hz),100.0,seismometer,CMG3T/LS9100,curated/jamstec.csv,curated,629
OJP,OJ23,OJP,6.9544,164.4966,-5117.0,2015-01-08 00:00:00.000,2016-08-30 00:00:00.000000,— (100 Hz),100.0,seismometer,CMG3T/LS9100,curated/jamstec.csv,curated,600
OO,AXAS1,OO,45.933555,-129.999235,-1534.0,2014-08-01 00:00:00.000,,EHE EHN EHZ (200 Hz); SHE SHN SHZ (40 Hz); MHE MHN MHZ (8 Hz); LHE LHN LHZ (1 Hz),200.0,seismometer,"CMG-6TF, 1s-100Hz, 2400 V/m/s-DM-24 Mk3 Variable G",EarthScope,fdsn,4450
OO,AXAS2,OO,45.933782,-130.014094,-1545.0,2014-08-01 00:00:00.000,,EHE EHN EHZ (200 Hz); SHE SHN SHZ (40 Hz); MHE MHN MHZ (8 Hz); LHE LHN LHZ (1 Hz),200.0,seismometer,"CMG-6TF, 1s-100Hz, 2400 V/m/s-DM-24 Mk3 Variable G",EarthScope,fdsn,4450
OO,AXBA1,OO,45.820213,-129.736419,-2609.0,2014-08-08 16:39:00.000,,HDH HHE HHN HHZ HNE HNN HNZ (200 Hz); BHE BHN BHZ (40 Hz); MHE MHN MHZ (8 Hz); LDH LHE LHN LHZ (1 Hz); UDO (0.066667 Hz),200.0,accelerometer+pressure+seismometer,"CMG-1T, 360 s, 3000 V/m/s-DM-24 Mk3 Fixed Gain, ga | CMG-5T, DC_100 s,  1.02 V/m/s**2, 1g clip level, | HT1-90-U/Diff Hydrophone-DM-24 Mk3 Fixed Gain, g | Tidal Seafloor Pressure (Tsunameter 6,000 psia): PREST Series A",EarthScope,fdsn,4442
OO,AXCC1,OO,45.954683,-130.008979,-1527.0,2014-07-25 21:05:00.000,,HDH HHE HHN HHZ HNE HNN HNZ (200 Hz); BHE BHN BHZ (40 Hz); BDO (20 Hz); MHE MHN MHZ (8 Hz); LDH LHE LHN LHZ (1 Hz),200.0,accelerometer+pressure+seismometer,"Bottom Pressure and Tilt: BOTPT Series A | CMG-1T, 360 s, 3000 V/m/s-DM-24 Mk3 Fixed Gain, ga | CMG-5T, DC_100 s,  1.02 V/m/s**2, 1g clip level, | HT1-90-U/Diff Hydrophone-DM-24 Mk3 Fixed Gain, g",EarthScope,fdsn,4456
OO,AXCC2,OO,45.955001,-130.008745,-1529.9,2018-07-06 07:00:00.000,2021-08-27 18:49:00.000000,AHD BNE BNG BNN BNZ (40 Hz); MNE MNG MNN MNZ (8 Hz),40.0,accelerometer+seismometer,"SCTA 3-axis quartz accel, rotated to calibrate",EarthScope,fdsn,1148
OO,AXEC1,OO,45.949577,-129.9797,-1512.0,2014-08-01 00:00:00.000,,EHE EHN EHZ (200 Hz); SHE SHN SHZ (40 Hz); MHE MHN MHZ (8 Hz); LHE LHN LHZ (1 Hz),200.0,seismometer,"CMG-6TF, 1s-100Hz, 2400 V/m/s-DM-24 Mk3 Variable G",EarthScope,fdsn,4450
OO,AXEC2,OO,45.939671,-129.973776,-1519.0,2014-07-23 22:50:02.000,,HDH HHE HHN HHZ HNE HNN HNZ (200 Hz); BHE BHN BHZ (40 Hz); BDO (20 Hz); MHE MHN MHZ (8 Hz); LDH LHE LHN LHZ (1 Hz),200.0,accelerometer+pressure+seismometer,"Bottom Pressure and Tilt: BOTPT Series A | CMG-1T, 360 s, 3000 V/m/s-DM-24 Mk3 Fixed Gain, ga | CMG-5T, DC_100 s,  1.02 V/m/s**2, 1g clip level, | HT1-90-U/Diff Hydrophone-DM-24 Mk3 Fixed Gain, g",EarthScope,fdsn,4458
OO,AXEC3,OO,45.93607,-129.978545,-1516.0,2014-08-01 00:00:00.000,,EHE EHN EHZ (200 Hz); SHE SHN SHZ (40 Hz); MHE MHN MHZ (8 Hz); LHE LHN LHZ (1 Hz),200.0,seismometer,"CMG-6TF, 1s-100Hz, 2400 V/m/s-DM-24 Mk3 Variable G",EarthScope,fdsn,4450
OO,AXID1,OO,45.92572,-129.978031,-1527.5,2014-07-21 06:36:00.000,,EHE EHN EHZ (200 Hz); SHE SHN SHZ (40 Hz); BDO (20 Hz); MHE MHN MHZ (8 Hz); LHE LHN LHZ (1 Hz),200.0,pressure+seismometer,"Bottom Pressure and Tilt: BOTPT Series A | CMG-6TF, 1s-100Hz, 2400 V/m/s-DM-24 Mk3 Variable G",EarthScope,fdsn,4460
OO,CZMID,OO,44.479722,-125.1525,-1238.0,2026-08-22 00:00:00.000,,JDH (10000 Hz); HDH HDO HHE HHN HHZ HNE HNN HNZ (200 Hz); BDO BHE BHN BHZ BNE BNN BNZ BPS (40 Hz); MDH MDO MHE MHN MHZ MNE MNN MNZ (8 Hz); LDH LDI LDO LHE LHN LHZ LNE LNN LNZ (1 Hz); ALG GLA GLO GNS GPL VDT WDO (0.0166667 Hz),10000.0,accelerometer+pressure+seismometer,Absolute Pressure - Paroscientific Inc. Digiquartz Depth Sensor  | Calibrated Pressure and Acceleration - Geodetic and Seismic Sensor Module | High Tech Inc. HTI-90-U - preamp module gain 10x HTI-90-U | Nanometrics COBSO-T360-02 15219 | Nanometrics Titan 4g TACCL-N1 | Nanometrics Trillium 360 OBS T360-OBST2 | Scripps Scripps DPG - preamp module gain 50x Scripps DPG,EarthScope,fdsn,46
OO,CZOFF,OO,44.369407,-124.953627,-581.0,2026-08-22 00:00:00.000,,JDH (10000 Hz); HDH HDO HHE HHN HHZ HNE HNN HNZ (200 Hz); BDO BHE BHN BHZ BNE BNN BNZ BPS (40 Hz); MDH MDO MHE MHN MHZ MNE MNN MNZ (8 Hz); LDH LDI LDO LHE LHN LHZ LNE LNN LNZ (1 Hz); ALG GLA GLO GNS GPL VDT WDO (0.0166667 Hz),10000.0,accelerometer+pressure+seismometer,Absolute Pressure - Paroscientific Inc. Digiquartz Depth Sensor  | Calibrated Pressure and Acceleration - Geodetic and Seismic Sensor Module | High Tech Inc. HTI-90-U - preamp module gain 10x HTI-90-U | Nanometrics COBSO-T360-02 15220 | Nanometrics Titan 4g TACCL-N1 | Nanometrics Trillium 360 OBS T360-OBST2 | Scripps Scripps DPG - preamp module gain 50x Scripps DPG,EarthScope,fdsn,46
OO,CZOSH,OO,44.69,-124.456944,-112.0,2026-08-22 00:00:00.000,,JDH (10000 Hz); HDH HDO HHE HHN HHZ HNE HNN HNZ (200 Hz); BDO BHE BHN BHZ BNE BNN BNZ BPS (40 Hz); MDH MDO MHE MHN MHZ MNE MNN MNZ (8 Hz); LDH LDI LDO LHE LHN LHZ LNE LNN LNZ (1 Hz); ALG GLA GLO GNS GPL VDT WDO (0.0166667 Hz),10000.0,accelerometer+pressure+seismometer,Absolute Pressure - Paroscientific Inc. Digiquartz Depth Sensor  | Calibrated Pressure and Acceleration - Geodetic and Seismic Sensor Module | High Tech Inc. HTI-90-U - preamp module gain 10x HTI-90-U | Nanometrics COBSO-T360-02 15202 | Nanometrics Titan 4g TACCL-N1 | Nanometrics Trillium 360 OBS T360-OBST2 | Scripps Scripps DPG (30kPa) - preamp gain 50x Scripps DPG,EarthScope,fdsn,46
OO,CZSHF,OO,44.637165,-124.305849,-81.0,2026-08-22 00:00:00.000,,JDH (10000 Hz); HDH HDO HHE HHN HHZ HNE HNN HNZ (200 Hz); BDO BHE BHN BHZ (40 Hz); MDH MDO MHE MHN MHZ MNE MNN MNZ (8 Hz); LDH LDO LHE LHN LHZ LNE LNN LNZ (1 Hz); ALG GLA GLO GNS GPL VDT (0.0166667 Hz),10000.0,accelerometer+pressure+seismometer,High Tech Inc. HTI-90-U - preamp module gain 10x HTI-90-U | Nanometrics COBSO-T360-02 15208 | Nanometrics Titan 4g TACCL-V1 | Nanometrics Trillium 360 OBS T360-OBST2 | Scripps Scripps DPG (30kPa) - preamp gain 50x Scripps DPG,EarthScope,fdsn,46
OO,HYS11,OO,44.573029,-125.152499,-818.0,2014-09-01 12:03:00.000,,EHE EHN EHZ (200 Hz); SHE SHN SHZ (40 Hz); MHE MHN MHZ (8 Hz); LHE LHN LHZ (1 Hz),200.0,seismometer,"CMG-6TF, 1s-100Hz, 2400 V/m/s-DM-24 Mk3 Variable G",EarthScope,fdsn,4418
OO,HYS12,OO,44.573195,-125.143917,-788.0,2014-09-01 15:17:00.000,,EHE EHN EHZ (200 Hz); SHE SHN SHZ (40 Hz); MHE MHN MHZ (8 Hz); LHE LHN LHZ (1 Hz),200.0,seismometer,"CMG-6TF, 1s-100Hz, 2400 V/m/s-DM-24 Mk3 Variable G",EarthScope,fdsn,4418
OO,HYS13,OO,44.567395,-125.144178,-790.0,2014-08-01 00:00:00.000,,EHE EHN EHZ (200 Hz); SHE SHN SHZ (40 Hz); MHE MHN MHZ (8 Hz); LHE LHN LHZ (1 Hz),200.0,seismometer,"CMG-6TF, 1s-100Hz, 2400 V/m/s-DM-24 Mk3 Variable G",EarthScope,fdsn,4450
OO,HYS14,OO,44.569173,-125.148073,-777.0,2014-09-07 10:22:00.000,,HDH HHE HHN HHZ HNE HNN HNZ (200 Hz); BHE BHN BHZ (40 Hz); MHE MHN MHZ (8 Hz); LDH LDO LHE LHN LHZ (1 Hz); UDO (0.066667 Hz),200.0,accelerometer+pressure+seismometer,"CMG-1T, 360 s, 3000 V/m/s-DM-24 Mk3 Fixed Gain, ga | CMG-5T, DC_100 s,  1.02 V/m/s**2, 1g clip level, | HT1-90-U/Diff Hydrophone-DM-24 Mk3 Fixed Gain, g | Tidal Seafloor Pressure (Tsunameter 2,000 psia): PREST Series B",EarthScope,fdsn,4412
OO,HYSB1,OO,44.509747,-125.405266,-2907.0,2014-09-13 00:00:01.000,,HDH HHE HHN HHZ HNE HNN HNZ (200 Hz); BHE BHN BHZ (40 Hz); MHE MHN MHZ (8 Hz); LDH LDO LHE LHN LHZ (1 Hz); UDO (0.066667 Hz),200.0,accelerometer+pressure+seismometer,"CMG-1T, 360 s, 3000 V/m/s-DM-24 Mk3 Fixed Gain, ga | CMG-5T, DC_100 s,  1.02 V/m/s**2, 1g clip level, | HT1-90-U/Diff Hydrophone-DM-24 Mk3 Fixed Gain, g | Tidal Seafloor Pressure (Tsunameter 6,000 psia): PREST Series A",EarthScope,fdsn,4406
PG,OBS1,PG,35.270856,-120.934816,-63.0,2013-09-01 00:00:00.000,2014-02-20 00:00:00.000000,HH1 HH2 HH3 HN1 HN2 HN3 (200 Hz),200.0,accelerometer+seismometer,Guralp CMG-3T Broad Band Seismometer | Guralp CMG-5TC,NCEDC,fdsn,172
PG,OBS2,PG,35.256855,-120.960264,-100.0,2013-09-01 00:00:00.000,2014-03-06 00:00:00.000000,HH1 HH2 HH3 HN1 HN2 HN3 (200 Hz),200.0,accelerometer+seismometer,Guralp CMG-3T Broad Band Seismometer | Guralp CMG-5TC,NCEDC,fdsn,186
PG,OBS3,PG,35.22323,-120.939617,-107.0,2013-09-01 00:00:00.000,2014-03-05 00:00:00.000000,HH1 HH2 HH3 HN1 HN2 HN3 (200 Hz),200.0,accelerometer+seismometer,Guralp CMG-3T Broad Band Seismometer | Guralp CMG-5TC,NCEDC,fdsn,185
PG,OBS4,PG,35.19099,-120.87035,-55.0,2013-09-01 00:00:00.000,2014-04-02 00:00:00.000000,HDS HH1 HH2 HH3 HN1 HN2 HN3 (200 Hz); BDS (50 Hz); BDS (10 Hz),200.0,accelerometer+pressure+seismometer,Deep-Sea Differential Pressure Gauge | Guralp CMG-3T Broad Band Seismometer | Guralp CMG-5TC,NCEDC,fdsn,213
SSP,T01,SSP,19.6882,127.018,-5276.0,2006-11-04 00:00:00.000,2007-11-04 00:00:00.000000,— (200 Hz),200.0,seismometer,CMG3T/HDDR5,curated/jamstec.csv,curated,365
SSP,T02,SSP,22.0438,130.8755,-5851.0,2007-11-07 00:00:00.000,2008-11-06 00:00:00.000000,— (100 Hz),100.0,seismometer,CMG3T/HDDR5,curated/jamstec.csv,curated,365
SSP,T02,SSP,22.0465,130.875,-5849.0,2006-11-04 00:00:00.000,2007-11-03 00:00:00.000000,— (200 Hz),200.0,seismometer,CMG3T/HDDR5,curated/jamstec.csv,curated,364
SSP,T03,SSP,26.4909,132.9987,-5328.0,2006-11-02 00:00:00.000,2007-11-01 00:00:00.000000,— (200 Hz),200.0,seismometer,CMG3T/HDDR5,curated/jamstec.csv,curated,364
SSP,T03,SSP,26.4985,132.9979,-5323.0,2007-11-05 00:00:00.000,2008-11-04 00:00:00.000000,— (100 Hz),100.0,seismometer,CMG3T/HDDR5,curated/jamstec.csv,curated,365
SSP,T05,SSP,23.7336,134.9953,-4866.0,2006-11-03 00:00:00.000,2007-11-02 00:00:00.000000,— (200 Hz),200.0,seismometer,CMG3T/HDDR5,curated/jamstec.csv,curated,364
SSP,T05,SSP,23.7357,134.993,-4872.0,2007-11-06 00:00:00.000,2008-11-05 00:00:00.000000,— (200 Hz),200.0,seismometer,CMG3T/HDDR5,curated/jamstec.csv,curated,365
SSP,T06,SSP,29.9889,134.9751,-4614.0,2005-10-07 00:00:00.000,2006-10-30 00:00:00.000000,— (200 Hz),200.0,seismometer,CMG3T/HDDR5,curated/jamstec.csv,curated,388
SSP,T06,SSP,29.9891,134.9749,-4626.0,2006-11-01 00:00:00.000,2007-10-31 00:00:00.000000,— (200 Hz),200.0,seismometer,CMG3T/HDDR5,curated/jamstec.csv,curated,364
SSP,T06,SSP,29.9909,134.9713,-4621.0,2007-11-03 00:00:00.000,2008-11-02 00:00:00.000000,— (100 Hz),100.0,seismometer,CMG3T/HDDR5,curated/jamstec.csv,curated,365
SSP,T07,SSP,27.9001,135.9218,-5259.0,2005-10-08 00:00:00.000,2006-10-31 00:00:00.000000,— (200 Hz),200.0,seismometer,CMG3T/HDDR5,curated/jamstec.csv,curated,388
SSP,T07,SSP,27.9005,135.9235,-5261.0,2007-11-04 00:00:00.000,2008-11-03 00:00:00.000000,— (100 Hz),100.0,seismometer,CMG3T/HDDR5,curated/jamstec.csv,curated,365
SSP,T07,SSP,27.901,135.9235,-5265.0,2006-11-02 00:00:00.000,2007-09-16 00:00:00.000000,— (200 Hz),200.0,seismometer,CMG3T/HDDR5,curated/jamstec.csv,curated,318
SSP,T08,SSP,25.7674,137.0054,-4896.0,2006-11-11 00:00:00.000,2007-11-10 00:00:00.000000,— (200 Hz),200.0,seismometer,CMG3T/HDDR5,curated/jamstec.csv,curated,364
SSP,T08,SSP,25.768,137.0075,-4894.0,2005-10-08 00:00:00.000,2006-07-16 00:00:00.000000,— (200 Hz),200.0,seismometer,CMG3T/HDDR5,curated/jamstec.csv,curated,281
SSP,T09,SSP,30.6652,137.3204,-4259.0,2007-11-03 00:00:00.000,2008-11-02 00:00:00.000000,— (100 Hz),100.0,seismometer,CMG3T/HDDR5,curated/jamstec.csv,curated,365
SSP,T09,SSP,30.6683,137.3235,-4260.0,2005-10-07 00:00:00.000,2006-10-30 00:00:00.000000,— (200 Hz),200.0,seismometer,CMG3T/HDDR5,curated/jamstec.csv,curated,388
SSP,T09,SSP,30.6692,137.3216,-4266.0,2006-11-01 00:00:00.000,2007-10-30 00:00:00.000000,— (200 Hz),200.0,seismometer,CMG3T/HDDR5,curated/jamstec.csv,curated,363
SSP,T11,SSP,22.6698,137.9841,-4770.0,2005-10-18 00:00:00.000,2006-11-07 00:00:00.000000,— (200 Hz),200.0,seismometer,CMG3T/HDDR5,curated/jamstec.csv,curated,385
SSP,T11,SSP,22.6699,137.9844,-4786.0,2006-11-08 00:00:00.000,2007-11-08 00:00:00.000000,— (200 Hz),200.0,seismometer,CMG3T/HDDR5,curated/jamstec.csv,curated,365
SSP,T12,SSP,27.4982,138.513,-4688.0,2006-11-12 00:00:00.000,2007-11-11 00:00:00.000000,— (200 Hz),200.0,seismometer,CMG3T/HDDR5,curated/jamstec.csv,curated,364
SSP,T12,SSP,27.4996,138.5125,-4679.0,2005-10-22 00:00:00.000,2006-11-11 00:00:00.000000,— (200 Hz),200.0,seismometer,CMG3T/HDDR5,curated/jamstec.csv,curated,385
SSP,T13,SSP,24.9718,139.298,-4784.0,2007-11-15 00:00:00.000,2008-11-14 00:00:00.000000,— (100 Hz),100.0,seismometer,CMG3T/HDDR5,curated/jamstec.csv,curated,365
SSP,T13,SSP,24.9734,139.2967,-4793.0,2006-11-10 00:00:00.000,2007-11-09 00:00:00.000000,— (200 Hz),200.0,seismometer,CMG3T/HDDR5,curated/jamstec.csv,curated,364
SSP,T13,SSP,24.9739,139.2976,-4786.0,2005-10-23 00:00:00.000,2006-11-08 00:00:00.000000,— (200 Hz),200.0,seismometer,CMG3T/HDDR5,curated/jamstec.csv,curated,381
SSP,T15,SSP,28.9991,141.3211,-4019.999999999999,2005-10-22 00:00:00.000,2006-11-16 00:00:00.000000,— (200 Hz),200.0,seismometer,CMG3T/HDDR5,curated/jamstec.csv,curated,390
SSP,T15,SSP,28.9999,141.3213,-4027.999999999999,2007-11-18 00:00:00.000,2008-11-17 00:00:00.000000,— (100 Hz),100.0,seismometer,CMG3T/HDDR5,curated/jamstec.csv,curated,365
SSP,T16,SSP,32.5243,143.956,-5414.0,2007-11-23 00:00:00.000,2008-11-15 00:00:00.000000,— (100 Hz),100.0,seismometer,CMG3T/HDDR5,curated/jamstec.csv,curated,358
SSP,T17,SSP,29.3265,145.3329,-5794.0,2005-10-21 00:00:00.000,2006-11-17 00:00:00.000000,— (200 Hz),200.0,seismometer,CMG3T/HDDR5,curated/jamstec.csv,curated,392
SSP,T18,SSP,27.1419,147.1735,-5583.0,2005-10-21 00:00:00.000,2008-11-18 00:00:00.000000,— (200 Hz); — (100 Hz),200.0,seismometer,CMG3T/HDDR5,curated/jamstec.csv,curated,1124
SSP,T19,SSP,23.9927,148.0087,-5772.0,2005-10-19 00:00:00.000,2006-11-13 00:00:00.000000,— (200 Hz),200.0,seismometer,CMG3T/HDDR5,curated/jamstec.csv,curated,390
SSP,T21,SSP,27.3079,150.6003,-5858.0,2005-10-20 00:00:00.000,2006-10-19 00:00:00.000000,— (200 Hz),200.0,seismometer,CMG3T/HDDR5,curated/jamstec.csv,curated,364
TIARES,SOC1,TIARES,-19.47,-148.0487,-4398.0,2009-02-07 00:00:00.000,2010-07-01 00:00:00.000000,— (100 Hz),100.0,seismometer,CMG3T/HDDR5,curated/jamstec.csv,curated,509
TIARES,SOC2,TIARES,-20.9551,-146.4397,-4766.0,2009-02-08 00:00:00.000,2010-06-29 00:00:00.000000,— (100 Hz),100.0,seismometer,CMG3T/HDDR5,curated/jamstec.csv,curated,506
TIARES,SOC3,TIARES,-19.9274,-146.0246,-4632.0,2009-02-09 00:00:00.000,2010-06-30 00:00:00.000000,— (100 Hz),100.0,seismometer,CMG3T/HDDR5,curated/jamstec.csv,curated,506
TIARES,SOC4,TIARES,-18.425,-145.9866,-4457.0,2009-02-09 00:00:00.000,2010-07-01 00:00:00.000000,— (100 Hz),100.0,seismometer,CMG3T/HDDR5,curated/jamstec.csv,curated,507
TIARES,SOC5,TIARES,-17.4999,-144.506,-4030.999999999999,2009-02-10 00:00:00.000,2010-06-30 00:00:00.000000,— (100 Hz),100.0,seismometer,CMG3T/HDDR5,curated/jamstec.csv,curated,505
TIARES,SOC6,TIARES,-18.8052,-142.2938,-4483.0,2009-02-12 00:00:00.000,2010-07-01 00:00:00.000000,— (100 Hz),100.0,seismometer,CMG3T/HDDR5,curated/jamstec.csv,curated,504
TIARES,SOC7,TIARES,-19.9411,-142.6884,-4467.0,2009-02-11 00:00:00.000,2010-07-01 00:00:00.000000,— (100 Hz),100.0,seismometer,CMG3T/HDDR5,curated/jamstec.csv,curated,505
TIARES,SOC8,TIARES,-20.9534,-143.7563,-4779.0,2009-02-12 00:00:00.000,2010-07-01 00:00:00.000000,— (100 Hz),100.0,seismometer,CMG3T/HDDR5,curated/jamstec.csv,curated,504
TIARES,SOC9,TIARES,-22.1694,-144.6965,-4513.0,2009-02-13 00:00:00.000,2010-07-01 00:00:00.000000,— (100 Hz),100.0,seismometer,CMG3T/HDDR5,curated/jamstec.csv,curated,503
WE,WIS01,WE,37.54848,15.39893,-2039.0,2024-02-21 00:00:00.000,2025-05-05 00:00:00.000000,HH1 HH2 HHZ (100 Hz),100.0,seismometer,"CMG-3T, 120s to 50Hz, 1500 V/m/s",INGV,fdsn,439
WE,WIS02,WE,37.548617,15.399383,-2039.0,2024-02-21 00:00:00.000,2024-09-22 20:00:00.000000,HH1 HH2 HHZ (100 Hz),100.0,seismometer,"CMG-3T, 120s to 50Hz, 1500 V/m/s",INGV,fdsn,214
WE,WIS03,WE,37.556583,15.433617,-2033.0,2024-02-21 00:00:00.000,2025-05-05 00:00:00.000000,HH1 HH2 HH3 (100 Hz),100.0,seismometer,Certimus instrument,INGV,fdsn,439
WE,WIS04,WE,37.571817,15.501583,-1992.0,2024-02-21 00:00:00.000,2025-05-05 00:00:00.000000,HH1 HH2 HH3 (100 Hz),100.0,seismometer,Certimus instrument,INGV,fdsn,439
WE,WIS05,WE,37.608533,15.548317,-1917.0,2024-02-21 00:00:00.000,2025-05-05 00:00:00.000000,HH1 HH2 HH3 (100 Hz),100.0,seismometer,Certimus instrument,INGV,fdsn,439
X1_2004,NKF01,X1,49.311901,-127.721001,-2362.0,2004-05-16 00:00:00.000,2005-07-06 01:09:33.000000,BLZ SHE SHN (40 Hz); BDH BH1 BH2 BHZ (20 Hz); LDH LH1 LH2 LHZ (1 Hz),40.0,pressure+seismometer,Mark Products L-4C/Quanterra Q330 Linear Phase Bel | SIO Differential Pressure Gauge/Quanterra Q330 Lin,EarthScope,fdsn,416
X3_2013,OBS01,X3,36.117802,-34.2104,-1503.0,2013-04-16 05:52:00.000,2013-05-01 23:27:00.000000,EDH EL1 EL2 ELZ (200 Hz),200.0,pressure+seismometer,HTI_90_U Hydrophone OBSIP-SIO/ABALONES-4x4 | L28LB OBSIP-SIO Seismometer Differential/ABALONES-,EarthScope,fdsn,15
X3_2013,OBS02,X3,36.163898,-34.144901,-1536.0,2013-04-16 23:55:00.000,2013-05-02 01:14:00.000000,EDH EL1 EL2 ELZ (200 Hz),200.0,pressure+seismometer,HTI_90_U Hydrophone OBSIP-SIO/ABALONES-4x4 | L28LB OBSIP-SIO Seismometer Differential/ABALONES-,EarthScope,fdsn,15
X3_2013,OBS03,X3,36.204201,-34.0896,-1689.0,2013-04-16 07:08:00.000,2013-05-02 02:44:00.000000,EDH EL1 EL2 ELZ (200 Hz),200.0,pressure+seismometer,HTI_90_U Hydrophone OBSIP-SIO/ABALONES-4x4 | L28LB OBSIP-SIO Seismometer Differential/ABALONES-,EarthScope,fdsn,15
X3_2013,OBS05,X3,36.272598,-33.995602,-2339.0,2013-04-17 09:38:00.000,2013-05-02 05:56:59.000000,EDH ELZ (200 Hz),200.0,pressure+seismometer,HTI_90_U Hydrophone OBSIP-SIO/ABALONES-4x4 | L22D OBSIP-SIO Vertical Seismometer/ABALONES-4x4,EarthScope,fdsn,14
X3_2013,OBS06,X3,36.296398,-33.9627,-1895.0,2013-04-17 00:50:00.000,2013-05-02 07:23:00.000000,EDH EL1 EL2 ELZ (200 Hz),200.0,pressure+seismometer,HTI_90_U Hydrophone OBSIP-SIO/ABALONES-4x4 | L28LB OBSIP-SIO Seismometer Differential/ABALONES-,EarthScope,fdsn,15
X3_2013,OBS07,X3,36.318699,-33.929798,-1612.0,2013-04-17 00:26:00.000,2013-05-02 08:41:00.000000,EDH EL1 EL2 ELZ (200 Hz),200.0,pressure+seismometer,HTI_90_U Hydrophone OBSIP-SIO/ABALONES-4x4 | L28LB OBSIP-SIO Seismometer Differential/ABALONES-,EarthScope,fdsn,15
X3_2013,OBS08,X3,36.350601,-33.888199,-2117.0,2013-04-17 01:43:00.000,2013-05-02 10:12:00.000000,EDH EL1 EL2 ELZ (200 Hz),200.0,pressure+seismometer,HTI_90_U Hydrophone OBSIP-SIO/ABALONES-4x4 | L28LB OBSIP-SIO Seismometer Differential/ABALONES-,EarthScope,fdsn,15
X3_2013,OBS09,X3,36.3867,-33.838299,-1823.0,2013-04-17 01:26:00.000,2013-05-02 11:45:00.000000,EDH EL1 EL2 ELZ (200 Hz),200.0,pressure+seismometer,HTI_90_U Hydrophone OBSIP-SIO/ABALONES-4x4 | L28LB OBSIP-SIO Seismometer Differential/ABALONES-,EarthScope,fdsn,15
X3_2013,OBS10,X3,36.4286,-33.778702,-1693.0,2013-04-17 01:59:00.000,2013-05-02 13:22:00.000000,EDH EL1 EL2 ELZ (200 Hz),200.0,pressure+seismometer,HTI_90_U Hydrophone OBSIP-SIO/ABALONES-4x4 | L28LB OBSIP-SIO Seismometer Differential/ABALONES-,EarthScope,fdsn,15
X3_2013,OBS11,X3,36.477402,-33.715698,-1908.0,2013-04-17 22:46:00.000,2013-05-02 15:34:00.000000,EDH EL1 EL2 ELZ (200 Hz),200.0,pressure+seismometer,HTI_90_U Hydrophone OBSIP-SIO/ABALONES-4x4 | L28LB OBSIP-SIO Seismometer Differential/ABALONES-,EarthScope,fdsn,14
X3_2013,OBS12,X3,36.430401,-33.661999,-2534.0,2013-04-17 21:10:00.000,2013-05-02 17:06:00.000000,EDH ELZ (200 Hz),200.0,pressure+seismometer,HTI_90_U Hydrophone OBSIP-SIO/ABALONES-4x4 | L22D OBSIP-SIO Vertical Seismometer/ABALONES-4x4,EarthScope,fdsn,14
X3_2013,OBS13,X3,36.380699,-33.727901,-2751.0,2013-04-17 02:25:00.000,2013-05-13 18:30:00.000000,EDH EL1 EL2 ELZ (200 Hz),200.0,pressure+seismometer,HTI_90_U Hydrophone OBSIP-SIO/ABALONES-4x4 | L28LB OBSIP-SIO Seismometer Differential/ABALONES-,EarthScope,fdsn,26
X3_2013,OBS14,X3,36.340199,-33.785999,-2865.0,2013-04-17 23:42:00.000,2013-05-13 20:23:00.000000,EDH EL1 EL2 ELZ (200 Hz),200.0,pressure+seismometer,HTI_90_U Hydrophone OBSIP-SIO/ABALONES-4x4 | L28LB OBSIP-SIO Seismometer Differential/ABALONES-,EarthScope,fdsn,25
X3_2013,OBS15,X3,36.303799,-33.835701,-2871.0,2013-04-17 02:14:00.000,2013-05-13 22:04:00.000000,EDH EL1 EL2 ELZ (200 Hz),200.0,pressure+seismometer,HTI_90_U Hydrophone OBSIP-SIO/ABALONES-4x4 | L28LB OBSIP-SIO Seismometer Differential/ABALONES-,EarthScope,fdsn,26
X3_2013,OBS16,X3,36.273499,-33.8773,-2475.0,2013-04-17 02:38:00.000,2013-05-14 00:05:00.000000,EDH EL1 EL2 ELZ (200 Hz),200.0,pressure+seismometer,HTI_90_U Hydrophone OBSIP-SIO/ABALONES-4x4 | L28LB OBSIP-SIO Seismometer Differential/ABALONES-,EarthScope,fdsn,26
X3_2013,OBS17,X3,36.244701,-33.867401,-2141.0,2013-04-17 03:43:00.000,2013-05-14 01:36:00.000000,EDH EL1 EL2 ELZ (200 Hz),200.0,pressure+seismometer,HTI_90_U Hydrophone OBSIP-SIO/ABALONES-4x4 | L28LB OBSIP-SIO Seismometer Differential/ABALONES-,EarthScope,fdsn,26
X3_2013,OBS18,X3,36.249699,-33.910301,-2721.0,2013-04-17 02:51:00.000,2013-05-14 03:08:00.000000,EDH EL1 EL2 ELZ (200 Hz),200.0,pressure+seismometer,HTI_90_U Hydrophone OBSIP-SIO/ABALONES-4x4 | L28LB OBSIP-SIO Seismometer Differential/ABALONES-,EarthScope,fdsn,27
X3_2013,OBS19,X3,36.2146,-33.909199,-2452.0,2013-04-17 03:32:00.000,2013-05-14 04:28:00.000000,EDH EL1 EL2 ELZ (200 Hz),200.0,pressure+seismometer,HTI_90_U Hydrophone OBSIP-SIO/ABALONES-4x4 | L28LB OBSIP-SIO Seismometer Differential/ABALONES-,EarthScope,fdsn,27
X3_2013,OBS20,X3,36.225498,-33.943199,-3219.0,2013-04-17 04:40:00.000,2013-05-14 06:11:00.000000,EDH EL1 EL2 ELZ (200 Hz),200.0,pressure+seismometer,HTI_90_U Hydrophone OBSIP-SIO/ABALONES-4x4 | L28LB OBSIP-SIO Seismometer Differential/ABALONES-,EarthScope,fdsn,27
X3_2013,OBS21,X3,36.195,-33.984699,-3035.0,2013-04-17 04:25:00.000,2013-05-14 07:48:00.000000,EDH EL1 EL2 ELZ (200 Hz),200.0,pressure+seismometer,HTI_90_U Hydrophone OBSIP-SIO/ABALONES-4x4 | L28LB OBSIP-SIO Seismometer Differential/ABALONES-,EarthScope,fdsn,27
X3_2013,OBS22,X3,36.1595,-34.034698,-2231.0,2013-04-17 05:27:00.000,2013-05-14 09:14:00.000000,EDH EL1 EL2 ELZ (200 Hz),200.0,pressure+seismometer,HTI_90_U Hydrophone OBSIP-SIO/ABALONES-4x4 | L28LB OBSIP-SIO Seismometer Differential/ABALONES-,EarthScope,fdsn,27
X3_2013,OBS23,X3,36.117001,-34.092701,-2506.0,2013-04-17 19:51:00.000,2013-05-14 10:50:00.000000,EDH EL1 EL2 ELZ (200 Hz),200.0,pressure+seismometer,HTI_90_U Hydrophone OBSIP-SIO/ABALONES-4x4 | L28LB OBSIP-SIO Seismometer Differential/ABALONES-,EarthScope,fdsn,26
X3_2013,OBS24,X3,36.069,-34.158798,-2321.0,2013-04-18 03:12:00.000,2013-05-03 15:53:59.000000,EDH ELZ (200 Hz),200.0,pressure+seismometer,HTI_90_U Hydrophone OBSIP-SIO/ABALONES-4x4 | L22D OBSIP-SIO Vertical Seismometer/ABALONES-4x4,EarthScope,fdsn,15
X3_2013,OBS25,X3,36.028599,-34.114601,-2268.0,2013-04-18 07:10:00.000,2013-05-03 14:25:59.000000,EDH ELZ (200 Hz),200.0,pressure+seismometer,HTI_90_U Hydrophone OBSIP-SIO/ABALONES-4x4 | L22D OBSIP-SIO Vertical Seismometer/ABALONES-4x4,EarthScope,fdsn,15
X3_2013,OBS26,X3,36.0774,-34.0485,-2620.0,2013-04-18 00:00:00.000,2013-05-14 12:34:00.000000,EDH EL1 EL2 ELZ (200 Hz),200.0,pressure+seismometer,HTI_90_U Hydrophone OBSIP-SIO/ABALONES-4x4 | L28LB OBSIP-SIO Seismometer Differential/ABALONES-,EarthScope,fdsn,26
X3_2013,OBS27,X3,36.1194,-33.990299,-2801.0,2013-04-17 16:15:00.000,2013-05-14 14:27:00.000000,EDH EL1 EL2 ELZ (200 Hz),200.0,pressure+seismometer,HTI_90_U Hydrophone OBSIP-SIO/ABALONES-4x4 | L28LB OBSIP-SIO Seismometer Differential/ABALONES-,EarthScope,fdsn,26
X3_2013,OBS28,X3,36.155499,-33.940399,-2693.0,2013-04-17 15:58:00.000,2013-05-14 16:16:00.000000,EDH EL1 EL2 ELZ (200 Hz),200.0,pressure+seismometer,HTI_90_U Hydrophone OBSIP-SIO/ABALONES-4x4 | L28LB OBSIP-SIO Seismometer Differential/ABALONES-,EarthScope,fdsn,27
X3_2013,OBS29,X3,36.185799,-33.8992,-2219.0,2013-04-17 11:01:00.000,2013-05-14 17:56:00.000000,EDH EL1 EL2 ELZ (200 Hz),200.0,pressure+seismometer,HTI_90_U Hydrophone OBSIP-SIO/ABALONES-4x4 | L28LB OBSIP-SIO Seismometer Differential/ABALONES-,EarthScope,fdsn,27
X3_2013,OBS30,X3,36.209599,-33.865898,-2071.0,2013-04-17 11:24:00.000,2013-05-13 09:47:00.000000,EDH EL1 EL2 ELZ (200 Hz),200.0,pressure+seismometer,HTI_90_U Hydrophone OBSIP-SIO/ABALONES-4x4 | L28LB OBSIP-SIO Seismometer Differential/ABALONES-,EarthScope,fdsn,25
X3_2013,OBS31,X3,36.233799,-33.8321,-2736.0,2013-04-17 10:44:00.000,2013-05-13 11:23:00.000000,EDH EL1 EL2 ELZ (200 Hz),200.0,pressure+seismometer,HTI_90_U Hydrophone OBSIP-SIO/ABALONES-4x4 | L28LB OBSIP-SIO Seismometer Differential/ABALONES-,EarthScope,fdsn,26
X3_2013,OBS32,X3,36.263901,-33.790699,-2836.0,2013-04-17 16:30:00.000,2013-05-13 13:05:00.000000,EDH EL1 EL2 ELZ (200 Hz),200.0,pressure+seismometer,HTI_90_U Hydrophone OBSIP-SIO/ABALONES-4x4 | L28LB OBSIP-SIO Seismometer Differential/ABALONES-,EarthScope,fdsn,25
X3_2013,OBS33,X3,36.300098,-33.741699,-2547.0,2013-04-17 15:24:00.000,2013-05-13 14:47:00.000000,EDH EL1 EL2 ELZ (200 Hz),200.0,pressure+seismometer,HTI_90_U Hydrophone OBSIP-SIO/ABALONES-4x4 | L28LB OBSIP-SIO Seismometer Differential/ABALONES-,EarthScope,fdsn,25
X3_2013,OBS34,X3,36.341999,-33.683601,-2786.0,2013-04-17 15:43:00.000,2013-05-13 16:47:00.000000,EDH EL1 EL2 ELZ (200 Hz),200.0,pressure+seismometer,HTI_90_U Hydrophone OBSIP-SIO/ABALONES-4x4 | L28LB OBSIP-SIO Seismometer Differential/ABALONES-,EarthScope,fdsn,26
X3_2013,OBS35,X3,36.3904,-33.617599,-2212.0,2013-04-18 10:45:00.000,2013-05-02 18:31:59.000000,EDH ELZ (200 Hz),200.0,pressure+seismometer,HTI_90_U Hydrophone OBSIP-SIO/ABALONES-4x4 | L22D OBSIP-SIO Vertical Seismometer/ABALONES-4x4,EarthScope,fdsn,14
X3_2013,OBS36,X3,36.343601,-33.5653,-1918.0,2013-04-17 05:50:00.000,2013-05-02 20:23:00.000000,EDH EL1 EL2 ELZ (200 Hz),200.0,pressure+seismometer,HTI_90_U Hydrophone OBSIP-SIO/ABALONES-4x4 | L28LB OBSIP-SIO Seismometer Differential/ABALONES-,EarthScope,fdsn,15
X3_2013,OBS37,X3,36.295502,-33.631401,-1966.0,2013-04-17 05:37:00.000,2013-05-02 22:04:00.000000,EDH EL1 EL2 ELZ (200 Hz),200.0,pressure+seismometer,HTI_90_U Hydrophone OBSIP-SIO/ABALONES-4x4 | L28LB OBSIP-SIO Seismometer Differential/ABALONES-,EarthScope,fdsn,15
X3_2013,OBS38,X3,36.253399,-33.6889,-2277.0,2013-04-18 12:55:00.000,2013-05-02 23:44:00.000000,EDH ELZ (200 Hz),200.0,pressure+seismometer,HTI_90_U Hydrophone OBSIP-SIO/ABALONES-4x4 | L22D OBSIP-SIO Vertical Seismometer/ABALONES-4x4,EarthScope,fdsn,14
X3_2013,OBS39,X3,36.217098,-33.7388,-2435.0,2013-04-18 15:50:00.000,2013-05-03 01:13:59.000000,EDH ELZ (200 Hz),200.0,pressure+seismometer,HTI_90_U Hydrophone OBSIP-SIO/ABALONES-4x4 | L22D OBSIP-SIO Vertical Seismometer/ABALONES-4x4,EarthScope,fdsn,14
X3_2013,OBS41,X3,36.162899,-33.813202,-1878.0,2013-04-17 07:05:00.000,2013-05-03 05:07:00.000000,EDH EL1 EL2 ELZ (200 Hz),200.0,pressure+seismometer,HTI_90_U Hydrophone OBSIP-SIO/ABALONES-4x4 | L28LB OBSIP-SIO Seismometer Differential/ABALONES-,EarthScope,fdsn,15
X3_2013,OBS43,X3,36.108799,-33.8876,-2147.0,2013-04-18 19:30:00.000,2013-05-03 07:59:59.000000,EDH ELZ (200 Hz),200.0,pressure+seismometer,HTI_90_U Hydrophone OBSIP-SIO/ABALONES-4x4 | L22D OBSIP-SIO Vertical Seismometer/ABALONES-4x4,EarthScope,fdsn,14
X3_2013,OBS44,X3,36.072399,-33.937302,-2315.0,2013-04-17 06:45:00.000,2013-05-03 09:33:00.000000,EDH EL1 EL2 ELZ (200 Hz),200.0,pressure+seismometer,HTI_90_U Hydrophone OBSIP-SIO/ABALONES-4x4 | L28LB OBSIP-SIO Seismometer Differential/ABALONES-,EarthScope,fdsn,16
X3_2013,OBS45,X3,36.0303,-33.997799,-2234.0,2013-04-18 20:56:00.000,2013-05-03 11:10:59.000000,EDH ELZ (200 Hz),200.0,pressure+seismometer,HTI_90_U Hydrophone OBSIP-SIO/ABALONES-4x4 | L22D OBSIP-SIO Vertical Seismometer/ABALONES-4x4,EarthScope,fdsn,14
X3_2013,OBS46,X3,35.982101,-34.061699,-2422.0,2013-04-17 11:40:00.000,2013-05-03 13:06:00.000000,EDH EL1 EL2 ELZ (200 Hz),200.0,pressure+seismometer,HTI_90_U Hydrophone OBSIP-SIO/ABALONES-4x4 | L28LB OBSIP-SIO Seismometer Differential/ABALONES-,EarthScope,fdsn,16
X3_2013,OBS47,X3,36.185501,-33.932701,-3153.0,2013-05-14 03:43:00.000,2014-01-09 19:24:00.000000,EDH EL1 EL2 ELZ (200 Hz),200.0,pressure+seismometer,HTI_90_U Hydrophone OBSIP-SIO/ABALONES-4x4 | L28LB OBSIP-SIO Seismometer Differential/ABALONES-,EarthScope,fdsn,240
X3_2013,OBS48,X3,36.213299,-33.898201,-2227.0,2013-05-03 19:57:00.000,2014-01-08 19:27:00.000000,EDH EL1 EL2 ELZ (200 Hz),200.0,pressure+seismometer,HTI_90_U Hydrophone OBSIP-SIO/ABALONES-4x4 | L28LB OBSIP-SIO Seismometer Differential/ABALONES-,EarthScope,fdsn,249
X3_2013,OBS49,X3,36.208302,-33.876701,-2021.0,2013-05-03 19:15:00.000,2014-01-08 20:53:59.000000,EDH EL1 EL2 ELZ (200 Hz),200.0,pressure+seismometer,HTI_90_U Hydrophone OBSIP-SIO/ABALONES-4x4 | L28LB OBSIP-SIO Seismometer Differential/ABALONES-,EarthScope,fdsn,250
X3_2013,OBS50,X3,36.221802,-33.860298,-2169.0,2013-05-03 18:40:00.000,2014-01-09 09:45:00.000000,EDH EL1 EL2 ELZ (200 Hz),200.0,pressure+seismometer,HTI_90_U Hydrophone OBSIP-SIO/ABALONES-4x4 | L28LB OBSIP-SIO Seismometer Differential/ABALONES-,EarthScope,fdsn,250
X3_2013,OBS51,X3,36.203499,-33.826,-2550.0,2013-05-14 02:58:00.000,2014-01-09 17:12:58.000000,EDH EL1 EL2 ELZ (200 Hz),200.0,pressure+seismometer,HTI_90_U Hydrophone OBSIP-SIO/ABALONES-4x4 | L28LB OBSIP-SIO Seismometer Differential/ABALONES-,EarthScope,fdsn,240
X3_2013,OBS54,X3,36.242199,-33.8894,-2282.0,2013-05-03 17:07:00.000,2014-01-09 15:25:00.000000,EDH EL1 EL2 ELZ (200 Hz),200.0,pressure+seismometer,HTI_90_U Hydrophone OBSIP-SIO/ABALONES-4x4 | L28LB OBSIP-SIO Seismometer Differential/ABALONES-,EarthScope,fdsn,250
X3_2013,OBS55,X3,36.252701,-33.944599,-3016.0,2013-05-03 16:36:00.000,2014-01-09 21:19:59.000000,EDH EL1 EL2 ELZ (200 Hz),200.0,pressure+seismometer,HTI_90_U Hydrophone OBSIP-SIO/ABALONES-4x4 | L28LB OBSIP-SIO Seismometer Differential/ABALONES-,EarthScope,fdsn,251
X3_2013,OBS56,X3,36.2286,-33.9076,-2345.0,2013-05-10 08:01:00.000,2014-01-08 17:47:59.000000,EDH EL1 EL2 ELZ (200 Hz),200.0,pressure+seismometer,HTI_90_U Hydrophone OBSIP-SIO/ABALONES-4x4 | L28LB OBSIP-SIO Seismometer Differential/ABALONES-,EarthScope,fdsn,243
X3_2013,OBS57,X3,36.231998,-33.903999,-2377.0,2013-05-03 20:19:00.000,2014-01-08 16:21:57.000000,EDH EL1 EL2 ELZ (200 Hz),200.0,pressure+seismometer,HTI_90_U Hydrophone OBSIP-SIO/ABALONES-4x4 | L28LB OBSIP-SIO Seismometer Differential/ABALONES-,EarthScope,fdsn,249
X3_2013,OBS58,X3,36.232101,-33.902,-2296.0,2013-05-10 05:45:00.000,2014-01-08 14:57:58.000000,EDH EL1 EL2 ELZ (200 Hz),200.0,pressure+seismometer,HTI_90_U Hydrophone OBSIP-SIO/ABALONES-4x4 | L28LB OBSIP-SIO Seismometer Differential/ABALONES-,EarthScope,fdsn,243
X3_2013,OBS59,X3,36.230099,-33.902,-2248.0,2013-05-10 07:20:00.000,2014-01-08 13:31:57.000000,EDH EL1 EL2 ELZ (200 Hz),200.0,pressure+seismometer,HTI_90_U Hydrophone OBSIP-SIO/ABALONES-4x4 | L28LB OBSIP-SIO Seismometer Differential/ABALONES-,EarthScope,fdsn,243
X3_2013,OBS60,X3,36.229,-33.902199,-2237.0,2013-05-10 07:43:00.000,2014-01-08 11:55:00.000000,EDH EL1 EL2 ELZ (200 Hz),200.0,pressure+seismometer,HTI_90_U Hydrophone OBSIP-SIO/ABALONES-4x4 | L28LB OBSIP-SIO Seismometer Differential/ABALONES-,EarthScope,fdsn,243
X3_2013,OBS61,X3,36.229099,-33.904301,-2294.0,2013-05-12 00:43:00.000,2014-01-08 10:27:57.000000,EDH EL1 EL2 ELZ (200 Hz),200.0,pressure+seismometer,HTI_90_U Hydrophone OBSIP-SIO/ABALONES-4x4 | L28LB OBSIP-SIO Seismometer Differential/ABALONES-,EarthScope,fdsn,241
X4_2022,1AS01,X4,14.355955,-104.41565,-3041.0,2022-05-16 00:00:00.000,2022-05-20 23:59:59.000000,EDH EL1 EL2 ELZ (200 Hz); LDH LL1 LL2 LLZ (1 Hz); VPB (0.1 Hz),200.0,pressure+seismometer,Geospace GS-11D/Quanterra Q330 Linear Phase Compos | HTI-90-U Hydrophone;/Quanterra Q330 Linear Phase C | Quanterra Q330 Linear Phase Composite,EarthScope,fdsn,4
X4_2022,1AS02,X4,14.376656,-104.30642,-2844.0,2022-05-16 04:21:00.000,2022-05-19 01:16:59.991300,EDH EL1 EL2 ELZ (200 Hz),200.0,pressure+seismometer,HTI_90_U Hydrophone OBSIP-SIO/ABALONES | L28LB OBSIP-SIO Seismometer Differential/ABALONES,EarthScope,fdsn,2
X4_2022,1AS03,X4,14.396932,-104.197348,-3015.0,2022-05-16 00:00:00.000,2022-05-20 23:59:59.000000,EDH EL1 EL2 ELZ (200 Hz); LDH LL1 LL2 LLZ (1 Hz); VPB (0.1 Hz),200.0,pressure+seismometer,Geospace GS-11D/Quanterra Q330 Linear Phase Compos | HTI-90-U Hydrophone;/Quanterra Q330 Linear Phase C | Quanterra Q330 Linear Phase Composite,EarthScope,fdsn,4
X4_2022,1AS04,X4,14.417645,-104.08471,-3089.0,2022-05-16 06:34:00.000,2022-05-19 05:12:00.570000,EDH EL1 EL2 ELZ (200 Hz),200.0,pressure+seismometer,HTI_90_U Hydrophone OBSIP-SIO/ABALONES | L28LB OBSIP-SIO Seismometer Differential/ABALONES,EarthScope,fdsn,2
X4_2022,1AS05,X4,14.43844,-103.978803,-3146.0,2022-05-16 00:00:00.000,2022-05-20 23:59:59.000000,EDH EL1 EL2 ELZ (200 Hz); LDH LL1 LL2 LLZ (1 Hz); VPB (0.1 Hz),200.0,pressure+seismometer,Geospace GS-11D/Quanterra Q330 Linear Phase Compos | HTI-90-U Hydrophone;/Quanterra Q330 Linear Phase C | Quanterra Q330 Linear Phase Composite,EarthScope,fdsn,4
X4_2022,1AS06,X4,14.45939,-103.86755,-2956.0,2022-05-16 08:14:00.000,2022-05-19 08:56:59.989800,EDH EL1 EL2 ELZ (200 Hz),200.0,pressure+seismometer,HTI_90_U Hydrophone OBSIP-SIO/ABALONES | L28LB OBSIP-SIO Seismometer Differential/ABALONES,EarthScope,fdsn,3
X4_2022,1AS07,X4,14.47981,-103.760107,-3061.0,2022-05-16 00:00:00.000,2022-05-20 23:59:59.000000,EDH EL1 EL2 ELZ (200 Hz); LDH LL1 LL2 LLZ (1 Hz); VPB (0.1 Hz),200.0,pressure+seismometer,Geospace GS-11D/Quanterra Q330 Linear Phase Compos | HTI-90-U Hydrophone;/Quanterra Q330 Linear Phase C | Quanterra Q330 Linear Phase Composite,EarthScope,fdsn,4
X4_2022,1AS08,X4,14.500315,-103.64987,-3037.0,2022-05-16 09:08:00.000,2022-05-19 12:26:59.999000,EDH EL1 EL2 ELZ (200 Hz),200.0,pressure+seismometer,HTI_90_U Hydrophone OBSIP-SIO/ABALONES | L28LB OBSIP-SIO Seismometer Differential/ABALONES,EarthScope,fdsn,3
X4_2022,1AS09,X4,14.520708,-103.541167,-3185.0,2022-05-16 00:00:00.000,2022-05-20 23:59:59.000000,EDH EL1 EL2 ELZ (200 Hz); LDH LL1 LL2 LLZ (1 Hz); VPB (0.1 Hz),200.0,pressure+seismometer,Geospace GS-11D/Quanterra Q330 Linear Phase Compos | HTI-90-U Hydrophone;/Quanterra Q330 Linear Phase C | Quanterra Q330 Linear Phase Composite,EarthScope,fdsn,4
X4_2022,1AS10,X4,14.541782,-103.42987,-3267.0,2022-05-16 11:52:00.000,2022-05-19 16:17:00.510000,EDH EL1 EL2 ELZ (200 Hz),200.0,pressure+seismometer,HTI_90_U Hydrophone OBSIP-SIO/ABALONES | L28LB OBSIP-SIO Seismometer Differential/ABALONES,EarthScope,fdsn,3
X4_2022,1AS11,X4,14.561943,-103.322033,-3310.0,2022-05-16 00:00:00.000,2022-05-20 23:59:59.000000,EDH EL1 EL2 ELZ (200 Hz); LDH LL1 LL2 LLZ (1 Hz); VPB (0.1 Hz),200.0,pressure+seismometer,Geospace GS-11D/Quanterra Q330 Linear Phase Compos | HTI-90-U Hydrophone;/Quanterra Q330 Linear Phase C | Quanterra Q330 Linear Phase Composite,EarthScope,fdsn,4
X4_2022,1AS12,X4,14.582364,-103.21136,-3363.0,2022-05-16 13:28:00.000,2022-05-19 20:17:00.350000,EDH EL1 EL2 ELZ (200 Hz),200.0,pressure+seismometer,HTI_90_U Hydrophone OBSIP-SIO/ABALONES | L28LB OBSIP-SIO Seismometer Differential/ABALONES,EarthScope,fdsn,3
X4_2022,1AS13,X4,14.602518,-103.102803,-3315.0,2022-05-16 00:00:00.000,2022-05-20 23:59:59.000000,EDH EL1 EL2 ELZ (200 Hz); LDH LL1 LL2 LLZ (1 Hz); VPB (0.1 Hz),200.0,pressure+seismometer,Geospace GS-11D/Quanterra Q330 Linear Phase Compos | HTI-90-U Hydrophone;/Quanterra Q330 Linear Phase C | Quanterra Q330 Linear Phase Composite,EarthScope,fdsn,4
X4_2022,1AS14,X4,14.62245,-102.99151,-3531.0,2022-05-16 15:05:00.000,2022-05-20 00:07:00.100000,EDH EL1 EL2 ELZ (200 Hz),200.0,pressure+seismometer,HTI_90_U Hydrophone OBSIP-SIO/ABALONES | L28LB OBSIP-SIO Seismometer Differential/ABALONES,EarthScope,fdsn,3
X4_2022,1AS15,X4,14.642425,-102.884103,-3448.0,2022-05-16 00:00:00.000,2022-05-21 23:59:59.000000,EDH EL1 EL2 ELZ (200 Hz); LDH LL1 LL2 LLZ (1 Hz); VPB (0.1 Hz),200.0,pressure+seismometer,Geospace GS-11D/Quanterra Q330 Linear Phase Compos | HTI-90-U Hydrophone;/Quanterra Q330 Linear Phase C | Quanterra Q330 Linear Phase Composite,EarthScope,fdsn,5
X4_2022,1AS16,X4,14.662458,-102.774515,-3499.0,2022-05-16 15:46:00.000,2022-05-20 04:55:59.997400,EDH EL1 EL2 ELZ (200 Hz),200.0,pressure+seismometer,HTI_90_U Hydrophone OBSIP-SIO/ABALONES | L28LB OBSIP-SIO Seismometer Differential/ABALONES,EarthScope,fdsn,3
X4_2022,1AS17,X4,14.682272,-102.664777,-3642.0,2022-05-16 00:00:00.000,2022-05-21 23:59:59.000000,EDH EL1 EL2 ELZ (200 Hz); LDH LL1 LL2 LLZ (1 Hz); VPB (0.1 Hz),200.0,pressure+seismometer,Geospace GS-11D/Quanterra Q330 Linear Phase Compos | HTI-90-U Hydrophone;/Quanterra Q330 Linear Phase C | Quanterra Q330 Linear Phase Composite,EarthScope,fdsn,5
X4_2022,1AS18,X4,14.702368,-102.55471,-3611.0,2022-05-16 17:20:00.000,2022-05-20 08:46:59.995700,EDH EL1 EL2 ELZ (200 Hz),200.0,pressure+seismometer,HTI_90_U Hydrophone OBSIP-SIO/ABALONES | L28LB OBSIP-SIO Seismometer Differential/ABALONES,EarthScope,fdsn,3
X4_2022,1AS19,X4,14.72196,-102.44511,-3703.0,2022-05-16 00:00:00.000,2022-05-21 23:59:59.000000,EDH EL1 EL2 ELZ (200 Hz); LDH LL1 LL2 LLZ (1 Hz); VPB (0.1 Hz),200.0,pressure+seismometer,Geospace GS-11D/Quanterra Q330 Linear Phase Compos | HTI-90-U Hydrophone;/Quanterra Q330 Linear Phase C | Quanterra Q330 Linear Phase Composite,EarthScope,fdsn,5
X4_2022,1AS20,X4,14.74188,-102.335678,-3582.0,2022-05-16 20:09:00.000,2022-05-20 12:41:00.113000,EDH EL1 EL2 ELZ (200 Hz),200.0,pressure+seismometer,HTI_90_U Hydrophone OBSIP-SIO/ABALONES | L28LB OBSIP-SIO Seismometer Differential/ABALONES,EarthScope,fdsn,3
X4_2022,1AS21,X4,14.76229,-102.226197,-3445.0,2022-05-16 00:00:00.000,2022-05-21 23:59:59.000000,EDH EL1 EL2 ELZ (200 Hz); LDH LL1 LL2 LLZ (1 Hz); VPB (0.1 Hz),200.0,pressure+seismometer,Geospace GS-11D/Quanterra Q330 Linear Phase Compos | HTI-90-U Hydrophone;/Quanterra Q330 Linear Phase C | Quanterra Q330 Linear Phase Composite,EarthScope,fdsn,5
X4_2022,1AS22,X4,14.781773,-102.116483,-3637.0,2022-05-16 21:52:00.000,2022-05-20 16:50:59.982400,EDH EL1 EL2 ELZ (200 Hz),200.0,pressure+seismometer,HTI_90_U Hydrophone OBSIP-SIO/ABALONES | L28LB OBSIP-SIO Seismometer Differential/ABALONES,EarthScope,fdsn,3
X4_2022,1AS23,X4,14.801545,-102.006683,-3454.0,2022-05-16 22:45:00.000,2022-05-20 18:51:00.000000,EDH EL1 EL2 ELZ (200 Hz),200.0,pressure+seismometer,HTI_90_U Hydrophone OBSIP-SIO/ABALONES | L28LB OBSIP-SIO Seismometer Differential/ABALONES,EarthScope,fdsn,3
X4_2022,1AS24,X4,14.821068,-101.896972,-3299.0,2022-05-17 00:00:00.000,2022-05-21 23:59:59.000000,EDH EL1 EL2 ELZ (200 Hz); LDH LL1 LL2 LLZ (1 Hz); VPB (0.1 Hz),200.0,pressure+seismometer,Geospace GS-11D/Quanterra Q330 Linear Phase Compos | HTI-90-U Hydrophone;/Quanterra Q330 Linear Phase C | Quanterra Q330 Linear Phase Composite,EarthScope,fdsn,4
X4_2022,1AS25,X4,14.84134,-101.786555,-3582.0,2022-05-17 00:15:00.000,2022-05-20 22:59:00.900000,EDH EL1 EL2 ELZ (200 Hz),200.0,pressure+seismometer,HTI_90_U Hydrophone OBSIP-SIO/ABALONES | L28LB OBSIP-SIO Seismometer Differential/ABALONES,EarthScope,fdsn,3
X4_2022,1AS26,X4,14.860732,-101.677377,-3608.0,2022-05-17 01:18:00.000,2022-05-21 01:07:59.997600,EDH EL1 EL2 ELZ (200 Hz),200.0,pressure+seismometer,HTI_90_U Hydrophone OBSIP-SIO/ABALONES | L28LB OBSIP-SIO Seismometer Differential/ABALONES,EarthScope,fdsn,3
X4_2022,2S01,X4,14.785362,-101.875497,-3396.0,2022-05-21 00:00:00.000,2022-05-24 23:59:59.000000,EDH EL1 EL2 ELZ (200 Hz); LDH LL1 LL2 LLZ (1 Hz); VPB (0.1 Hz),200.0,pressure+seismometer,Geospace GS-11D/Quanterra Q330 Linear Phase Compos | HTI-90-U Hydrophone;/Quanterra Q330 Linear Phase C | Quanterra Q330 Linear Phase Composite,EarthScope,fdsn,3
X4_2022,2S02,X4,14.859852,-101.82376,-3438.0,2022-05-21 02:31:00.000,2022-05-23 21:31:59.999900,EDH EL1 EL2 ELZ (200 Hz),200.0,pressure+seismometer,HTI_90_U Hydrophone OBSIP-SIO/ABALONES | L28LB OBSIP-SIO Seismometer Differential/ABALONES,EarthScope,fdsn,2
X4_2022,2S03,X4,14.935598,-101.771565,-3622.0,2022-05-21 00:00:00.000,2022-05-24 23:59:59.000000,EDH EL1 EL2 ELZ (200 Hz); LDH LL1 LL2 LLZ (1 Hz); VPB (0.1 Hz),200.0,pressure+seismometer,Geospace GS-11D/Quanterra Q330 Linear Phase Compos | HTI-90-U Hydrophone;/Quanterra Q330 Linear Phase C | Quanterra Q330 Linear Phase Composite,EarthScope,fdsn,3
X4_2022,2S04,X4,15.000013,-101.71825,-3548.0,2022-05-21 03:57:00.000,2022-05-24 01:11:00.900000,EDH EL1 EL2 ELZ (200 Hz),200.0,pressure+seismometer,HTI_90_U Hydrophone OBSIP-SIO/ABALONES | L28LB OBSIP-SIO Seismometer Differential/ABALONES,EarthScope,fdsn,2
X4_2022,2S05,X4,15.083113,-101.666308,-3750.0,2022-05-21 00:00:00.000,2022-05-25 23:59:59.000000,EDH EL1 EL2 ELZ (200 Hz); LDH LL1 LL2 LLZ (1 Hz); VPB (0.1 Hz),200.0,pressure+seismometer,Geospace GS-11D/Quanterra Q330 Linear Phase Compos | HTI-90-U Hydrophone;/Quanterra Q330 Linear Phase C | Quanterra Q330 Linear Phase Composite,EarthScope,fdsn,4
X4_2022,2S06,X4,15.158666,-101.61329,-3662.0,2022-05-21 05:40:00.000,2022-05-24 05:09:00.500000,EDH EL1 EL2 ELZ (200 Hz),200.0,pressure+seismometer,HTI_90_U Hydrophone OBSIP-SIO/ABALONES | L28LB OBSIP-SIO Seismometer Differential/ABALONES,EarthScope,fdsn,2
X4_2022,2S07,X4,15.231642,-101.561073,-3710.0,2022-05-21 00:00:00.000,2022-05-25 23:59:59.000000,EDH EL1 EL2 ELZ (200 Hz); LDH LL1 LL2 LLZ (1 Hz); VPB (0.1 Hz),200.0,pressure+seismometer,Geospace GS-11D/Quanterra Q330 Linear Phase Compos | HTI-90-U Hydrophone;/Quanterra Q330 Linear Phase C | Quanterra Q330 Linear Phase Composite,EarthScope,fdsn,4
X4_2022,2S08,X4,15.306715,-101.50828,-3608.0,2022-05-21 06:36:00.000,2022-05-24 09:00:59.997600,EDH EL1 EL2 ELZ (200 Hz),200.0,pressure+seismometer,HTI_90_U Hydrophone OBSIP-SIO/ABALONES | L28LB OBSIP-SIO Seismometer Differential/ABALONES,EarthScope,fdsn,3
X4_2022,2S09,X4,15.38028,-101.456153,-3514.0,2022-05-21 00:00:00.000,2022-05-25 23:59:59.000000,EDH EL1 EL2 ELZ (200 Hz); LDH LL1 LL2 LLZ (1 Hz); VPB (0.1 Hz),200.0,pressure+seismometer,Geospace GS-11D/Quanterra Q330 Linear Phase Compos | HTI-90-U Hydrophone;/Quanterra Q330 Linear Phase C | Quanterra Q330 Linear Phase Composite,EarthScope,fdsn,4
X4_2022,2S10,X4,15.457625,-101.4013,-3618.0,2022-05-21 07:57:00.000,2022-05-24 12:37:00.200000,EDH EL1 EL2 ELZ (200 Hz),200.0,pressure+seismometer,HTI_90_U Hydrophone OBSIP-SIO/ABALONES | L28LB OBSIP-SIO Seismometer Differential/ABALONES,EarthScope,fdsn,3
X4_2022,2S11,X4,15.528708,-101.350922,-3554.0,2022-05-21 00:00:00.000,2022-05-25 23:59:59.000000,EDH EL1 EL2 ELZ (200 Hz); LDH LL1 LL2 LLZ (1 Hz); VPB (0.1 Hz),200.0,pressure+seismometer,Geospace GS-11D/Quanterra Q330 Linear Phase Compos | HTI-90-U Hydrophone;/Quanterra Q330 Linear Phase C | Quanterra Q330 Linear Phase Composite,EarthScope,fdsn,4
X4_2022,2S12,X4,15.603778,-101.29833,-3481.0,2022-05-21 09:34:00.000,2022-05-24 16:37:00.350000,EDH EL1 EL2 ELZ (200 Hz),200.0,pressure+seismometer,HTI_90_U Hydrophone OBSIP-SIO/ABALONES | L28LB OBSIP-SIO Seismometer Differential/ABALONES,EarthScope,fdsn,3
X4_2022,2S13,X4,15.677213,-101.245588,-3505.0,2022-05-21 00:00:00.000,2022-05-25 23:59:59.000000,EDH EL1 EL2 ELZ (200 Hz); LDH LL1 LL2 LLZ (1 Hz); VPB (0.1 Hz),200.0,pressure+seismometer,Geospace GS-11D/Quanterra Q330 Linear Phase Compos | HTI-90-U Hydrophone;/Quanterra Q330 Linear Phase C | Quanterra Q330 Linear Phase Composite,EarthScope,fdsn,4
X4_2022,2S14,X4,15.7515,-101.1926,-3609.0,2022-05-20 11:06:00.000,2022-05-23 20:17:59.984500,EDH EL1 EL2 ELZ (200 Hz),200.0,pressure+seismometer,HTI_90_U Hydrophone OBSIP-SIO/ABALONES | L28LB OBSIP-SIO Seismometer Differential/ABALONES,EarthScope,fdsn,3
X4_2022,2S15,X4,15.825783,-101.140158,-3547.0,2022-05-21 00:00:00.000,2022-05-25 23:59:59.000000,EDH EL1 EL2 ELZ (200 Hz); LDH LL1 LL2 LLZ (1 Hz); VPB (0.1 Hz),200.0,pressure+seismometer,Geospace GS-11D/Quanterra Q330 Linear Phase Compos | HTI-90-U Hydrophone;/Quanterra Q330 Linear Phase C | Quanterra Q330 Linear Phase Composite,EarthScope,fdsn,4
X4_2022,2S16,X4,15.9002,-101.08708,-3627.0,2022-05-20 12:05:00.000,2022-05-24 00:06:59.996100,EDH EL1 EL2 ELZ (200 Hz),200.0,pressure+seismometer,HTI_90_U Hydrophone OBSIP-SIO/ABALONES | L28LB OBSIP-SIO Seismometer Differential/ABALONES,EarthScope,fdsn,3
X4_2022,2S17,X4,15.973865,-101.033998,-3656.0,2022-05-21 00:00:00.000,2022-05-26 23:59:59.000000,EDH EL1 EL2 ELZ (200 Hz); LDH LL1 LL2 LLZ (1 Hz); VPB (0.1 Hz),200.0,pressure+seismometer,Geospace GS-11D/Quanterra Q330 Linear Phase Compos | HTI-90-U Hydrophone;/Quanterra Q330 Linear Phase C | Quanterra Q330 Linear Phase Composite,EarthScope,fdsn,5
X4_2022,2S18,X4,16.048623,-100.98075,-3675.0,2022-05-21 14:56:00.000,2022-05-25 04:33:00.102100,EDH EL1 EL2 ELZ (200 Hz),200.0,pressure+seismometer,HTI_90_U Hydrophone OBSIP-SIO/ABALONES | L28LB OBSIP-SIO Seismometer Differential/ABALONES,EarthScope,fdsn,3
X4_2022,2S19,X4,16.122308,-100.928177,-3687.0,2022-05-21 00:00:00.000,2022-05-26 23:59:59.000000,EDH EL1 EL2 ELZ (200 Hz); LDH LL1 LL2 LLZ (1 Hz); VPB (0.1 Hz),200.0,pressure+seismometer,Geospace GS-11D/Quanterra Q330 Linear Phase Compos | HTI-90-U Hydrophone;/Quanterra Q330 Linear Phase C | Quanterra Q330 Linear Phase Composite,EarthScope,fdsn,5
X4_2022,2S20,X4,16.196373,-100.875143,-3776.0,2022-05-21 16:42:00.000,2022-05-25 08:19:00.680000,EDH EL1 EL2 ELZ (200 Hz),200.0,pressure+seismometer,HTI_90_U Hydrophone OBSIP-SIO/ABALONES | L28LB OBSIP-SIO Seismometer Differential/ABALONES,EarthScope,fdsn,3
X4_2022,2S21,X4,16.270825,-100.822388,-4078.0,2022-05-21 00:00:00.000,2022-05-26 23:59:59.000000,EDH EL1 EL2 ELZ (200 Hz); LDH LL1 LL2 LLZ (1 Hz); VPB (0.1 Hz),200.0,pressure+seismometer,Geospace GS-11D/Quanterra Q330 Linear Phase Compos | HTI-90-U Hydrophone;/Quanterra Q330 Linear Phase C | Quanterra Q330 Linear Phase Composite,EarthScope,fdsn,5
X4_2022,2S22,X4,16.344758,-100.769358,-4241.0,2022-05-21 18:14:00.000,2022-05-25 12:19:59.989200,EDH EL1 EL2 ELZ (200 Hz),200.0,pressure+seismometer,HTI_90_U Hydrophone OBSIP-SIO/ABALONES | L28LB OBSIP-SIO Seismometer Differential/ABALONES,EarthScope,fdsn,3
X4_2022,2S23,X4,16.371147,-100.75054,-4370.0,2022-05-21 00:00:00.000,2022-06-02 23:59:59.000000,EDH EL1 EL2 ELZ (200 Hz); LDH LL1 LL2 LLZ (1 Hz); VPB (0.1 Hz),200.0,pressure+seismometer,Geospace GS-11D/Quanterra Q330 Linear Phase Compos | HTI-90-U Hydrophone;/Quanterra Q330 Linear Phase C | Quanterra Q330 Linear Phase Composite,EarthScope,fdsn,12
X4_2022,2S24,X4,16.418777,-100.716142,-4626.0,2022-05-21 19:38:00.000,2022-05-25 14:58:59.981100,EDH EL1 EL2 ELZ (200 Hz),200.0,pressure+seismometer,HTI_90_U Hydrophone OBSIP-SIO/ABALONES | L28LB OBSIP-SIO Seismometer Differential/ABALONES,EarthScope,fdsn,3
X4_2022,2S25,X4,16.493935,-100.662387,-5506.0,2022-05-21 00:00:00.000,2022-05-26 23:59:59.000000,EDH EL1 EL2 ELZ (200 Hz); LDH LL1 LL2 LLZ (1 Hz); VPB (0.1 Hz),200.0,pressure+seismometer,Geospace GS-11D/Quanterra Q330 Linear Phase Compos | HTI-90-U Hydrophone;/Quanterra Q330 Linear Phase C | Quanterra Q330 Linear Phase Composite,EarthScope,fdsn,5
X4_2022,2S26,X4,16.567058,-100.609812,-4555.0,2022-05-21 21:04:00.000,2022-05-25 19:20:00.670000,EDH EL1 EL2 ELZ (200 Hz),200.0,pressure+seismometer,HTI_90_U Hydrophone OBSIP-SIO/ABALONES | L28LB OBSIP-SIO Seismometer Differential/ABALONES,EarthScope,fdsn,3
X4_2022,2S27,X4,16.641177,-100.556515,-3339.0,2022-05-21 00:00:00.000,2022-05-26 23:59:59.000000,EDH EL1 EL2 ELZ (200 Hz); LDH LL1 LL2 LLZ (1 Hz); VPB (0.1 Hz),200.0,pressure+seismometer,Geospace GS-11D/Quanterra Q330 Linear Phase Compos | HTI-90-U Hydrophone;/Quanterra Q330 Linear Phase C | Quanterra Q330 Linear Phase Composite,EarthScope,fdsn,5
X4_2022,2S28,X4,16.715267,-100.503173,-1519.0,2022-05-21 23:01:00.000,2022-05-25 22:21:00.700000,EDH EL1 EL2 ELZ (200 Hz),200.0,pressure+seismometer,HTI_90_U Hydrophone OBSIP-SIO/ABALONES | L28LB OBSIP-SIO Seismometer Differential/ABALONES,EarthScope,fdsn,3
X4_2022,2S29,X4,16.789098,-100.44964,-982.0,2022-05-22 00:00:00.000,2022-05-26 23:59:59.000000,EDH EL1 EL2 ELZ (200 Hz); LDH LL1 LL2 LLZ (1 Hz); VPB (0.1 Hz),200.0,pressure+seismometer,Geospace GS-11D/Quanterra Q330 Linear Phase Compos | HTI-90-U Hydrophone;/Quanterra Q330 Linear Phase C | Quanterra Q330 Linear Phase Composite,EarthScope,fdsn,4
X4_2022,2S30,X4,16.863117,-100.396128,-743.0,2022-05-22 00:12:00.000,2022-05-26 00:38:59.990000,EDH EL1 EL2 ELZ (200 Hz),200.0,pressure+seismometer,HTI_90_U Hydrophone OBSIP-SIO/ABALONES | L28LB OBSIP-SIO Seismometer Differential/ABALONES,EarthScope,fdsn,4
X4_2022,2S31,X4,16.937633,-100.342247,-423.0,2022-05-22 01:29:00.000,2022-05-26 01:39:59.996000,EDH EL1 EL2 ELZ (200 Hz),200.0,pressure+seismometer,HTI_90_U Hydrophone OBSIP-SIO/ABALONES | L28LB OBSIP-SIO Seismometer Differential/ABALONES,EarthScope,fdsn,4
X4_2022,3S01,X4,16.612087,-99.506905,-150.0,2022-05-26 00:00:00.000,2022-05-28 23:59:59.000000,EDH EL1 EL2 ELZ (200 Hz); LDH LL1 LL2 LLZ (1 Hz); VPB (0.1 Hz),200.0,pressure+seismometer,Geospace GS-11D/Quanterra Q330 Linear Phase Compos | HTI-90-U Hydrophone;/Quanterra Q330 Linear Phase C | Quanterra Q330 Linear Phase Composite,EarthScope,fdsn,2
X4_2022,3S02,X4,16.53142,-99.54736,-1092.0,2022-05-26 07:02:00.000,2022-05-27 15:57:00.100000,EDH EL1 EL2 ELZ (200 Hz),200.0,pressure+seismometer,HTI_90_U Hydrophone OBSIP-SIO/ABALONES | L28LB OBSIP-SIO Seismometer Differential/ABALONES,EarthScope,fdsn,1
X4_2022,3S03,X4,16.451322,-99.588402,-1495.0,2022-05-26 00:00:00.000,2022-05-28 23:59:59.000000,EDH EL1 EL2 ELZ (200 Hz); LDH LL1 LL2 LLZ (1 Hz); VPB (0.1 Hz),200.0,pressure+seismometer,Geospace GS-11D/Quanterra Q330 Linear Phase Compos | HTI-90-U Hydrophone;/Quanterra Q330 Linear Phase C | Quanterra Q330 Linear Phase Composite,EarthScope,fdsn,2
X4_2022,3S04,X4,16.36841,-99.63017,-2583.0,2022-05-26 08:19:00.000,2022-05-27 19:12:00.400000,EDH EL1 EL2 ELZ (200 Hz),200.0,pressure+seismometer,HTI_90_U Hydrophone OBSIP-SIO/ABALONES | L28LB OBSIP-SIO Seismometer Differential/ABALONES,EarthScope,fdsn,1
X4_2022,3S05,X4,16.289433,-99.670525,-3960.0,2022-05-26 00:00:00.000,2022-05-28 23:59:59.000000,EDH EL1 EL2 ELZ (200 Hz); LDH LL1 LL2 LLZ (1 Hz); VPB (0.1 Hz),200.0,pressure+seismometer,Geospace GS-11D/Quanterra Q330 Linear Phase Compos | HTI-90-U Hydrophone;/Quanterra Q330 Linear Phase C | Quanterra Q330 Linear Phase Composite,EarthScope,fdsn,2
X4_2022,3S06,X4,16.208,-99.71204,-5032.0,2022-05-26 09:54:00.000,2022-05-28 00:17:59.998900,EDH EL1 EL2 ELZ (200 Hz),200.0,pressure+seismometer,HTI_90_U Hydrophone OBSIP-SIO/ABALONES | L28LB OBSIP-SIO Seismometer Differential/ABALONES,EarthScope,fdsn,1
X4_2022,3S07,X4,16.127833,-99.752595,-5021.0,2022-05-26 00:00:00.000,2022-05-29 23:59:59.000000,EDH EL1 EL2 ELZ (200 Hz); LDH LL1 LL2 LLZ (1 Hz); VPB (0.1 Hz),200.0,pressure+seismometer,Geospace GS-11D/Quanterra Q330 Linear Phase Compos | HTI-90-U Hydrophone;/Quanterra Q330 Linear Phase C | Quanterra Q330 Linear Phase Composite,EarthScope,fdsn,3
X4_2022,3S08,X4,16.0463,-99.79405,-4399.0,2022-05-26 11:24:00.000,2022-05-28 04:44:00.190000,EDH EL1 EL2 ELZ (200 Hz),200.0,pressure+seismometer,HTI_90_U Hydrophone OBSIP-SIO/ABALONES | L28LB OBSIP-SIO Seismometer Differential/ABALONES,EarthScope,fdsn,1
X4_2022,3S09,X4,16.015753,-99.80904,-4217.0,2022-05-26 00:00:00.000,2022-06-01 23:59:59.000000,EDH EL1 EL2 ELZ (200 Hz); LDH LL1 LL2 LLZ (1 Hz); VPB (0.1 Hz),200.0,pressure+seismometer,Geospace GS-11D/Quanterra Q330 Linear Phase Compos | HTI-90-U Hydrophone;/Quanterra Q330 Linear Phase C | Quanterra Q330 Linear Phase Composite,EarthScope,fdsn,6
X4_2022,3S10,X4,15.96482,-99.83526,-4037.0,2022-05-26 13:03:00.000,2022-05-28 07:27:59.999500,EDH EL1 EL2 ELZ (200 Hz),200.0,pressure+seismometer,HTI_90_U Hydrophone OBSIP-SIO/ABALONES | L28LB OBSIP-SIO Seismometer Differential/ABALONES,EarthScope,fdsn,1
X4_2022,3S11,X4,15.885403,-99.87582,-3795.0,2022-05-26 00:00:00.000,2022-05-29 23:59:59.000000,EDH EL1 EL2 ELZ (200 Hz); LDH LL1 LL2 LLZ (1 Hz); VPB (0.1 Hz),200.0,pressure+seismometer,Geospace GS-11D/Quanterra Q330 Linear Phase Compos | HTI-90-U Hydrophone;/Quanterra Q330 Linear Phase C | Quanterra Q330 Linear Phase Composite,EarthScope,fdsn,3
X4_2022,3S12,X4,15.804195,-99.91686,-3241.0,2022-05-26 14:32:00.000,2022-05-28 11:57:59.993800,EDH EL1 EL2 ELZ (200 Hz),200.0,pressure+seismometer,HTI_90_U Hydrophone OBSIP-SIO/ABALONES | L28LB OBSIP-SIO Seismometer Differential/ABALONES,EarthScope,fdsn,1
X4_2022,3S13,X4,15.7236,-99.9572,-3635.0,2022-05-26 16:08:00.000,2022-05-28 14:20:00.340000,EDH EL1 EL2 ELZ (200 Hz),200.0,pressure+seismometer,HTI_90_U Hydrophone OBSIP-SIO/ABALONES | L28LB OBSIP-SIO Seismometer Differential/ABALONES,EarthScope,fdsn,1
X4_2022,4S01,X4,17.116977,-101.515085,-1639.0,2022-06-04 00:00:00.000,2022-06-08 23:59:59.000000,EDH EL1 EL2 ELZ (200 Hz); LDH LL1 LL2 LLZ (1 Hz); VPB (0.1 Hz),200.0,pressure+seismometer,Geospace GS-11D/Quanterra Q330 Linear Phase Compos | HTI-90-U Hydrophone;/Quanterra Q330 Linear Phase C | Quanterra Q330 Linear Phase Composite,EarthScope,fdsn,4
X4_2022,4S02,X4,17.079292,-101.41044,-1433.0,2022-06-04 00:00:00.000,2022-06-08 23:59:59.000000,EDH EL1 EL2 ELZ (200 Hz); LDH LL1 LL2 LLZ (1 Hz); VPB (0.1 Hz),200.0,pressure+seismometer,Geospace GS-11D/Quanterra Q330 Linear Phase Compos | HTI-90-U Hydrophone;/Quanterra Q330 Linear Phase C | Quanterra Q330 Linear Phase Composite,EarthScope,fdsn,4
X4_2022,4S03,X4,17.0406,-101.3043,-1525.0,2022-06-04 16:33:00.000,2022-06-07 06:57:00.400000,EDH EL1 EL2 ELZ (200 Hz),200.0,pressure+seismometer,HTI_90_U Hydrophone OBSIP-SIO/ABALONES | L28LB OBSIP-SIO Seismometer Differential/ABALONES,EarthScope,fdsn,2
X4_2022,4S04,X4,17.00279,-101.199397,-1942.0,2022-06-04 00:00:00.000,2022-06-08 23:59:59.000000,EDH EL1 EL2 ELZ (200 Hz); LDH LL1 LL2 LLZ (1 Hz); VPB (0.1 Hz),200.0,pressure+seismometer,Geospace GS-11D/Quanterra Q330 Linear Phase Compos | HTI-90-U Hydrophone;/Quanterra Q330 Linear Phase C | Quanterra Q330 Linear Phase Composite,EarthScope,fdsn,4
X4_2022,4S06,X4,16.89129,-100.89144,-2298.0,2022-06-04 18:15:00.000,2022-06-07 12:00:59.991000,EDH EL1 EL2 ELZ (200 Hz),200.0,pressure+seismometer,HTI_90_U Hydrophone OBSIP-SIO/ABALONES | L28LB OBSIP-SIO Seismometer Differential/ABALONES,EarthScope,fdsn,2
X4_2022,4S07,X4,16.891293,-100.89144,-2198.0,2022-06-04 00:00:00.000,2022-06-08 23:59:59.000000,EDH EL1 EL2 ELZ (200 Hz); LDH LL1 LL2 LLZ (1 Hz); VPB (0.1 Hz),200.0,pressure+seismometer,Geospace GS-11D/Quanterra Q330 Linear Phase Compos | HTI-90-U Hydrophone;/Quanterra Q330 Linear Phase C | Quanterra Q330 Linear Phase Composite,EarthScope,fdsn,4
X4_2022,4S08,X4,16.8469,-100.76858,-1775.0,2022-06-04 21:16:00.000,2022-06-07 15:09:00.510000,EDH EL1 EL2 ELZ (200 Hz),200.0,pressure+seismometer,HTI_90_U Hydrophone OBSIP-SIO/ABALONES | L28LB OBSIP-SIO Seismometer Differential/ABALONES,EarthScope,fdsn,2
X4_2022,4S09,X4,16.811118,-100.672047,-974.0,2022-06-04 00:00:00.000,2022-06-08 23:59:59.000000,EDH EL1 EL2 ELZ (200 Hz); LDH LL1 LL2 LLZ (1 Hz); VPB (0.1 Hz),200.0,pressure+seismometer,Geospace GS-11D/Quanterra Q330 Linear Phase Compos | HTI-90-U Hydrophone;/Quanterra Q330 Linear Phase C | Quanterra Q330 Linear Phase Composite,EarthScope,fdsn,4
X4_2022,4S10,X4,16.7725,-100.5668,-910.0,2022-06-04 22:43:00.000,2022-06-07 17:41:00.150000,EDH EL1 EL2 ELZ (200 Hz),200.0,pressure+seismometer,HTI_90_U Hydrophone OBSIP-SIO/ABALONES | L28LB OBSIP-SIO Seismometer Differential/ABALONES,EarthScope,fdsn,2
X4_2022,4S11,X4,16.74227,-100.484478,-1139.0,2022-06-04 00:00:00.000,2022-06-08 23:59:59.000000,EDH EL1 EL2 ELZ (200 Hz); LDH LL1 LL2 LLZ (1 Hz); VPB (0.1 Hz),200.0,pressure+seismometer,Geospace GS-11D/Quanterra Q330 Linear Phase Compos | HTI-90-U Hydrophone;/Quanterra Q330 Linear Phase C | Quanterra Q330 Linear Phase Composite,EarthScope,fdsn,4
X4_2022,4S12,X4,16.719837,-100.423093,-1412.0,2022-06-05 00:00:00.000,2022-06-08 23:59:59.000000,EDH EL1 EL2 ELZ (200 Hz); LDH LL1 LL2 LLZ (1 Hz); VPB (0.1 Hz),200.0,pressure+seismometer,Geospace GS-11D/Quanterra Q330 Linear Phase Compos | HTI-90-U Hydrophone;/Quanterra Q330 Linear Phase C | Quanterra Q330 Linear Phase Composite,EarthScope,fdsn,3
X4_2022,4S13,X4,16.69517,-100.3567,-1430.0,2022-06-05 00:12:00.000,2022-06-07 21:27:00.150000,EDH EL1 EL2 ELZ (200 Hz),200.0,pressure+seismometer,HTI_90_U Hydrophone OBSIP-SIO/ABALONES | L28LB OBSIP-SIO Seismometer Differential/ABALONES,EarthScope,fdsn,2
X4_2022,4S14,X4,16.656273,-100.251452,-1823.0,2022-06-05 00:00:00.000,2022-06-08 23:59:59.000000,EDH EL1 EL2 ELZ (200 Hz); LDH LL1 LL2 LLZ (1 Hz); VPB (0.1 Hz),200.0,pressure+seismometer,Geospace GS-11D/Quanterra Q330 Linear Phase Compos | HTI-90-U Hydrophone;/Quanterra Q330 Linear Phase C | Quanterra Q330 Linear Phase Composite,EarthScope,fdsn,3
X4_2022,4S15,X4,16.61755,-100.14636,-2104.0,2022-06-05 02:12:00.000,2022-06-08 00:24:59.994200,EDH EL1 EL2 ELZ (200 Hz),200.0,pressure+seismometer,HTI_90_U Hydrophone OBSIP-SIO/ABALONES | L28LB OBSIP-SIO Seismometer Differential/ABALONES,EarthScope,fdsn,2
X4_2022,4S16,X4,16.578902,-100.04117,-1522.0,2022-06-05 00:00:00.000,2022-06-09 23:59:59.000000,EDH EL1 EL2 ELZ (200 Hz); LDH LL1 LL2 LLZ (1 Hz); VPB (0.1 Hz),200.0,pressure+seismometer,Geospace GS-11D/Quanterra Q330 Linear Phase Compos | HTI-90-U Hydrophone;/Quanterra Q330 Linear Phase C | Quanterra Q330 Linear Phase Composite,EarthScope,fdsn,4
X4_2022,4S17,X4,16.5403,-99.9352,-1447.0,2022-06-05 04:14:00.000,2022-06-08 03:35:00.930000,EDH EL1 EL2 ELZ (200 Hz),200.0,pressure+seismometer,HTI_90_U Hydrophone OBSIP-SIO/ABALONES | L28LB OBSIP-SIO Seismometer Differential/ABALONES,EarthScope,fdsn,2
X4_2022,4S18,X4,16.501185,-99.831262,-1780.0,2022-06-05 00:00:00.000,2022-06-09 23:59:59.000000,EDH EL1 EL2 ELZ (200 Hz); LDH LL1 LL2 LLZ (1 Hz); VPB (0.1 Hz),200.0,pressure+seismometer,Geospace GS-11D/Quanterra Q330 Linear Phase Compos | HTI-90-U Hydrophone;/Quanterra Q330 Linear Phase C | Quanterra Q330 Linear Phase Composite,EarthScope,fdsn,4
X4_2022,4S19,X4,16.4619,-99.7248,-1782.0,2022-06-05 06:01:00.000,2022-06-08 06:44:00.520000,EDH EL1 EL2 ELZ (200 Hz),200.0,pressure+seismometer,HTI_90_U Hydrophone OBSIP-SIO/ABALONES | L28LB OBSIP-SIO Seismometer Differential/ABALONES,EarthScope,fdsn,3
X4_2022,4S20,X4,16.422913,-99.620778,-1750.0,2022-06-05 00:00:00.000,2022-06-09 23:59:59.000000,EDH EL1 EL2 ELZ (200 Hz); LDH LL1 LL2 LLZ (1 Hz); VPB (0.1 Hz),200.0,pressure+seismometer,Geospace GS-11D/Quanterra Q330 Linear Phase Compos | HTI-90-U Hydrophone;/Quanterra Q330 Linear Phase C | Quanterra Q330 Linear Phase Composite,EarthScope,fdsn,4
X4_2022,4S21,X4,16.390737,-99.533842,-1735.0,2022-06-05 00:00:00.000,2022-06-09 23:59:59.000000,EDH EL1 EL2 ELZ (200 Hz); LDH LL1 LL2 LLZ (1 Hz); VPB (0.1 Hz),200.0,pressure+seismometer,Geospace GS-11D/Quanterra Q330 Linear Phase Compos | HTI-90-U Hydrophone;/Quanterra Q330 Linear Phase C | Quanterra Q330 Linear Phase Composite,EarthScope,fdsn,4
X4_2022,4S22,X4,16.337,-99.3887,-1630.0,2022-06-05 07:00:00.000,2022-06-08 11:16:00.770000,EDH EL1 EL2 ELZ (200 Hz),200.0,pressure+seismometer,HTI_90_U Hydrophone OBSIP-SIO/ABALONES | L28LB OBSIP-SIO Seismometer Differential/ABALONES,EarthScope,fdsn,3
X4_2022,4S23,X4,16.2946,-99.2761,-2114.0,2022-06-05 08:39:00.000,2022-06-08 12:56:00.600000,EDH EL1 EL2 ELZ (200 Hz),200.0,pressure+seismometer,HTI_90_U Hydrophone OBSIP-SIO/ABALONES | L28LB OBSIP-SIO Seismometer Differential/ABALONES,EarthScope,fdsn,3
X4_2022,5S01,X4,15.920277,-99.558473,-4207.0,2022-05-28 00:00:00.000,2022-06-01 23:59:59.000000,EDH EL1 EL2 ELZ (200 Hz); LDH LL1 LL2 LLZ (1 Hz); VPB (0.1 Hz),200.0,pressure+seismometer,Geospace GS-11D/Quanterra Q330 Linear Phase Compos | HTI-90-U Hydrophone;/Quanterra Q330 Linear Phase C | Quanterra Q330 Linear Phase Composite,EarthScope,fdsn,4
X4_2022,5S02,X4,15.953418,-99.644308,-4280.0,2022-05-28 00:00:00.000,2022-06-01 23:59:59.000000,EDH EL1 EL2 ELZ (200 Hz); LDH LL1 LL2 LLZ (1 Hz); VPB (0.1 Hz),200.0,pressure+seismometer,Geospace GS-11D/Quanterra Q330 Linear Phase Compos | HTI-90-U Hydrophone;/Quanterra Q330 Linear Phase C | Quanterra Q330 Linear Phase Composite,EarthScope,fdsn,4
X4_2022,5S03,X4,15.986,-99.7315,-4368.0,2022-05-28 17:23:00.000,2022-05-31 14:33:00.490000,EDH EL1 EL2 ELZ (200 Hz),200.0,pressure+seismometer,HTI_90_U Hydrophone OBSIP-SIO/ABALONES | L28LB OBSIP-SIO Seismometer Differential/ABALONES,EarthScope,fdsn,2
X4_2022,5S05,X4,16.05255,-99.905277,-4283.0,2022-05-28 19:10:00.000,2022-05-31 18:47:59.986300,EDH EL1 EL2 ELZ (200 Hz),200.0,pressure+seismometer,HTI_90_U Hydrophone OBSIP-SIO/ABALONES | L28LB OBSIP-SIO Seismometer Differential/ABALONES,EarthScope,fdsn,2
X4_2022,5S06,X4,16.085957,-99.99241,-4405.0,2022-05-28 00:00:00.000,2022-06-01 23:59:59.000000,EDH EL1 EL2 ELZ (200 Hz); LDH LL1 LL2 LLZ (1 Hz); VPB (0.1 Hz),200.0,pressure+seismometer,Geospace GS-11D/Quanterra Q330 Linear Phase Compos | HTI-90-U Hydrophone;/Quanterra Q330 Linear Phase C | Quanterra Q330 Linear Phase Composite,EarthScope,fdsn,4
X4_2022,5S07,X4,16.1187,-100.0795,-4442.0,2022-05-28 20:24:00.000,2022-05-31 23:08:59.996500,EDH EL1 EL2 ELZ (200 Hz),200.0,pressure+seismometer,HTI_90_U Hydrophone OBSIP-SIO/ABALONES | L28LB OBSIP-SIO Seismometer Differential/ABALONES,EarthScope,fdsn,3
X4_2022,5S08,X4,16.151873,-100.166635,-4260.0,2022-05-28 00:00:00.000,2022-06-02 23:59:59.000000,EDH EL1 EL2 ELZ (200 Hz); LDH LL1 LL2 LLZ (1 Hz); VPB (0.1 Hz),200.0,pressure+seismometer,Geospace GS-11D/Quanterra Q330 Linear Phase Compos | HTI-90-U Hydrophone;/Quanterra Q330 Linear Phase C | Quanterra Q330 Linear Phase Composite,EarthScope,fdsn,5
X4_2022,5S09,X4,16.1849,-100.253,-4372.0,2022-05-28 21:50:00.000,2022-06-01 04:21:59.999000,EDH EL1 EL2 ELZ (200 Hz),200.0,pressure+seismometer,HTI_90_U Hydrophone OBSIP-SIO/ABALONES | L28LB OBSIP-SIO Seismometer Differential/ABALONES,EarthScope,fdsn,3
X4_2022,5S10,X4,16.21808,-100.341827,-4354.0,2022-05-28 00:00:00.000,2022-06-02 23:59:59.000000,EDH EL1 EL2 ELZ (200 Hz); LDH LL1 LL2 LLZ (1 Hz); VPB (0.1 Hz),200.0,pressure+seismometer,Geospace GS-11D/Quanterra Q330 Linear Phase Compos | HTI-90-U Hydrophone;/Quanterra Q330 Linear Phase C | Quanterra Q330 Linear Phase Composite,EarthScope,fdsn,5
X4_2022,5S11,X4,16.2506,-100.4281,-4323.0,2022-05-28 23:25:00.000,2022-06-01 08:47:00.380000,EDH EL1 EL2 ELZ (200 Hz),200.0,pressure+seismometer,HTI_90_U Hydrophone OBSIP-SIO/ABALONES | L28LB OBSIP-SIO Seismometer Differential/ABALONES,EarthScope,fdsn,3
X4_2022,5S12,X4,16.283313,-100.515788,-4239.0,2022-05-29 00:00:00.000,2022-06-02 23:59:59.000000,EDH EL1 EL2 ELZ (200 Hz); LDH LL1 LL2 LLZ (1 Hz); VPB (0.1 Hz),200.0,pressure+seismometer,Geospace GS-11D/Quanterra Q330 Linear Phase Compos | HTI-90-U Hydrophone;/Quanterra Q330 Linear Phase C | Quanterra Q330 Linear Phase Composite,EarthScope,fdsn,4
X4_2022,5S13,X4,16.315817,-100.602785,-3901.0,2022-05-29 00:01:00.000,2022-06-01 12:26:59.997300,EDH EL1 EL2 ELZ (200 Hz),200.0,pressure+seismometer,HTI_90_U Hydrophone OBSIP-SIO/ABALONES | L28LB OBSIP-SIO Seismometer Differential/ABALONES,EarthScope,fdsn,3
X4_2022,5S14,X4,16.348775,-100.689745,-4391.0,2022-05-29 00:00:00.000,2022-06-02 23:59:59.000000,EDH EL1 EL2 ELZ (200 Hz); LDH LL1 LL2 LLZ (1 Hz); VPB (0.1 Hz),200.0,pressure+seismometer,Geospace GS-11D/Quanterra Q330 Linear Phase Compos | HTI-90-U Hydrophone;/Quanterra Q330 Linear Phase C | Quanterra Q330 Linear Phase Composite,EarthScope,fdsn,4
X4_2022,5S16,X4,16.40826,-100.8464,-4223.0,2022-05-29 01:43:00.000,2022-06-01 18:57:00.800000,EDH EL1 EL2 ELZ (200 Hz),200.0,pressure+seismometer,HTI_90_U Hydrophone OBSIP-SIO/ABALONES | L28LB OBSIP-SIO Seismometer Differential/ABALONES,EarthScope,fdsn,3
X4_2022,5S17,X4,16.4409,-100.9428,-4037.0,2022-05-29 03:24:00.000,2022-06-01 21:15:00.710000,EDH EL1 EL2 ELZ (200 Hz),200.0,pressure+seismometer,HTI_90_U Hydrophone OBSIP-SIO/ABALONES | L28LB OBSIP-SIO Seismometer Differential/ABALONES,EarthScope,fdsn,3
X4_2022,5S18,X4,16.479983,-101.038638,-4300.0,2022-05-29 00:00:00.000,2022-06-02 23:59:59.000000,EDH EL1 EL2 ELZ (200 Hz); LDH LL1 LL2 LLZ (1 Hz); VPB (0.1 Hz),200.0,pressure+seismometer,Geospace GS-11D/Quanterra Q330 Linear Phase Compos | HTI-90-U Hydrophone;/Quanterra Q330 Linear Phase C | Quanterra Q330 Linear Phase Composite,EarthScope,fdsn,4
X4_2022,5S19,X4,16.51272,-101.12716,-4388.0,2022-05-29 05:08:00.000,2022-06-02 01:15:59.986400,EDH EL1 EL2 ELZ (200 Hz),200.0,pressure+seismometer,HTI_90_U Hydrophone OBSIP-SIO/ABALONES | L28LB OBSIP-SIO Seismometer Differential/ABALONES,EarthScope,fdsn,3
X4_2022,5S20,X4,16.54493,-101.21433,-4335.0,2022-05-29 06:03:00.000,2022-06-02 03:44:00.400000,EDH EL1 EL2 ELZ (200 Hz),200.0,pressure+seismometer,HTI_90_U Hydrophone OBSIP-SIO/ABALONES | L28LB OBSIP-SIO Seismometer Differential/ABALONES,EarthScope,fdsn,3
X4_2022,5S21,X4,16.571707,-101.28631,-3634.0,2022-05-29 00:00:00.000,2022-06-05 23:59:59.000000,EDH EL1 EL2 ELZ (200 Hz); LDH LL1 LL2 LLZ (1 Hz); VPB (0.1 Hz),200.0,pressure+seismometer,Geospace GS-11D/Quanterra Q330 Linear Phase Compos | HTI-90-U Hydrophone;/Quanterra Q330 Linear Phase C | Quanterra Q330 Linear Phase Composite,EarthScope,fdsn,7
X4_2022,5S22,X4,16.609748,-101.388388,-4412.0,2022-05-29 00:00:00.000,2022-06-03 23:59:59.000000,EDH EL1 EL2 ELZ (200 Hz); LDH LL1 LL2 LLZ (1 Hz); VPB (0.1 Hz),200.0,pressure+seismometer,Geospace GS-11D/Quanterra Q330 Linear Phase Compos | HTI-90-U Hydrophone;/Quanterra Q330 Linear Phase C | Quanterra Q330 Linear Phase Composite,EarthScope,fdsn,5
X4_2022,5S23,X4,16.64233,-101.47715,-4451.0,2022-05-29 07:21:00.000,2022-06-02 08:34:59.988300,EDH EL1 EL2 ELZ (200 Hz),200.0,pressure+seismometer,HTI_90_U Hydrophone OBSIP-SIO/ABALONES | L28LB OBSIP-SIO Seismometer Differential/ABALONES,EarthScope,fdsn,4
X4_2022,5S24,X4,16.67495,-101.56452,-4400.0,2022-05-29 08:34:00.000,2022-06-02 11:08:00.114000,EDH EL1 EL2 ELZ (200 Hz),200.0,pressure+seismometer,HTI_90_U Hydrophone OBSIP-SIO/ABALONES | L28LB OBSIP-SIO Seismometer Differential/ABALONES,EarthScope,fdsn,4
X4_2022,6S01,X4,16.21155,-101.47021,-3588.0,2022-05-29 12:06:00.000,2022-06-03 14:27:59.988900,EDH EL1 EL2 ELZ (200 Hz),200.0,pressure+seismometer,HTI_90_U Hydrophone OBSIP-SIO/ABALONES | L28LB OBSIP-SIO Seismometer Differential/ABALONES,EarthScope,fdsn,5
X4_2022,6S02,X4,16.293412,-101.430002,-3632.0,2022-05-29 00:00:00.000,2022-06-04 23:59:59.000000,EDH EL1 EL2 ELZ (200 Hz); LDH LL1 LL2 LLZ (1 Hz); VPB (0.1 Hz),200.0,pressure+seismometer,Geospace GS-11D/Quanterra Q330 Linear Phase Compos | HTI-90-U Hydrophone;/Quanterra Q330 Linear Phase C | Quanterra Q330 Linear Phase Composite,EarthScope,fdsn,6
X4_2022,6S03,X4,16.3735,-101.38795,-3750.0,2022-05-29 13:06:00.000,2022-06-03 18:17:00.150000,EDH EL1 EL2 ELZ (200 Hz),200.0,pressure+seismometer,HTI_90_U Hydrophone OBSIP-SIO/ABALONES | L28LB OBSIP-SIO Seismometer Differential/ABALONES,EarthScope,fdsn,5
X4_2022,6S04,X4,16.455178,-101.347537,-3983.0,2022-05-29 00:00:00.000,2022-06-04 23:59:59.000000,EDH EL1 EL2 ELZ (200 Hz); LDH LL1 LL2 LLZ (1 Hz); VPB (0.1 Hz),200.0,pressure+seismometer,Geospace GS-11D/Quanterra Q330 Linear Phase Compos | HTI-90-U Hydrophone;/Quanterra Q330 Linear Phase C | Quanterra Q330 Linear Phase Composite,EarthScope,fdsn,6
X4_2022,6S05,X4,16.5352,-101.3066,-3130.0,2022-05-29 15:40:00.000,2022-06-03 22:21:00.400000,EDH EL1 EL2 ELZ (200 Hz),200.0,pressure+seismometer,HTI_90_U Hydrophone OBSIP-SIO/ABALONES | L28LB OBSIP-SIO Seismometer Differential/ABALONES,EarthScope,fdsn,5
X4_2022,6S07,X4,16.616,-101.265,-4704.0,2022-05-29 16:54:00.000,2022-06-04 02:02:00.115000,EDH EL1 EL2 ELZ (200 Hz),200.0,pressure+seismometer,HTI_90_U Hydrophone OBSIP-SIO/ABALONES | L28LB OBSIP-SIO Seismometer Differential/ABALONES,EarthScope,fdsn,5
X4_2022,6S08,X4,16.696707,-101.223702,-5064.0,2022-06-02 00:00:00.000,2022-06-05 23:59:59.000000,EDH EL1 EL2 ELZ (200 Hz); LDH LL1 LL2 LLZ (1 Hz); VPB (0.1 Hz),200.0,pressure+seismometer,Geospace GS-11D/Quanterra Q330 Linear Phase Compos | HTI-90-U Hydrophone;/Quanterra Q330 Linear Phase C | Quanterra Q330 Linear Phase Composite,EarthScope,fdsn,3
X4_2022,6S09,X4,16.7781,-101.18178,-3800.0,2022-06-02 11:43:00.000,2022-06-04 06:19:00.530000,EDH EL1 EL2 ELZ (200 Hz),200.0,pressure+seismometer,HTI_90_U Hydrophone OBSIP-SIO/ABALONES | L28LB OBSIP-SIO Seismometer Differential/ABALONES,EarthScope,fdsn,1
X4_2022,6S10,X4,16.857747,-101.140563,-3059.0,2022-06-02 00:00:00.000,2022-06-05 23:59:59.000000,EDH EL1 EL2 ELZ (200 Hz); LDH LL1 LL2 LLZ (1 Hz); VPB (0.1 Hz),200.0,pressure+seismometer,Geospace GS-11D/Quanterra Q330 Linear Phase Compos | HTI-90-U Hydrophone;/Quanterra Q330 Linear Phase C | Quanterra Q330 Linear Phase Composite,EarthScope,fdsn,3
X4_2022,6S11,X4,16.93931,-101.09875,-2753.0,2022-06-02 14:17:00.000,2022-06-04 09:48:59.997800,EDH EL1 EL2 ELZ (200 Hz),200.0,pressure+seismometer,HTI_90_U Hydrophone OBSIP-SIO/ABALONES | L28LB OBSIP-SIO Seismometer Differential/ABALONES,EarthScope,fdsn,1
X4_2022,6S12,X4,16.961818,-101.08681,-2477.0,2022-06-02 00:00:00.000,2022-06-08 23:59:59.000000,EDH EL1 EL2 ELZ (200 Hz); LDH LL1 LL2 LLZ (1 Hz); VPB (0.1 Hz),200.0,pressure+seismometer,Geospace GS-11D/Quanterra Q330 Linear Phase Compos | HTI-90-U Hydrophone;/Quanterra Q330 Linear Phase C | Quanterra Q330 Linear Phase Composite,EarthScope,fdsn,6
X4_2022,6S13,X4,17.01963,-101.05755,-2015.0,2022-06-02 15:16:00.000,2022-06-04 11:30:59.992100,EDH EL1 EL2 ELZ (200 Hz),200.0,pressure+seismometer,HTI_90_U Hydrophone OBSIP-SIO/ABALONES | L28LB OBSIP-SIO Seismometer Differential/ABALONES,EarthScope,fdsn,1
X4_2022,6S14,X4,17.10048,-101.01726,-1204.0,2022-06-02 16:23:00.000,2022-06-04 12:52:00.200000,EDH EL1 EL2 ELZ (200 Hz),200.0,pressure+seismometer,HTI_90_U Hydrophone OBSIP-SIO/ABALONES | L28LB OBSIP-SIO Seismometer Differential/ABALONES,EarthScope,fdsn,1
X6_2012,01,X6,44.259602,-125.329803,-2990.0,2012-06-09 05:18:00.000,2012-07-11 08:00:00.000000,EDH EL1 EL2 ELZ (200 Hz),200.0,pressure+seismometer,HTI_90_U Hydrophone OBSIP-SIO/ABALONES-4x4 | L28LB OBSIP-SIO Seismometer Differential/ABALONES-,EarthScope,fdsn,32
X6_2012,02,X6,44.391602,-125.370499,-2972.0,2012-06-09 06:20:00.000,2012-07-11 10:31:00.000000,EDH EL1 EL2 ELZ (200 Hz),200.0,pressure+seismometer,HTI_90_U Hydrophone OBSIP-SIO/ABALONES-4x4 | L28LB OBSIP-SIO Seismometer Differential/ABALONES-,EarthScope,fdsn,32
X6_2012,03,X6,44.5396,-125.415497,-2932.0,2012-06-09 09:01:00.000,2012-07-11 12:38:00.000000,EDH EL1 EL2 ELZ (200 Hz),200.0,pressure+seismometer,HTI_90_U Hydrophone OBSIP-SIO/ABALONES-4x4 | L28LB OBSIP-SIO Seismometer Differential/ABALONES-,EarthScope,fdsn,32
X6_2012,07,X6,45.091999,-125.5858,-2734.0,2012-06-09 12:58:00.000,2012-07-11 20:24:59.000000,EDH EL1 EL2 ELZ (200 Hz),200.0,pressure+seismometer,HTI_90_U Hydrophone OBSIP-SIO/ABALONES-4x4 | L28LB OBSIP-SIO Seismometer Differential/ABALONES-,EarthScope,fdsn,32
X6_2012,08,X6,45.237999,-125.632301,-2678.0,2012-06-09 13:59:00.000,2012-07-11 22:32:59.000000,EDH EL1 EL2 ELZ (200 Hz),200.0,pressure+seismometer,HTI_90_U Hydrophone OBSIP-SIO/ABALONES-4x4 | L28LB OBSIP-SIO Seismometer Differential/ABALONES-,EarthScope,fdsn,32
X6_2012,09,X6,45.383598,-125.677902,-2621.0,2012-06-09 15:40:00.000,2012-06-26 03:55:59.000000,EDH EL1 EL2 ELZ (200 Hz),200.0,pressure+seismometer,HTI_90_U Hydrophone OBSIP-SIO/ABALONES-4x4 | L28LB OBSIP-SIO Seismometer Differential/ABALONES-,EarthScope,fdsn,16
X6_2012,10,X6,45.527802,-125.723099,-2489.0,2012-06-09 16:45:00.000,2012-06-26 02:02:58.000000,EDH EL1 EL2 ELZ (200 Hz),200.0,pressure+seismometer,HTI_90_U Hydrophone OBSIP-SIO/ABALONES-4x4 | L28LB OBSIP-SIO Seismometer Differential/ABALONES-,EarthScope,fdsn,16
X6_2012,11,X6,45.674702,-125.769997,-2424.0,2012-06-09 17:52:00.000,2012-06-26 00:09:00.000000,EDH EL1 EL2 ELZ (200 Hz),200.0,pressure+seismometer,HTI_90_U Hydrophone OBSIP-SIO/ABALONES-4x4 | L28LB OBSIP-SIO Seismometer Differential/ABALONES-,EarthScope,fdsn,16
X6_2012,12,X6,45.833099,-125.813301,-2341.0,2012-06-09 18:38:00.000,2012-06-25 21:37:00.000000,EDH EL1 EL2 ELZ (200 Hz),200.0,pressure+seismometer,HTI_90_U Hydrophone OBSIP-SIO/ABALONES-4x4 | L28LB OBSIP-SIO Seismometer Differential/ABALONES-,EarthScope,fdsn,16
X6_2012,13,X6,45.9646,-125.861801,-2454.0,2012-06-09 19:41:00.000,2012-06-25 19:48:59.000000,EDH EL1 EL2 ELZ (200 Hz),200.0,pressure+seismometer,HTI_90_U Hydrophone OBSIP-SIO/ABALONES-4x4 | L28LB OBSIP-SIO Seismometer Differential/ABALONES-,EarthScope,fdsn,16
X6_2012,17,X6,46.545101,-126.0513,-2673.0,2012-06-09 22:02:00.000,2012-06-25 12:34:59.000000,EDH EL1 EL2 ELZ (200 Hz),200.0,pressure+seismometer,HTI_90_U Hydrophone OBSIP-SIO/ABALONES-4x4 | L28LB OBSIP-SIO Seismometer Differential/ABALONES-,EarthScope,fdsn,15
X6_2012,18,X6,46.689701,-126.098801,-2641.0,2012-06-09 22:24:00.000,2012-06-25 10:37:59.000000,EDH EL1 EL2 ELZ (200 Hz),200.0,pressure+seismometer,HTI_90_U Hydrophone OBSIP-SIO/ABALONES-4x4 | L28LB OBSIP-SIO Seismometer Differential/ABALONES-,EarthScope,fdsn,15
X6_2012,19,X6,46.837101,-126.147697,-2617.0,2012-06-10 02:14:00.000,2012-06-25 08:30:26.000000,EDH EL1 EL2 ELZ (200 Hz),200.0,pressure+seismometer,HTI_90_U Hydrophone OBSIP-SIO/ABALONES-4x4 | L28LB OBSIP-SIO Seismometer Differential/ABALONES-,EarthScope,fdsn,15
X6_2012,20,X6,46.982201,-126.196098,-2596.0,2012-06-10 03:47:00.000,2012-06-25 06:23:59.000000,EDH EL1 EL2 ELZ (200 Hz),200.0,pressure+seismometer,HTI_90_U Hydrophone OBSIP-SIO/ABALONES-4x4 | L28LB OBSIP-SIO Seismometer Differential/ABALONES-,EarthScope,fdsn,15
X6_2012,21,X6,47.127201,-126.2453,-2549.0,2012-06-10 04:28:00.000,2012-06-25 04:25:59.000000,EDH EL1 EL2 ELZ (200 Hz),200.0,pressure+seismometer,HTI_90_U Hydrophone OBSIP-SIO/ABALONES-4x4 | L28LB OBSIP-SIO Seismometer Differential/ABALONES-,EarthScope,fdsn,14
X6_2012,22,X6,47.271801,-126.294098,-2503.0,2012-06-10 05:37:00.000,2012-06-25 02:27:59.000000,EDH EL1 EL2 ELZ (200 Hz),200.0,pressure+seismometer,HTI_90_U Hydrophone OBSIP-SIO/ABALONES-4x4 | L28LB OBSIP-SIO Seismometer Differential/ABALONES-,EarthScope,fdsn,14
X6_2012,27,X6,47.111301,-124.593201,-81.0,2012-06-10 16:27:00.000,2012-06-22 08:05:59.000000,EDH EL1 EL2 ELZ (200 Hz),200.0,pressure+seismometer,HTI_90_U Hydrophone OBSIP-SIO/ABALONES-4x4 | L28LB OBSIP-SIO Seismometer Differential/ABALONES-,EarthScope,fdsn,11
X6_2012,28,X6,47.123001,-124.789398,-129.0,2012-06-10 18:53:00.000,2012-06-22 09:20:00.000000,EDH EL1 EL2 ELZ (200 Hz),200.0,pressure+seismometer,HTI_90_U Hydrophone OBSIP-SIO/ABALONES-4x4 | L28LB OBSIP-SIO Seismometer Differential/ABALONES-,EarthScope,fdsn,11
X6_2012,29,X6,47.1474,-124.984802,-300.0,2012-06-10 19:47:00.000,2012-06-22 10:32:59.000000,EDH EL1 EL2 ELZ (200 Hz),200.0,pressure+seismometer,HTI_90_U Hydrophone OBSIP-SIO/ABALONES-4x4 | L28LB OBSIP-SIO Seismometer Differential/ABALONES-,EarthScope,fdsn,11
X6_2012,30,X6,47.174599,-125.138603,-1250.0,2012-06-10 21:02:00.000,2012-06-22 12:02:00.000000,EDH EL1 EL2 ELZ (200 Hz),200.0,pressure+seismometer,HTI_90_U Hydrophone OBSIP-SIO/ABALONES-4x4 | L28LB OBSIP-SIO Seismometer Differential/ABALONES-,EarthScope,fdsn,11
X6_2012,31,X6,47.201401,-125.290298,-1504.0,2012-06-10 22:05:00.000,2012-06-22 17:39:59.000000,EDH EL1 EL2 ELZ (200 Hz),200.0,pressure+seismometer,HTI_90_U Hydrophone OBSIP-SIO/ABALONES-4x4 | L28LB OBSIP-SIO Seismometer Differential/ABALONES-,EarthScope,fdsn,11
X6_2012,32,X6,47.228699,-125.445801,-1768.0,2012-06-10 22:56:00.000,2012-06-22 19:07:59.000000,EDH EL1 EL2 ELZ (200 Hz),200.0,pressure+seismometer,HTI_90_U Hydrophone OBSIP-SIO/ABALONES-4x4 | L28LB OBSIP-SIO Seismometer Differential/ABALONES-,EarthScope,fdsn,11
X6_2012,33,X6,47.255199,-125.600197,-1257.0,2012-06-10 23:45:00.000,2012-06-22 20:28:59.000000,EDH EL1 EL2 ELZ (200 Hz),200.0,pressure+seismometer,HTI_90_U Hydrophone OBSIP-SIO/ABALONES-4x4 | L28LB OBSIP-SIO Seismometer Differential/ABALONES-,EarthScope,fdsn,11
X6_2012,34,X6,47.298199,-125.794601,-1762.0,2012-06-11 00:39:00.000,2012-06-22 22:13:00.000000,EDH EL1 EL2 ELZ (200 Hz),200.0,pressure+seismometer,HTI_90_U Hydrophone OBSIP-SIO/ABALONES-4x4 | L28LB OBSIP-SIO Seismometer Differential/ABALONES-,EarthScope,fdsn,11
X6_2012,38,X6,47.502998,-126.794899,-2475.0,2012-06-11 01:46:00.000,2012-06-23 05:30:59.000000,EDH EL1 EL2 ELZ (200 Hz),200.0,pressure+seismometer,HTI_90_U Hydrophone OBSIP-SIO/ABALONES-4x4 | L28LB OBSIP-SIO Seismometer Differential/ABALONES-,EarthScope,fdsn,12
X6_2012,39,X6,47.543201,-126.9356,-2542.0,2012-06-11 04:31:00.000,2012-06-23 07:20:00.000000,EDH EL1 EL2 ELZ (200 Hz),200.0,pressure+seismometer,HTI_90_U Hydrophone OBSIP-SIO/ABALONES-4x4 | L28LB OBSIP-SIO Seismometer Differential/ABALONES-,EarthScope,fdsn,12
X6_2012,40,X6,47.582901,-127.127998,-2564.0,2012-06-11 08:19:00.000,2012-06-23 09:21:59.000000,EDH EL1 EL2 ELZ (200 Hz),200.0,pressure+seismometer,HTI_90_U Hydrophone OBSIP-SIO/ABALONES-4x4 | L28LB OBSIP-SIO Seismometer Differential/ABALONES-,EarthScope,fdsn,12
X6_2012,41,X6,47.622501,-127.320099,-2616.0,2012-06-11 09:14:00.000,2012-06-23 11:30:59.000000,EDH EL1 EL2 ELZ (200 Hz),200.0,pressure+seismometer,HTI_90_U Hydrophone OBSIP-SIO/ABALONES-4x4 | L28LB OBSIP-SIO Seismometer Differential/ABALONES-,EarthScope,fdsn,12
X6_2012,45,X6,47.7761,-128.086899,-2673.0,2012-06-11 13:22:00.000,2012-06-23 18:49:00.000000,EDH EL1 EL2 ELZ (200 Hz),200.0,pressure+seismometer,HTI_90_U Hydrophone OBSIP-SIO/ABALONES-4x4 | L28LB OBSIP-SIO Seismometer Differential/ABALONES-,EarthScope,fdsn,12
X6_2012,47,X6,47.851799,-128.473495,-2686.0,2012-06-11 15:06:00.000,2012-06-23 22:31:00.000000,EDH EL1 EL2 ELZ (200 Hz),200.0,pressure+seismometer,HTI_90_U Hydrophone OBSIP-SIO/ABALONES-4x4 | L28LB OBSIP-SIO Seismometer Differential/ABALONES-,EarthScope,fdsn,12
X6_2012,48,X6,44.667801,-124.749199,-189.0,2012-06-26 09:25:00.000,2012-07-10 21:10:59.000000,EDH EL1 EL2 ELZ (200 Hz),200.0,pressure+seismometer,HTI_90_U Hydrophone OBSIP-SIO/ABALONES-4x4 | L28LB OBSIP-SIO Seismometer Differential/ABALONES-,EarthScope,fdsn,14
X6_2012,49,X6,44.651299,-124.5093,-135.0,2012-06-26 10:09:00.000,2012-07-10 19:28:59.000000,EDH EL1 EL2 ELZ (200 Hz),200.0,pressure+seismometer,HTI_90_U Hydrophone OBSIP-SIO/ABALONES-4x4 | L28LB OBSIP-SIO Seismometer Differential/ABALONES-,EarthScope,fdsn,14
X6_2012,50,X6,44.351002,-124.508003,-98.0,2012-06-26 11:14:00.000,2012-07-10 17:12:00.000000,EDH EL1 EL2 ELZ (200 Hz),200.0,pressure+seismometer,HTI_90_U Hydrophone OBSIP-SIO/ABALONES-4x4 | L28LB OBSIP-SIO Seismometer Differential/ABALONES-,EarthScope,fdsn,14
X6_2012,51,X6,44.0686,-124.7257,-113.0,2012-06-26 13:39:00.000,2012-07-11 03:02:59.000000,EDH EL1 EL2 ELZ (200 Hz),200.0,pressure+seismometer,HTI_90_U Hydrophone OBSIP-SIO/ABALONES-4x4 | L28LB OBSIP-SIO Seismometer Differential/ABALONES-,EarthScope,fdsn,14
X6_2012,52,X6,44.061001,-124.445396,-123.0,2012-06-26 12:49:00.000,2012-07-11 01:27:00.000000,EDH EL1 EL2 ELZ (200 Hz),200.0,pressure+seismometer,HTI_90_U Hydrophone OBSIP-SIO/ABALONES-4x4 | L28LB OBSIP-SIO Seismometer Differential/ABALONES-,EarthScope,fdsn,14
X6_2012,53,X6,44.072102,-124.974197,-457.0,2012-06-26 15:39:00.000,2012-07-11 04:36:59.000000,EDH EL1 EL2 ELZ (200 Hz),200.0,pressure+seismometer,HTI_90_U Hydrophone OBSIP-SIO/ABALONES-4x4 | L28LB OBSIP-SIO Seismometer Differential/ABALONES-,EarthScope,fdsn,14
X6_2012,54,X6,44.435799,-124.7257,-135.0,2012-06-26 16:40:00.000,2012-07-10 15:17:00.000000,EDH EL1 EL2 ELZ (200 Hz),200.0,pressure+seismometer,HTI_90_U Hydrophone OBSIP-SIO/ABALONES-4x4 | L28LB OBSIP-SIO Seismometer Differential/ABALONES-,EarthScope,fdsn,13
X6_2012,56,X6,44.540401,-125.067802,-1269.0,2012-06-26 20:11:00.000,2012-07-10 12:59:59.000000,EDH EL1 EL2 ELZ (200 Hz),200.0,pressure+seismometer,HTI_90_U Hydrophone OBSIP-SIO/ABALONES-4x4 | L28LB OBSIP-SIO Seismometer Differential/ABALONES-,EarthScope,fdsn,13
X6_2012,61,X6,44.878601,-126.201401,-2832.0,2012-06-26 21:35:00.000,2012-07-10 00:33:59.000000,EDH EL1 EL2 ELZ (200 Hz),200.0,pressure+seismometer,HTI_90_U Hydrophone OBSIP-SIO/ABALONES-4x4 | L28LB OBSIP-SIO Seismometer Differential/ABALONES-,EarthScope,fdsn,13
X6_2012,62,X6,44.930302,-126.379097,-2828.0,2012-06-26 23:02:00.000,2012-07-09 22:18:00.000000,EDH EL1 EL2 ELZ (200 Hz),200.0,pressure+seismometer,HTI_90_U Hydrophone OBSIP-SIO/ABALONES-4x4 | L28LB OBSIP-SIO Seismometer Differential/ABALONES-,EarthScope,fdsn,12
X6_2012,63,X6,44.979599,-126.549599,-2855.0,2012-06-27 02:49:00.000,2012-07-09 20:18:00.000000,EDH EL1 EL2 ELZ (200 Hz),200.0,pressure+seismometer,HTI_90_U Hydrophone OBSIP-SIO/ABALONES-4x4 | L28LB OBSIP-SIO Seismometer Differential/ABALONES-,EarthScope,fdsn,12
X6_2012,64,X6,45.028301,-126.721001,-2872.0,2012-06-27 03:37:00.000,2012-07-09 18:21:59.000000,EDH EL1 EL2 ELZ (200 Hz),200.0,pressure+seismometer,HTI_90_U Hydrophone OBSIP-SIO/ABALONES-4x4 | L28LB OBSIP-SIO Seismometer Differential/ABALONES-,EarthScope,fdsn,12
X6_2012,65,X6,45.078499,-126.896599,-2867.0,2012-06-27 04:28:00.000,2012-07-09 16:17:00.000000,EDH EL1 EL2 ELZ (200 Hz),200.0,pressure+seismometer,HTI_90_U Hydrophone OBSIP-SIO/ABALONES-4x4 | L28LB OBSIP-SIO Seismometer Differential/ABALONES-,EarthScope,fdsn,12
X6_2012,66,X6,45.140499,-127.114502,-2890.0,2012-06-27 05:19:00.000,2012-07-09 14:10:00.000000,EDH EL1 EL2 ELZ (200 Hz),200.0,pressure+seismometer,HTI_90_U Hydrophone OBSIP-SIO/ABALONES-4x4 | L28LB OBSIP-SIO Seismometer Differential/ABALONES-,EarthScope,fdsn,12
X6_2012,71,X6,45.397202,-128.045807,-2866.0,2012-06-27 11:00:00.000,2012-07-09 01:55:59.000000,EDH EL1 EL2 ELZ (200 Hz),200.0,pressure+seismometer,HTI_90_U Hydrophone OBSIP-SIO/ABALONES-4x4 | L28LB OBSIP-SIO Seismometer Differential/ABALONES-,EarthScope,fdsn,11
X6_2012,72,X6,45.445801,-128.223801,-2834.0,2012-06-27 12:06:00.000,2012-07-08 23:52:59.000000,EDH EL1 EL2 ELZ (200 Hz),200.0,pressure+seismometer,HTI_90_U Hydrophone OBSIP-SIO/ABALONES-4x4 | L28LB OBSIP-SIO Seismometer Differential/ABALONES-,EarthScope,fdsn,11
X6_2012,73,X6,45.493698,-128.404099,-2826.0,2012-06-27 12:51:00.000,2012-07-08 21:52:59.000000,EDH EL1 EL2 ELZ (200 Hz),200.0,pressure+seismometer,HTI_90_U Hydrophone OBSIP-SIO/ABALONES-4x4 | L28LB OBSIP-SIO Seismometer Differential/ABALONES-,EarthScope,fdsn,11
X6_2012,74,X6,45.540901,-128.581299,-2804.0,2012-06-27 13:35:00.000,2012-07-08 19:58:00.000000,EDH EL1 EL2 ELZ (200 Hz),200.0,pressure+seismometer,HTI_90_U Hydrophone OBSIP-SIO/ABALONES-4x4 | L28LB OBSIP-SIO Seismometer Differential/ABALONES-,EarthScope,fdsn,11
X6_2012,75,X6,45.588501,-128.761398,-2797.0,2012-06-27 14:45:00.000,2012-07-08 17:54:59.000000,EDH EL1 EL2 ELZ (200 Hz),200.0,pressure+seismometer,HTI_90_U Hydrophone OBSIP-SIO/ABALONES-4x4 | L28LB OBSIP-SIO Seismometer Differential/ABALONES-,EarthScope,fdsn,11
X6_2012,76,X6,45.6353,-128.940704,-2800.0,2012-06-27 15:20:00.000,2012-07-08 16:04:59.000000,EDH EL1 EL2 ELZ (200 Hz),200.0,pressure+seismometer,HTI_90_U Hydrophone OBSIP-SIO/ABALONES-4x4 | L28LB OBSIP-SIO Seismometer Differential/ABALONES-,EarthScope,fdsn,11
X6_2012,77,X6,45.681999,-129.119705,-2765.0,2012-06-27 16:16:00.000,2012-07-08 14:03:59.000000,EDH EL1 EL2 ELZ (200 Hz),200.0,pressure+seismometer,HTI_90_U Hydrophone OBSIP-SIO/ABALONES-4x4 | L28LB OBSIP-SIO Seismometer Differential/ABALONES-,EarthScope,fdsn,10
X6_2012,78,X6,45.728298,-129.299698,-2733.0,2012-06-27 17:04:00.000,2012-07-08 12:10:59.000000,EDH EL1 EL2 ELZ (200 Hz),200.0,pressure+seismometer,HTI_90_U Hydrophone OBSIP-SIO/ABALONES-4x4 | L28LB OBSIP-SIO Seismometer Differential/ABALONES-,EarthScope,fdsn,10
X6_2012,79,X6,45.774601,-129.479904,-2540.0,2012-06-27 17:58:00.000,2012-07-08 10:08:59.000000,EDH EL1 EL2 ELZ (200 Hz),200.0,pressure+seismometer,HTI_90_U Hydrophone OBSIP-SIO/ABALONES-4x4 | L28LB OBSIP-SIO Seismometer Differential/ABALONES-,EarthScope,fdsn,10
X6_2012,84,X6,45.3932,-128.874496,-2820.0,2012-06-28 01:00:00.000,2012-07-07 17:47:59.000000,EDH EL1 EL2 ELZ (200 Hz),200.0,pressure+seismometer,HTI_90_U Hydrophone OBSIP-SIO/ABALONES-4x4 | L28LB OBSIP-SIO Seismometer Differential/ABALONES-,EarthScope,fdsn,9
X6_2012,85,X6,45.197899,-128.987,-2832.0,2012-06-28 01:22:00.000,2012-07-07 15:20:00.000000,EDH EL1 EL2 ELZ (200 Hz),200.0,pressure+seismometer,HTI_90_U Hydrophone OBSIP-SIO/ABALONES-4x4 | L28LB OBSIP-SIO Seismometer Differential/ABALONES-,EarthScope,fdsn,9
X6_2012,S04,X6,44.6549,-125.450798,-2882.0,2012-06-07 00:00:00.000,2012-07-10 23:59:59.000000,EDH EL1 EL2 ELZ (200 Hz); LDH LL1 LL2 LLZ (1 Hz),200.0,pressure+seismometer,Geospace GS-11D/Quanterra Q330 Linear Phase Below | HTI-90-U Hydrophone;/Quanterra Q330 Linear Phase B,EarthScope,fdsn,33
X6_2012,S05,X6,44.801102,-125.495903,-2838.0,2012-06-07 00:00:00.000,2012-07-10 23:59:59.000000,EDH EL1 EL2 ELZ (200 Hz); LDH LL1 LL2 LLZ (1 Hz),200.0,pressure+seismometer,Geospace GS-11D/Quanterra Q330 Linear Phase Below | HTI-90-U Hydrophone;/Quanterra Q330 Linear Phase B,EarthScope,fdsn,33
X6_2012,S06,X6,44.921902,-125.5327,-2795.0,2012-06-07 00:00:00.000,2012-07-10 23:59:59.000000,EDH EL1 EL2 ELZ (200 Hz); LDH LL1 LL2 LLZ (1 Hz),200.0,pressure+seismometer,Geospace GS-11D/Quanterra Q330 Linear Phase Below | HTI-90-U Hydrophone;/Quanterra Q330 Linear Phase B,EarthScope,fdsn,33
X6_2012,S14,X6,46.110001,-125.909203,-2622.0,2012-06-07 00:00:00.000,2012-06-24 23:59:59.000000,EDH EL1 EL2 ELZ (200 Hz); LDH LL1 LL2 LLZ (1 Hz),200.0,pressure+seismometer,Geospace GS-11D/Quanterra Q330 Linear Phase Below | HTI-90-U Hydrophone;/Quanterra Q330 Linear Phase B,EarthScope,fdsn,17
X6_2012,S15,X6,46.266998,-125.959801,-2579.0,2012-06-07 00:00:00.000,2012-06-24 23:59:59.000000,EDH EL1 EL2 ELZ (200 Hz); LDH LL1 LL2 LLZ (1 Hz),200.0,pressure+seismometer,Geospace GS-11D/Quanterra Q330 Linear Phase Below | HTI-90-U Hydrophone;/Quanterra Q330 Linear Phase B,EarthScope,fdsn,17
X6_2012,S16,X6,46.4011,-126.004097,-2599.0,2012-06-07 00:00:00.000,2012-06-24 23:59:59.000000,EDH EL1 EL2 ELZ (200 Hz); LDH LL1 LL2 LLZ (1 Hz),200.0,pressure+seismometer,Geospace GS-11D/Quanterra Q330 Linear Phase Below | HTI-90-U Hydrophone;/Quanterra Q330 Linear Phase B,EarthScope,fdsn,17
X6_2012,S23,X6,47.4184,-126.3433,-2415.0,2012-06-09 00:00:00.000,2012-06-24 23:59:59.000000,EDH EL1 EL2 ELZ (200 Hz); LDH LL1 LL2 LLZ (1 Hz),200.0,pressure+seismometer,Geospace GS-11D/Quanterra Q330 Linear Phase Below | HTI-90-U Hydrophone;/Quanterra Q330 Linear Phase B,EarthScope,fdsn,15
X6_2012,S24,X6,47.549599,-126.386002,-2353.0,2012-06-08 00:00:00.000,2012-06-23 23:59:59.000000,EDH EL1 EL2 ELZ (200 Hz); LDH LL1 LL2 LLZ (1 Hz),200.0,pressure+seismometer,Geospace GS-11D/Quanterra Q330 Linear Phase Below | HTI-90-U Hydrophone;/Quanterra Q330 Linear Phase B,EarthScope,fdsn,15
X6_2012,S25,X6,47.681301,-126.428398,-2315.0,2012-06-08 00:00:00.000,2012-06-24 23:59:59.000000,EDH EL1 EL2 ELZ (200 Hz); LDH LL1 LL2 LLZ (1 Hz),200.0,pressure+seismometer,Geospace GS-11D/Quanterra Q330 Linear Phase Below | HTI-90-U Hydrophone;/Quanterra Q330 Linear Phase B,EarthScope,fdsn,16
X6_2012,S26,X6,47.8125,-126.470901,-2266.0,2012-06-07 00:00:00.000,2012-07-23 23:59:59.000000,EDH EL1 EL2 ELZ (200 Hz); LDH LL1 LL2 LLZ (1 Hz),200.0,pressure+seismometer,Geospace GS-11D/Quanterra Q330 Linear Phase Below | HTI-90-U Hydrophone;/Quanterra Q330 Linear Phase B,EarthScope,fdsn,46
X6_2012,S35,X6,47.340302,-125.986,-1752.0,2012-06-09 00:00:00.000,2012-06-22 23:59:59.000000,EDH EL1 EL2 ELZ (200 Hz); LDH LL1 LL2 LLZ (1 Hz),200.0,pressure+seismometer,Geospace GS-11D/Quanterra Q330 Linear Phase Below | HTI-90-U Hydrophone;/Quanterra Q330 Linear Phase B,EarthScope,fdsn,13
X6_2012,S36,X6,47.381802,-126.1772,-2180.0,2012-06-09 00:00:00.000,2012-06-22 23:59:59.000000,EDH EL1 EL2 ELZ (200 Hz); LDH LL1 LL2 LLZ (1 Hz),200.0,pressure+seismometer,Geospace GS-11D/Quanterra Q330 Linear Phase Below | HTI-90-U Hydrophone;/Quanterra Q330 Linear Phase B,EarthScope,fdsn,13
X6_2012,S37,X6,47.463299,-126.555901,-2419.0,2012-06-09 00:00:00.000,2012-06-22 23:59:59.000000,EDH EL1 EL2 ELZ (200 Hz); LDH LL1 LL2 LLZ (1 Hz),200.0,pressure+seismometer,Geospace GS-11D/Quanterra Q330 Linear Phase Below | HTI-90-U Hydrophone;/Quanterra Q330 Linear Phase B,EarthScope,fdsn,13
X6_2012,S42,X6,47.6628,-127.518402,-2652.0,2012-06-09 00:00:00.000,2012-06-22 23:59:59.000000,EDH EL1 EL2 ELZ (200 Hz); LDH LL1 LL2 LLZ (1 Hz),200.0,pressure+seismometer,Geospace GS-11D/Quanterra Q330 Linear Phase Below | HTI-90-U Hydrophone;/Quanterra Q330 Linear Phase B,EarthScope,fdsn,13
X6_2012,S43,X6,47.698101,-127.694,-2680.0,2012-06-09 00:00:00.000,2012-06-22 23:59:59.000000,EDH EL1 EL2 ELZ (200 Hz); LDH LL1 LL2 LLZ (1 Hz),200.0,pressure+seismometer,Geospace GS-11D/Quanterra Q330 Linear Phase Below | HTI-90-U Hydrophone;/Quanterra Q330 Linear Phase B,EarthScope,fdsn,13
X6_2012,S44,X6,47.739101,-127.898697,-2658.0,2012-06-09 00:00:00.000,2012-06-22 23:59:59.000000,EDH EL1 EL2 ELZ (200 Hz); LDH LL1 LL2 LLZ (1 Hz),200.0,pressure+seismometer,Geospace GS-11D/Quanterra Q330 Linear Phase Below | HTI-90-U Hydrophone;/Quanterra Q330 Linear Phase B,EarthScope,fdsn,13
X6_2012,S57,X6,44.603199,-125.274597,-2166.0,2012-06-24 00:00:00.000,2012-07-09 23:59:59.000000,EDH EL1 EL2 ELZ (200 Hz); LDH LL1 LL2 LLZ (1 Hz),200.0,pressure+seismometer,Geospace GS-11D/Quanterra Q330 Linear Phase Below | HTI-90-U Hydrophone;/Quanterra Q330 Linear Phase B,EarthScope,fdsn,15
X6_2012,S58,X6,44.725899,-125.684303,-2870.0,2012-06-24 00:00:00.000,2012-07-09 23:59:59.000000,EDH EL1 EL2 ELZ (200 Hz); LDH LL1 LL2 LLZ (1 Hz),200.0,pressure+seismometer,Geospace GS-11D/Quanterra Q330 Linear Phase Below | HTI-90-U Hydrophone;/Quanterra Q330 Linear Phase B,EarthScope,fdsn,15
X6_2012,S59,X6,44.776798,-125.854599,-2897.0,2012-06-24 00:00:00.000,2012-07-09 23:59:59.000000,EDH EL1 EL2 ELZ (200 Hz); LDH LL1 LL2 LLZ (1 Hz),200.0,pressure+seismometer,Geospace GS-11D/Quanterra Q330 Linear Phase Below | HTI-90-U Hydrophone;/Quanterra Q330 Linear Phase B,EarthScope,fdsn,15
X6_2012,S60,X6,44.827,-126.027397,-2856.0,2012-06-24 00:00:00.000,2012-07-09 23:59:59.000000,EDH EL1 EL2 ELZ (200 Hz); LDH LL1 LL2 LLZ (1 Hz),200.0,pressure+seismometer,Geospace GS-11D/Quanterra Q330 Linear Phase Below | HTI-90-U Hydrophone;/Quanterra Q330 Linear Phase B,EarthScope,fdsn,15
X6_2012,S67,X6,45.201,-127.331497,-2899.0,2012-06-25 00:00:00.000,2012-07-08 23:59:59.000000,EDH EL1 EL2 ELZ (200 Hz); LDH LL1 LL2 LLZ (1 Hz),200.0,pressure+seismometer,Geospace GS-11D/Quanterra Q330 Linear Phase Below | HTI-90-U Hydrophone;/Quanterra Q330 Linear Phase B,EarthScope,fdsn,13
X6_2012,S68,X6,45.250599,-127.509399,-2914.0,2012-06-25 00:00:00.000,2012-07-08 23:59:59.000000,EDH EL1 EL2 ELZ (200 Hz); LDH LL1 LL2 LLZ (1 Hz),200.0,pressure+seismometer,Geospace GS-11D/Quanterra Q330 Linear Phase Below | HTI-90-U Hydrophone;/Quanterra Q330 Linear Phase B,EarthScope,fdsn,13
X6_2012,S69,X6,45.2995,-127.687798,-2883.0,2012-06-25 00:00:00.000,2012-07-08 23:59:59.000000,EDH EL1 EL2 ELZ (200 Hz); LDH LL1 LL2 LLZ (1 Hz),200.0,pressure+seismometer,Geospace GS-11D/Quanterra Q330 Linear Phase Below | HTI-90-U Hydrophone;/Quanterra Q330 Linear Phase B,EarthScope,fdsn,13
X6_2012,S70,X6,45.349602,-127.866699,-2954.0,2012-06-25 00:00:00.000,2012-07-08 23:59:59.000000,EDH EL1 EL2 ELZ (200 Hz); LDH LL1 LL2 LLZ (1 Hz),200.0,pressure+seismometer,Geospace GS-11D/Quanterra Q330 Linear Phase Below | HTI-90-U Hydrophone;/Quanterra Q330 Linear Phase B,EarthScope,fdsn,13
X6_2012,S80,X6,45.810398,-129.621094,-2609.0,2012-06-25 00:00:00.000,2012-07-07 23:59:59.000000,EDH EL1 EL2 ELZ (200 Hz); LDH LL1 LL2 LLZ (1 Hz),200.0,pressure+seismometer,Geospace GS-11D/Quanterra Q330 Linear Phase Below | HTI-90-U Hydrophone;/Quanterra Q330 Linear Phase B,EarthScope,fdsn,12
X6_2012,S81,X6,45.9515,-128.548096,-2785.0,2012-06-25 00:00:00.000,2012-07-07 23:59:59.000000,EDH EL1 EL2 ELZ (200 Hz); LDH LL1 LL2 LLZ (1 Hz),200.0,pressure+seismometer,Geospace GS-11D/Quanterra Q330 Linear Phase Below | HTI-90-U Hydrophone;/Quanterra Q330 Linear Phase B,EarthScope,fdsn,12
X6_2012,S82,X6,45.842602,-128.611694,-2795.0,2012-06-25 00:00:00.000,2012-07-07 23:59:59.000000,EDH EL1 EL2 ELZ (200 Hz); LDH LL1 LL2 LLZ (1 Hz),200.0,pressure+seismometer,Geospace GS-11D/Quanterra Q330 Linear Phase Below | HTI-90-U Hydrophone;/Quanterra Q330 Linear Phase B,EarthScope,fdsn,12
X6_2012,S83,X6,45.716599,-128.686295,-2806.0,2012-06-25 00:00:00.000,2012-07-06 23:59:59.000000,EDH EL1 EL2 ELZ (200 Hz); LDH LL1 LL2 LLZ (1 Hz),200.0,pressure+seismometer,Geospace GS-11D/Quanterra Q330 Linear Phase Below | HTI-90-U Hydrophone;/Quanterra Q330 Linear Phase B,EarthScope,fdsn,11
X9_2012,BB030,X9,42.9473,-126.933601,-2730.0,2012-09-18 00:00:00.000,2013-10-04 23:59:59.000000,HH1 HH2 HHZ (100 Hz); BDH (10 Hz); LDH LH1 LH2 LHZ (1 Hz); VPB (0.1 Hz),100.0,pressure+seismometer,Guralp CMG3T_120sec WHOI OBSIP/Quanterra Q330 Line | Quanterra Q330 Linear Phase Composite | SIO Differential Pressure Gauge/Quanterra Q330 Lin,EarthScope,fdsn,381
X9_2012,BB060,X9,42.856098,-126.113297,-2795.0,2012-09-19 00:00:00.000,2013-10-05 23:59:59.000000,HH1 HH2 HHZ (100 Hz); BDH (10 Hz); LDH LH1 LH2 LHZ (1 Hz); VPB (0.1 Hz),100.0,pressure+seismometer,Guralp CMG3T_120sec WHOI OBSIP/Quanterra Q330 Line | Quanterra Q330 Linear Phase Composite | SIO Differential Pressure Gauge/Quanterra Q330 Lin,EarthScope,fdsn,381
X9_2012,BB070,X9,43.306801,-126.006798,-3023.0,2012-09-19 00:00:00.000,2013-10-05 23:59:59.000000,HH1 HH2 HHZ (100 Hz); BDH (10 Hz); LDH LH1 LH2 LHZ (1 Hz); VPB (0.1 Hz),100.0,pressure+seismometer,Guralp CMG3T_120sec WHOI OBSIP/Quanterra Q330 Line | Quanterra Q330 Linear Phase Composite | SIO Differential Pressure Gauge/Quanterra Q330 Lin,EarthScope,fdsn,381
X9_2012,BB090,X9,43.3736,-126.660301,-2901.0,2012-09-20 00:00:00.000,2013-10-05 23:59:59.000000,HH1 HH2 HHZ (100 Hz); BDH (10 Hz); LDH LH1 LH2 LHZ (1 Hz); VPB (0.1 Hz),100.0,pressure+seismometer,Guralp CMG3T_120sec WHOI OBSIP/Quanterra Q330 Line | Quanterra Q330 Linear Phase Composite | SIO Differential Pressure Gauge/Quanterra Q330 Lin,EarthScope,fdsn,380
X9_2012,BB120,X9,43.9786,-127.2957,-2882.0,2012-09-20 00:00:00.000,2013-09-23 23:59:59.000000,HH1 HH2 HHZ (100 Hz); BDH (10 Hz); LDH LH1 LH2 LHZ (1 Hz); VPB (0.1 Hz),100.0,pressure+seismometer,Guralp CMG3T_120sec WHOI OBSIP/Quanterra Q330 Line | Quanterra Q330 Linear Phase Composite | SIO Differential Pressure Gauge/Quanterra Q330 Lin,EarthScope,fdsn,368
X9_2012,BB130,X9,43.638802,-127.471298,-2902.0,2012-09-20 00:00:00.000,2013-09-23 23:59:59.000000,HH1 HH2 HHZ (100 Hz); BDH (10 Hz); LDH LH1 LH2 LHZ (1 Hz); VPB (0.1 Hz),100.0,pressure+seismometer,Guralp CMG3T_120sec WHOI OBSIP/Quanterra Q330 Line | Quanterra Q330 Linear Phase Composite | SIO Differential Pressure Gauge/Quanterra Q330 Lin,EarthScope,fdsn,368
X9_2012,BB140,X9,43.423599,-127.6894,-2151.0,2012-09-20 00:00:00.000,2013-10-03 23:59:59.000000,HH1 HH2 HHZ (100 Hz); BDH (10 Hz); LDH LH1 LH2 LHZ (1 Hz); VPB (0.1 Hz),100.0,pressure+seismometer,Guralp CMG3T_120sec WHOI OBSIP/Quanterra Q330 Line | Quanterra Q330 Linear Phase Composite | SIO Differential Pressure Gauge/Quanterra Q330 Lin,EarthScope,fdsn,378
X9_2012,BB150,X9,43.314701,-127.349998,-2512.0,2012-09-21 00:00:00.000,2013-10-04 23:59:59.000000,HH1 HH2 HHZ (100 Hz); BDH (10 Hz); LDH LH1 LH2 LHZ (1 Hz); VPB (0.1 Hz),100.0,pressure+seismometer,Guralp CMG3T_120sec WHOI OBSIP/Quanterra Q330 Line | Quanterra Q330 Linear Phase Composite | SIO Differential Pressure Gauge/Quanterra Q330 Lin,EarthScope,fdsn,378
X9_2012,BB170,X9,43.142899,-127.777397,-4077.0,2012-09-21 00:00:00.000,2013-10-03 23:59:59.000000,HH1 HH2 HHZ (100 Hz); BDH (10 Hz); LDH LH1 LH2 LHZ (1 Hz); VPB (0.1 Hz),100.0,pressure+seismometer,Guralp CMG3T_120sec WHOI OBSIP/Quanterra Q330 Line | Quanterra Q330 Linear Phase Composite | SIO Differential Pressure Gauge/Quanterra Q330 Lin,EarthScope,fdsn,377
X9_2012,BB180,X9,42.868198,-128.304993,-3305.0,2012-09-21 00:00:00.000,2013-10-03 23:59:59.000000,HH1 HH2 HHZ (100 Hz); BDH (10 Hz); LDH LH1 LH2 LHZ (1 Hz); VPB (0.1 Hz),100.0,pressure+seismometer,Guralp CMG3T_120sec WHOI OBSIP/Quanterra Q330 Line | Quanterra Q330 Linear Phase Composite | SIO Differential Pressure Gauge/Quanterra Q330 Lin,EarthScope,fdsn,377
X9_2012,BB200,X9,43.488998,-127.958,-2477.0,2012-09-21 00:00:00.000,2013-10-03 23:59:59.000000,HH1 HH2 HHZ (100 Hz); BDH (10 Hz); LDH LH1 LH2 LHZ (1 Hz); VPB (0.1 Hz),100.0,pressure+seismometer,Guralp CMG3T_120sec WHOI OBSIP/Quanterra Q330 Line | Quanterra Q330 Linear Phase Composite | SIO Differential Pressure Gauge/Quanterra Q330 Lin,EarthScope,fdsn,377
X9_2012,BB230,X9,43.566002,-128.258408,-2365.0,2012-09-22 00:00:00.000,2013-10-02 23:59:59.000000,HH1 HH2 HHZ (100 Hz); BDH (10 Hz); LDH LH1 LH2 LHZ (1 Hz); VPB (0.1 Hz),100.0,pressure+seismometer,Guralp CMG3T_120sec WHOI OBSIP/Quanterra Q330 Line | Quanterra Q330 Linear Phase Composite | SIO Differential Pressure Gauge/Quanterra Q330 Lin,EarthScope,fdsn,375
X9_2012,BB240,X9,43.427502,-128.355698,-3220.0,2012-09-22 00:00:00.000,2013-10-02 23:59:59.000000,HH1 HH2 HHZ (100 Hz); BDH (10 Hz); LDH LH1 LH2 LHZ (1 Hz); VPB (0.1 Hz),100.0,pressure+seismometer,Guralp CMG3T_120sec WHOI OBSIP/Quanterra Q330 Line | Quanterra Q330 Linear Phase Composite | SIO Differential Pressure Gauge/Quanterra Q330 Lin,EarthScope,fdsn,375
X9_2012,BB260,X9,43.623299,-128.863007,-3132.0,2012-09-22 00:00:00.000,2013-10-02 23:59:59.000000,HH1 HH2 HHZ (100 Hz); BDH (10 Hz); LDH LH1 LH2 LHZ (1 Hz); VPB (0.1 Hz),100.0,pressure+seismometer,Guralp CMG3T_120sec WHOI OBSIP/Quanterra Q330 Line | Quanterra Q330 Linear Phase Composite | SIO Differential Pressure Gauge/Quanterra Q330 Lin,EarthScope,fdsn,375
X9_2012,BB290,X9,43.6264,-128.514404,-2760.0,2012-09-23 00:00:00.000,2013-10-02 23:59:59.000000,HH1 HH2 HHZ (100 Hz); BDH (10 Hz); LDH LH1 LH2 LHZ (1 Hz); VPB (0.1 Hz),100.0,pressure+seismometer,Guralp CMG3T_120sec WHOI OBSIP/Quanterra Q330 Line | Quanterra Q330 Linear Phase Composite | SIO Differential Pressure Gauge/Quanterra Q330 Lin,EarthScope,fdsn,374
X9_2012,BB300,X9,43.838902,-128.317795,-2897.0,2012-09-23 00:00:00.000,2013-09-24 23:59:59.000000,HH1 HH2 HHZ (100 Hz); BDH (10 Hz); LDH LH1 LH2 LHZ (1 Hz); VPB (0.1 Hz),100.0,pressure+seismometer,Guralp CMG3T_120sec WHOI OBSIP/Quanterra Q330 Line | Quanterra Q330 Linear Phase Composite | SIO Differential Pressure Gauge/Quanterra Q330 Lin,EarthScope,fdsn,366
X9_2012,BB320,X9,44.170799,-128.707703,-2769.0,2012-09-23 00:00:00.000,2013-09-24 23:59:59.000000,HH1 HH2 HHZ (100 Hz); BDH (10 Hz); LDH LH1 LH2 LHZ (1 Hz); VPB (0.1 Hz),100.0,pressure+seismometer,Guralp CMG3T_120sec WHOI OBSIP/Quanterra Q330 Line | Quanterra Q330 Linear Phase Composite | SIO Differential Pressure Gauge/Quanterra Q330 Lin,EarthScope,fdsn,366
X9_2012,BB330,X9,44.614498,-128.600403,-2843.0,2012-09-23 00:00:00.000,2013-09-24 23:59:59.000000,HH1 HH2 HHZ (100 Hz); BDH (10 Hz); LDH LH1 LH2 LHZ (1 Hz); VPB (0.1 Hz),100.0,pressure+seismometer,Guralp CMG3T_120sec WHOI OBSIP/Quanterra Q330 Line | Quanterra Q330 Linear Phase Composite | SIO Differential Pressure Gauge/Quanterra Q330 Lin,EarthScope,fdsn,366
X9_2012,BB350,X9,43.987,-129.075607,-3297.0,2012-09-24 00:00:00.000,2013-09-25 23:59:59.000000,HH1 HH2 HHZ (100 Hz); BDH (10 Hz); LDH LH1 LH2 LHZ (1 Hz); VPB (0.1 Hz),100.0,pressure+seismometer,Guralp CMG3T_120sec WHOI OBSIP/Quanterra Q330 Line | Quanterra Q330 Linear Phase Composite | SIO Differential Pressure Gauge/Quanterra Q330 Lin,EarthScope,fdsn,366
X9_2012,BB370,X9,43.780201,-129.338898,-3108.0,2012-09-24 00:00:00.000,2013-10-01 23:59:59.000000,HH1 HH2 HHZ (100 Hz); BDH (10 Hz); LDH LH1 LH2 LHZ (1 Hz); VPB (0.1 Hz),100.0,pressure+seismometer,Guralp CMG3T_120sec WHOI OBSIP/Quanterra Q330 Line | Quanterra Q330 Linear Phase Composite | SIO Differential Pressure Gauge/Quanterra Q330 Lin,EarthScope,fdsn,372
X9_2012,BB390,X9,43.9851,-129.680893,-3198.0,2012-09-24 00:00:00.000,2013-10-01 23:59:59.000000,HH1 HH2 HHZ (100 Hz); BDH (10 Hz); LDH LH1 LH2 LHZ (1 Hz); VPB (0.1 Hz),100.0,pressure+seismometer,Guralp CMG3T_120sec WHOI OBSIP/Quanterra Q330 Line | Quanterra Q330 Linear Phase Composite | SIO Differential Pressure Gauge/Quanterra Q330 Lin,EarthScope,fdsn,372
X9_2012,BB410,X9,43.930698,-129.998306,-3212.0,2012-09-25 00:00:00.000,2013-10-01 23:59:59.000000,HH1 HH2 HHZ (100 Hz); BDH (10 Hz); LDH LH1 LH2 LHZ (1 Hz); VPB (0.1 Hz),100.0,pressure+seismometer,Guralp CMG3T_120sec WHOI OBSIP/Quanterra Q330 Line | Quanterra Q330 Linear Phase Composite | SIO Differential Pressure Gauge/Quanterra Q330 Lin,EarthScope,fdsn,371
X9_2012,BB420,X9,43.6297,-130.208206,-3326.0,2012-09-25 00:00:00.000,2013-10-01 23:59:59.000000,HH1 HH2 HHZ (100 Hz); BDH (10 Hz); LDH LH1 LH2 LHZ (1 Hz); VPB (0.1 Hz),100.0,pressure+seismometer,Guralp CMG3T_120sec WHOI OBSIP/Quanterra Q330 Line | Quanterra Q330 Linear Phase Composite | SIO Differential Pressure Gauge/Quanterra Q330 Lin,EarthScope,fdsn,371
X9_2012,BB440,X9,44.211102,-130.458099,-3145.0,2012-09-25 00:00:00.000,2013-09-28 23:59:59.000000,HH1 HH2 HHZ (100 Hz); BDH (10 Hz); LDH LH1 LH2 LHZ (1 Hz); VPB (0.1 Hz),100.0,pressure+seismometer,Guralp CMG3T_120sec WHOI OBSIP/Quanterra Q330 Line | Quanterra Q330 Linear Phase Composite | SIO Differential Pressure Gauge/Quanterra Q330 Lin,EarthScope,fdsn,368
X9_2012,BB450,X9,44.225498,-130.766098,-3119.0,2012-09-25 00:00:00.000,2013-09-27 23:59:59.000000,HH1 HH2 HHZ (100 Hz); BDH (10 Hz); LDH LH1 LH2 LHZ (1 Hz); VPB (0.1 Hz),100.0,pressure+seismometer,Guralp CMG3T_120sec WHOI OBSIP/Quanterra Q330 Line | Quanterra Q330 Linear Phase Composite | SIO Differential Pressure Gauge/Quanterra Q330 Lin,EarthScope,fdsn,367
X9_2012,BB480,X9,44.3489,-130.021194,-4787.0,2012-09-26 00:00:00.000,2013-09-27 23:59:59.000000,HH1 HH2 HHZ (100 Hz); BDH (10 Hz); LDH LH1 LH2 LHZ (1 Hz); VPB (0.1 Hz),100.0,pressure+seismometer,Guralp CMG3T_120sec WHOI OBSIP/Quanterra Q330 Line | Quanterra Q330 Linear Phase Composite | SIO Differential Pressure Gauge/Quanterra Q330 Lin,EarthScope,fdsn,366
X9_2012,BB510,X9,44.310699,-129.337006,-2538.0,2012-09-26 00:00:00.000,2013-09-25 23:59:59.000000,HH1 HH2 HHZ (100 Hz); BDH (10 Hz); LDH LH1 LH2 LHZ (1 Hz); VPB (0.1 Hz),100.0,pressure+seismometer,Guralp CMG3T_120sec WHOI OBSIP/Quanterra Q330 Line | Quanterra Q330 Linear Phase Composite | SIO Differential Pressure Gauge/Quanterra Q330 Lin,EarthScope,fdsn,364
X9_2012,BB530,X9,44.546101,-129.820007,-2912.0,2012-09-27 00:00:00.000,2013-09-26 23:59:59.000000,HH1 HH2 HHZ (100 Hz); BDH (10 Hz); LDH LH1 LH2 LHZ (1 Hz); VPB (0.1 Hz),100.0,pressure+seismometer,Guralp CMG3T_120sec WHOI OBSIP/Quanterra Q330 Line | Quanterra Q330 Linear Phase Composite | SIO Differential Pressure Gauge/Quanterra Q330 Lin,EarthScope,fdsn,364
X9_2012,BB540,X9,44.594101,-130.190903,-2536.0,2012-09-27 00:00:00.000,2013-09-26 23:59:59.000000,HH1 HH2 HHZ (100 Hz); BDH (10 Hz); LDH LH1 LH2 LHZ (1 Hz); VPB (0.1 Hz),100.0,pressure+seismometer,Guralp CMG3T_120sec WHOI OBSIP/Quanterra Q330 Line | Quanterra Q330 Linear Phase Composite | SIO Differential Pressure Gauge/Quanterra Q330 Lin,EarthScope,fdsn,364
X9_2012,BB550,X9,44.6772,-130.620193,-2995.0,2012-09-27 00:00:00.000,2013-09-26 23:59:59.000000,HH1 HH2 HHZ (100 Hz); BDH (10 Hz); LDH LH1 LH2 LHZ (1 Hz); VPB (0.1 Hz),100.0,pressure+seismometer,Guralp CMG3T_120sec WHOI OBSIP/Quanterra Q330 Line | Quanterra Q330 Linear Phase Composite | SIO Differential Pressure Gauge/Quanterra Q330 Lin,EarthScope,fdsn,364
X9_2012,BS010,X9,43.205898,-127.049004,-4380.0,2012-09-19 13:23:00.000,2013-10-04 07:13:53.000000,EL1 EL2 ELZ HDH (100 Hz),100.0,pressure+seismometer,Differential Pressure Gauge OBSIP-SIO/ABALONES-4x4 | L28LB OBSIP-SIO Seismometer Differential/ABALONES-,EarthScope,fdsn,379
X9_2012,BS020,X9,43.088001,-127.209396,-3046.0,2012-09-19 14:33:00.000,2013-10-04 09:35:58.000000,EL1 EL2 ELZ HDH (100 Hz),100.0,pressure+seismometer,Differential Pressure Gauge OBSIP-SIO/ABALONES-4x4 | L28LB OBSIP-SIO Seismometer Differential/ABALONES-,EarthScope,fdsn,379
X9_2012,BS040,X9,43.123199,-126.716698,-3424.0,2012-09-19 22:15:00.000,2013-10-05 12:11:43.000000,EL1 EL2 ELZ HDH (100 Hz),100.0,pressure+seismometer,Differential Pressure Gauge OBSIP-SIO/ABALONES-4x4 | L28LB OBSIP-SIO Seismometer Differential/ABALONES-,EarthScope,fdsn,380
X9_2012,BS050,X9,42.7943,-126.527,-2720.0,2012-09-20 07:07:00.000,2013-10-04 22:04:01.000000,EL1 EL2 ELZ HDH (100 Hz),100.0,pressure+seismometer,Differential Pressure Gauge OBSIP-SIO/ABALONES-4x4 | L28LB OBSIP-SIO Seismometer Differential/ABALONES-,EarthScope,fdsn,379
X9_2012,BS080,X9,43.210499,-126.329498,-3005.0,2012-09-20 20:07:00.000,2013-10-05 08:59:02.000000,EL1 EL2 ELZ HDH (100 Hz),100.0,pressure+seismometer,Differential Pressure Gauge OBSIP-SIO/ABALONES-4x4 | L28LB OBSIP-SIO Seismometer Differential/ABALONES-,EarthScope,fdsn,379
X9_2012,BS100,X9,43.5369,-126.857002,-2957.0,2012-09-21 00:33:00.000,2013-10-05 17:58:00.000000,EL1 EL2 ELZ HDH (100 Hz),100.0,pressure+seismometer,Differential Pressure Gauge OBSIP-SIO/ABALONES-4x4 | L28LB OBSIP-SIO Seismometer Differential/ABALONES-,EarthScope,fdsn,379
X9_2012,BS110,X9,43.709499,-127.169502,-2981.0,2012-09-21 09:21:00.000,2013-10-06 00:42:57.000000,EL1 EL2 ELZ HDH (100 Hz),100.0,pressure+seismometer,Differential Pressure Gauge OBSIP-SIO/ABALONES-4x4 | L28LB OBSIP-SIO Seismometer Differential/ABALONES-,EarthScope,fdsn,379
X9_2012,BS160,X9,43.209202,-127.499702,-2353.0,2012-09-22 00:41:00.000,2013-10-04 01:26:59.000000,EL1 EL2 ELZ HDH (100 Hz),100.0,pressure+seismometer,Differential Pressure Gauge OBSIP-SIO/ABALONES-4x4 | L28LB OBSIP-SIO Seismometer Differential/ABALONES-,EarthScope,fdsn,377
X9_2012,BS190,X9,43.311699,-128.076996,-3071.0,2012-09-22 18:54:00.000,2013-10-03 12:24:57.000000,EL1 EL2 ELZ HDH (100 Hz),100.0,pressure+seismometer,Differential Pressure Gauge OBSIP-SIO/ABALONES-4x4 | L28LB OBSIP-SIO Seismometer Differential/ABALONES-,EarthScope,fdsn,375
X9_2012,BS210,X9,43.668201,-127.808197,-2610.0,2012-09-23 00:35:00.000,2013-09-24 00:03:58.000000,EL1 EL2 ELZ HDH (100 Hz),100.0,pressure+seismometer,Differential Pressure Gauge OBSIP-SIO/ABALONES-4x4 | L28LB OBSIP-SIO Seismometer Differential/ABALONES-,EarthScope,fdsn,365
X9_2012,BS220,X9,43.736599,-128.021103,-2977.0,2012-09-23 04:38:00.000,2013-09-24 02:56:00.000000,EL1 EL2 ELZ HDH (100 Hz),100.0,pressure+seismometer,Differential Pressure Gauge OBSIP-SIO/ABALONES-4x4 | L28LB OBSIP-SIO Seismometer Differential/ABALONES-,EarthScope,fdsn,365
X9_2012,BS250,X9,43.506901,-128.659103,-3201.0,2012-09-23 17:32:00.000,2013-10-02 21:33:00.000000,EL1 EL2 ELZ HDH (100 Hz),100.0,pressure+seismometer,Differential Pressure Gauge OBSIP-SIO/ABALONES-4x4 | L28LB OBSIP-SIO Seismometer Differential/ABALONES-,EarthScope,fdsn,374
X9_2012,BS280,X9,43.735802,-128.696503,-3535.0,2012-09-24 01:54:00.000,2013-10-02 06:36:01.000000,EL1 EL2 ELZ HDH (100 Hz),100.0,pressure+seismometer,Differential Pressure Gauge OBSIP-SIO/ABALONES-4x4 | L28LB OBSIP-SIO Seismometer Differential/ABALONES-,EarthScope,fdsn,373
X9_2012,BS310,X9,43.924,-128.586807,-2582.0,2012-09-24 07:18:00.000,2013-09-24 12:49:00.000000,BDH SL1 SL2 SLZ (50 Hz),50.0,pressure+seismometer,Differential Pressure Gauge OBSIP-SIO/ABALONES-4x4 | L28LB OBSIP-SIO Seismometer Differential/ABALONES-,EarthScope,fdsn,365
X9_2012,BS340,X9,44.137299,-129.002106,-2500.0,2012-09-25 01:23:00.000,2013-09-25 12:44:00.000000,EL1 EL2 ELZ HDH (100 Hz),100.0,pressure+seismometer,Differential Pressure Gauge OBSIP-SIO/ABALONES-4x4 | L28LB OBSIP-SIO Seismometer Differential/ABALONES-,EarthScope,fdsn,365
X9_2012,BS360,X9,44.036701,-129.332596,-2427.0,2012-09-25 08:46:00.000,2013-09-25 19:50:58.000000,EL1 EL2 ELZ HDH (100 Hz),100.0,pressure+seismometer,Differential Pressure Gauge OBSIP-SIO/ABALONES-4x4 | L28LB OBSIP-SIO Seismometer Differential/ABALONES-,EarthScope,fdsn,365
X9_2012,BS380,X9,43.810101,-129.6418,-3215.0,2012-09-25 13:02:00.000,2013-10-01 14:06:57.000000,EL1 EL2 ELZ HDH (100 Hz),100.0,pressure+seismometer,Differential Pressure Gauge OBSIP-SIO/ABALONES-4x4 | L28LB OBSIP-SIO Seismometer Differential/ABALONES-,EarthScope,fdsn,371
X9_2012,BS401,X9,44.106098,-129.927094,-3210.0,2012-10-01 20:40:00.000,2013-10-01 07:15:58.000000,EL1 EL2 ELZ HDH (100 Hz),100.0,pressure+seismometer,Differential Pressure Gauge OBSIP-SIO/ABALONES-4x4 | L28LB OBSIP-SIO Seismometer Differential/ABALONES-,EarthScope,fdsn,364
X9_2012,BS430,X9,44.1003,-130.207703,-3210.0,2012-09-26 10:35:00.000,2013-09-28 05:57:01.000000,EL1 EL2 ELZ HDH (100 Hz),100.0,pressure+seismometer,Differential Pressure Gauge OBSIP-SIO/ABALONES-4x4 | L28LB OBSIP-SIO Seismometer Differential/ABALONES-,EarthScope,fdsn,366
X9_2012,BS460,X9,44.439201,-130.833206,-2847.0,2012-09-27 01:00:00.000,2013-09-27 20:10:00.000000,EL1 EL2 ELZ HDH (100 Hz),100.0,pressure+seismometer,Differential Pressure Gauge OBSIP-SIO/ABALONES-4x4 | L28LB OBSIP-SIO Seismometer Differential/ABALONES-,EarthScope,fdsn,365
X9_2012,BS470,X9,44.3661,-130.372803,-2379.0,2012-09-27 05:00:00.000,2013-09-27 23:59:59.000000,EL1 EL2 ELZ HDH (100 Hz),100.0,pressure+seismometer,Differential Pressure Gauge OBSIP-SIO/ABALONES-4x4 | L28LB OBSIP-SIO Seismometer Differential/ABALONES-,EarthScope,fdsn,365
X9_2012,BS490,X9,44.2393,-129.669998,-3652.0,2012-09-27 10:38:00.000,2013-09-26 02:16:35.000000,EL1 EL2 ELZ HDH (100 Hz),100.0,pressure+seismometer,Differential Pressure Gauge OBSIP-SIO/ABALONES-4x4 | L28LB OBSIP-SIO Seismometer Differential/ABALONES-,EarthScope,fdsn,363
X9_2012,BS500,X9,44.161201,-129.483307,-3486.0,2012-09-27 19:26:00.000,2013-09-25 23:12:57.000000,EL1 EL2 ELZ HDH (100 Hz),100.0,pressure+seismometer,Differential Pressure Gauge OBSIP-SIO/ABALONES-4x4 | L28LB OBSIP-SIO Seismometer Differential/ABALONES-,EarthScope,fdsn,363
X9_2012,BS520,X9,44.431499,-129.603607,-2527.0,2012-09-28 01:07:00.000,2013-09-26 06:17:00.000000,EL1 EL2 ELZ HDH (100 Hz),100.0,pressure+seismometer,Differential Pressure Gauge OBSIP-SIO/ABALONES-4x4 | L28LB OBSIP-SIO Seismometer Differential/ABALONES-,EarthScope,fdsn,363
XB_2008,1ET5,XB,10.9341,-83.156998,-1572.3,2008-02-16 00:00:00.000,2008-03-03 23:59:59.000000,EDH EL1 EL2 ELZ (200 Hz); LDH LL1 LL2 LLZ (1 Hz),200.0,pressure+seismometer,Geospace GS-11D/Quanterra Q330 Linear Phase Below | HTI-90-U Hydrophone;/Quanterra Q330 Linear Phase B,EarthScope,fdsn,16
XB_2008,1ET6,XB,11.0076,-83.0812,-1693.4,2008-02-16 00:00:00.000,2008-03-03 23:59:59.000000,EDH EL1 EL2 ELZ (200 Hz); LDH LL1 LL2 LLZ (1 Hz),200.0,pressure+seismometer,Geospace GS-11D/Quanterra Q330 Linear Phase Below | HTI-90-U Hydrophone;/Quanterra Q330 Linear Phase B,EarthScope,fdsn,16
XB_2008,1ET7,XB,11.0807,-83.005302,-1887.7,2008-02-16 00:00:00.000,2008-03-03 23:59:59.000000,EDH EL1 EL2 ELZ (200 Hz); LDH LL1 LL2 LLZ (1 Hz),200.0,pressure+seismometer,Geospace GS-11D/Quanterra Q330 Linear Phase Below | HTI-90-U Hydrophone;/Quanterra Q330 Linear Phase B,EarthScope,fdsn,16
XB_2008,1WT11,XB,9.0847,-85.049103,-2533.0,2008-03-21 00:00:00.000,2008-03-30 23:59:59.000000,EDH EL1 EL2 ELZ (200 Hz); LDH LL1 LL2 LLZ (1 Hz),200.0,pressure+seismometer,Geospace GS-11D/Quanterra Q330 Linear Phase Below | HTI-90-U Hydrophone;/Quanterra Q330 Linear Phase B,EarthScope,fdsn,9
XB_2008,1WT7,XB,8.7799,-85.358299,-2891.0,2008-03-21 00:00:00.000,2008-03-29 23:59:59.000000,EDH EL1 EL2 ELZ (200 Hz); LDH LL1 LL2 LLZ (1 Hz),200.0,pressure+seismometer,Geospace GS-11D/Quanterra Q330 Linear Phase Below | HTI-90-U Hydrophone;/Quanterra Q330 Linear Phase B,EarthScope,fdsn,8
XB_2008,1WT8,XB,8.8404,-85.297203,-2973.0,2008-03-21 00:00:00.000,2008-03-29 23:59:59.000000,EDH EL1 EL2 ELZ (200 Hz); LDH LL1 LL2 LLZ (1 Hz),200.0,pressure+seismometer,Geospace GS-11D/Quanterra Q330 Linear Phase Below | HTI-90-U Hydrophone;/Quanterra Q330 Linear Phase B,EarthScope,fdsn,8
XB_2008,ANET1,XB,11.0684,-86.867897,-543.0,2008-03-31 00:00:00.000,2008-04-13 23:59:59.000000,EDH EL1 EL2 ELZ (200 Hz); LDH LL1 LL2 LLZ (1 Hz),200.0,pressure+seismometer,Geospace GS-11D/Quanterra Q330 Linear Phase Below | HTI-90-U Hydrophone;/Quanterra Q330 Linear Phase B,EarthScope,fdsn,13
XB_2008,ANET2,XB,10.9774,-86.9813,-1677.0,2008-03-31 00:00:00.000,2008-04-13 23:59:59.000000,EDH EL1 EL2 ELZ (200 Hz); LDH LL1 LL2 LLZ (1 Hz),200.0,pressure+seismometer,Geospace GS-11D/Quanterra Q330 Linear Phase Below | HTI-90-U Hydrophone;/Quanterra Q330 Linear Phase B,EarthScope,fdsn,13
XB_2008,ANT01,XB,11.2746,-87.317902,-1675.0,2008-03-30 00:00:00.000,2008-04-09 23:59:59.000000,EDH EL1 EL2 ELZ (200 Hz); LDH LL1 LL2 LLZ (1 Hz),200.0,pressure+seismometer,Geospace GS-11D/Quanterra Q330 Linear Phase Below | HTI-90-U Hydrophone;/Quanterra Q330 Linear Phase B,EarthScope,fdsn,10
XB_2008,ANT06,XB,10.1234,-87.318199,-2962.0,2008-03-30 00:00:00.000,2008-04-10 23:59:59.000000,EDH EL1 EL2 ELZ (200 Hz); LDH LL1 LL2 LLZ (1 Hz),200.0,pressure+seismometer,Geospace GS-11D/Quanterra Q330 Linear Phase Below | HTI-90-U Hydrophone;/Quanterra Q330 Linear Phase B,EarthScope,fdsn,11
XB_2008,AWT06,XB,10.7009,-86.739403,-1832.0,2008-03-31 00:00:00.000,2008-04-13 23:59:59.000000,EDH EL1 EL2 ELZ (200 Hz); LDH LL1 LL2 LLZ (1 Hz),200.0,pressure+seismometer,Geospace GS-11D/Quanterra Q330 Linear Phase Below | HTI-90-U Hydrophone;/Quanterra Q330 Linear Phase B,EarthScope,fdsn,13
XB_2008,CRT10,XB,9.0095,-85.284897,-3329.0,2008-03-21 00:00:00.000,2008-03-27 23:59:59.000000,EDH EL1 EL2 ELZ (200 Hz); LDH LL1 LL2 LLZ (1 Hz),200.0,pressure+seismometer,Geospace GS-11D/Quanterra Q330 Linear Phase Below | HTI-90-U Hydrophone;/Quanterra Q330 Linear Phase B,EarthScope,fdsn,6
XB_2008,CRT12,XB,9.0929,-85.525902,-3207.0,2008-03-21 00:00:00.000,2008-03-28 23:59:59.000000,EDH EL1 EL2 ELZ (200 Hz); LDH LL1 LL2 LLZ (1 Hz),200.0,pressure+seismometer,Geospace GS-11D/Quanterra Q330 Linear Phase Below | HTI-90-U Hydrophone;/Quanterra Q330 Linear Phase B,EarthScope,fdsn,7
XB_2008,CRT13,XB,9.134,-85.646202,-3631.0,2008-03-21 00:00:00.000,2008-03-28 23:59:59.000000,EDH EL1 EL2 ELZ (200 Hz); LDH LL1 LL2 LLZ (1 Hz),200.0,pressure+seismometer,Geospace GS-11D/Quanterra Q330 Linear Phase Below | HTI-90-U Hydrophone;/Quanterra Q330 Linear Phase B,EarthScope,fdsn,7
XB_2008,CRT14,XB,9.1758,-85.766602,-3638.0,2008-03-21 00:00:00.000,2008-03-28 23:59:59.000000,EDH EL1 EL2 ELZ (200 Hz); LDH LL1 LL2 LLZ (1 Hz),200.0,pressure+seismometer,Geospace GS-11D/Quanterra Q330 Linear Phase Below | HTI-90-U Hydrophone;/Quanterra Q330 Linear Phase B,EarthScope,fdsn,7
XB_2008,HT11,XB,11.3734,-82.532402,-2412.3,2008-02-16 00:00:00.000,2008-03-08 23:59:59.000000,EDH EL1 EL2 ELZ (200 Hz); LDH LL1 LL2 LLZ (1 Hz),200.0,pressure+seismometer,Geospace GS-11D/Quanterra Q330 Linear Phase Below | HTI-90-U Hydrophone;/Quanterra Q330 Linear Phase B,EarthScope,fdsn,21
XB_2008,HT12,XB,11.282,-82.4506,-2413.1,2008-02-16 00:00:00.000,2008-03-08 23:59:59.000000,EDH EL1 EL2 ELZ (200 Hz); LDH LL1 LL2 LLZ (1 Hz),200.0,pressure+seismometer,Geospace GS-11D/Quanterra Q330 Linear Phase Below | HTI-90-U Hydrophone;/Quanterra Q330 Linear Phase B,EarthScope,fdsn,21
XB_2008,HT7,XB,11.7393,-82.858498,-1480.3,2008-02-17 00:00:00.000,2008-03-08 23:59:59.000000,EDH EL1 EL2 ELZ (200 Hz); LDH LL1 LL2 LLZ (1 Hz),200.0,pressure+seismometer,Geospace GS-11D/Quanterra Q330 Linear Phase Below | HTI-90-U Hydrophone;/Quanterra Q330 Linear Phase B,EarthScope,fdsn,20
XB_2008,HT9,XB,11.5563,-82.695198,-1692.4,2008-02-16 00:00:00.000,2008-03-08 23:59:59.000000,EDH EL1 EL2 ELZ (200 Hz); LDH LL1 LL2 LLZ (1 Hz),200.0,pressure+seismometer,Geospace GS-11D/Quanterra Q330 Linear Phase Below | HTI-90-U Hydrophone;/Quanterra Q330 Linear Phase B,EarthScope,fdsn,21
XB_2008,NRT6,XB,12.4478,-83.000801,-33.9,2008-02-17 00:00:00.000,2008-03-07 23:59:59.000000,EDH EL1 EL2 ELZ (200 Hz); LDH LL1 LL2 LLZ (1 Hz),200.0,pressure+seismometer,Geospace GS-11D/Quanterra Q330 Linear Phase Below | HTI-90-U Hydrophone;/Quanterra Q330 Linear Phase B,EarthScope,fdsn,19
XB_2008,NRT7,XB,12.5604,-82.933403,-45.4,2008-02-16 00:00:00.000,2008-03-06 23:59:59.000000,EDH EL1 EL2 ELZ (200 Hz); LDH LL1 LL2 LLZ (1 Hz),200.0,pressure+seismometer,Geospace GS-11D/Quanterra Q330 Linear Phase Below | HTI-90-U Hydrophone;/Quanterra Q330 Linear Phase B,EarthScope,fdsn,19
XB_2008,ST14,XB,10.384,-87.017502,-4068.0,2008-03-29 00:00:00.000,2008-04-11 23:59:59.000000,EDH EL1 EL2 ELZ (200 Hz); LDH LL1 LL2 LLZ (1 Hz),200.0,pressure+seismometer,Geospace GS-11D/Quanterra Q330 Linear Phase Below | HTI-90-U Hydrophone;/Quanterra Q330 Linear Phase B,EarthScope,fdsn,13
XC_1995,LMZ,XC,-43.716702,173.540298,-50.0,1996-02-14 01:53:43.000,1996-04-15 22:49:01.000000,SPZ (50 Hz),50.0,seismometer,L4C-EARSS,EarthScope,fdsn,61
XE_2018,CC01,XE,-4.04578,-132.47451,-4768.0,2018-04-24 16:22:00.000,2019-05-23 06:36:42.663300,BDH BH1 BH2 BHZ (50 Hz),50.0,pressure+seismometer,DPG OBSIP-SIO/ABALONES | T240 Single-Sided/ABALONES,EarthScope,fdsn,393
XE_2018,CC02,XE,-4.46461,-132.58299,-4444.0,2018-04-24 10:03:00.000,2019-05-23 00:32:00.000000,BDH BH1 BH2 BHZ (50 Hz),50.0,pressure+seismometer,DPG OBSIP-SIO/ABALONES | Nanometrics Trillium 240 Sec Response sn 0-399/ABA,EarthScope,fdsn,393
XE_2018,CC03,XE,-4.8816,-132.68895,-4739.0,2018-04-24 02:19:00.000,2019-01-29 20:44:13.879200,BDH BH1 BH2 BHZ (50 Hz),50.0,pressure+seismometer,DPG OBSIP-SIO/ABALONES | T240 Single-Sided/ABALONES,EarthScope,fdsn,280
XE_2018,CC04,XE,-5.19374,-132.78996,-4615.0,2018-04-22 03:16:00.000,2019-05-21 12:05:00.000000,BDH BH1 BH2 BHZ (50 Hz),50.0,pressure+seismometer,DPG OBSIP-SIO/ABALONES | T240 Single-Sided/ABALONES,EarthScope,fdsn,394
XE_2018,CC05,XE,-5.51738,-132.873,-4798.0,2018-04-21 21:21:00.000,2019-05-21 07:22:00.000000,BDH BH1 BH2 BHZ (50 Hz),50.0,pressure+seismometer,DPG OBSIP-SIO/ABALONES | Nanometrics Trillium 240 Sec Response sn 0-399/ABA,EarthScope,fdsn,394
XE_2018,CC06,XE,-5.83853,-132.9518,-4824.0,2018-04-21 14:32:00.000,2019-05-21 02:41:00.000000,BDH BH1 BH2 BHZ (50 Hz),50.0,pressure+seismometer,DPG OBSIP-SIO/ABALONES | T240 Single-Sided/ABALONES,EarthScope,fdsn,394
XE_2018,CC07,XE,-6.15879,-133.0464,-4628.0,2018-04-21 08:38:00.000,2019-05-20 21:50:00.000000,BDH BH1 BH2 BHZ (50 Hz),50.0,pressure+seismometer,DPG OBSIP-SIO/ABALONES | T240 Single-Sided/ABALONES,EarthScope,fdsn,394
XE_2018,CC08,XE,-6.48164,-133.1233,-4745.0,2018-04-19 16:05:00.000,2019-05-19 15:36:00.000000,BDH BH1 BH2 BHZ (50 Hz),50.0,pressure+seismometer,DPG OBSIP-SIO/ABALONES | T240 Single-Sided/ABALONES,EarthScope,fdsn,394
XE_2018,CC09,XE,-6.79945,-133.2164,-4615.0,2018-04-19 09:55:00.000,2019-05-18 00:10:44.142000,BDH BH1 BH2 BHZ (50 Hz),50.0,pressure+seismometer,DPG OBSIP-SIO/ABALONES | T240 Single-Sided/ABALONES,EarthScope,fdsn,393
XE_2018,CC10,XE,-7.11482,-133.34575,-4618.0,2018-04-19 08:08:00.000,2018-06-08 17:15:36.467500,BDH BH1 BH2 BHZ (50 Hz),50.0,pressure+seismometer,DPG OBSIP-SIO/ABALONES | T240 Single-Sided/ABALONES,EarthScope,fdsn,50
XE_2018,CC11,XE,-7.53678,-133.4166,-4636.0,2018-04-19 00:42:00.000,2019-05-19 00:29:00.000000,BDH BH1 BH2 BHZ (50 Hz),50.0,pressure+seismometer,DPG OBSIP-SIO/ABALONES | Nanometrics Trillium 240 Sec Response sn 0-399/ABA,EarthScope,fdsn,394
XE_2018,CC12,XE,-7.9544,-133.5317,-4595.0,2018-04-18 17:57:00.000,2018-05-06 16:31:52.385600,BDH BH1 BH2 BHZ (50 Hz),50.0,pressure+seismometer,DPG OBSIP-SIO/ABALONES | T240 Single-Sided/ABALONES,EarthScope,fdsn,17
XE_2018,EC01,XE,-4.72613,-131.48519,-4576.0,2018-04-23 14:08:00.000,2019-03-08 18:56:25.287300,BDH BH1 BH2 BHZ (50 Hz),50.0,pressure+seismometer,DPG OBSIP-SIO/ABALONES | T240 Single-Sided/ABALONES,EarthScope,fdsn,319
XE_2018,EC02,XE,-5.46195,-131.87689,-4773.0,2018-04-22 16:14:00.000,2018-09-26 12:16:54.329700,BDH BH1 BH2 BHZ (50 Hz),50.0,pressure+seismometer,DPG OBSIP-SIO/ABALONES | T240 Single-Sided/ABALONES,EarthScope,fdsn,156
XE_2018,EC03,XE,-6.29162,-131.91041,-4742.3,2018-04-20 17:05:00.000,2018-10-09 18:04:18.677500,BDH BH1 BH2 BHZ (50 Hz),50.0,pressure+seismometer,DPG OBSIP-SIO/ABALONES | T240 Single-Sided/ABALONES,EarthScope,fdsn,172
XE_2018,EC04,XE,-7.02749,-132.29424,-4778.5,2018-04-20 00:00:00.000,2019-02-12 23:59:59.999900,BDH BH1 BH2 BHZ (50 Hz),50.0,pressure+seismometer,DPG OBSIP-SIO/ABALONES | T240 Single-Sided/ABALONES,EarthScope,fdsn,298
XE_2018,EC05,XE,-7.85622,-132.32978,-4587.0,2018-04-18 06:40:00.000,2019-05-16 20:55:22.165400,BDH BH1 BH2 BHZ (50 Hz),50.0,pressure+seismometer,DPG OBSIP-SIO/ABALONES | T240 Single-Sided/ABALONES,EarthScope,fdsn,393
XE_2018,EE01,XE,-4.94698,-130.38143,-4645.2,2018-04-16 07:31:00.000,2019-05-14 21:46:58.358400,BDH BH1 BH2 BHZ (50 Hz),50.0,pressure+seismometer,DPG OBSIP-SIO/ABALONES | T240 Single-Sided/ABALONES,EarthScope,fdsn,393
XE_2018,EE02,XE,-5.97635,-130.88959,-4632.9,2018-04-16 19:38:00.000,2019-04-08 04:52:18.239200,BDH BH1 BH2 BHZ (50 Hz),50.0,pressure+seismometer,DPG OBSIP-SIO/ABALONES | T240 Single-Sided/ABALONES,EarthScope,fdsn,356
XE_2018,EE03,XE,-7.06435,-131.17881,-4628.9,2018-04-17 07:03:00.000,2019-03-11 07:02:03.946200,BDH BH1 BH2 BHZ (50 Hz),50.0,pressure+seismometer,DPG OBSIP-SIO/ABALONES | Nanometrics Trillium 240 Sec Response sn 0-399/ABA,EarthScope,fdsn,327
XE_2018,EE04,XE,-8.20435,-131.2551,-4683.0,2018-04-17 18:50:00.000,2019-05-26 16:05:00.000000,BDH BH1 BH2 BHZ (50 Hz),50.0,pressure+seismometer,DPG OBSIP-SIO/ABALONES | T240 Single-Sided/ABALONES,EarthScope,fdsn,403
XE_2018,WC01,XE,-4.14331,-133.66494,-4483.2,2018-04-25 05:02:00.000,2019-03-07 22:02:01.352700,BDH BH1 BH2 BHZ (50 Hz),50.0,pressure+seismometer,DPG OBSIP-SIO/ABALONES | T240 Single-Sided/ABALONES,EarthScope,fdsn,316
XE_2018,WC02,XE,-4.97259,-133.70537,-4618.6,2018-04-25 15:27:00.000,2019-05-22 03:28:27.020600,BDH BH1 BH2 BHZ (50 Hz),50.0,pressure+seismometer,DPG OBSIP-SIO/ABALONES | T240 Single-Sided/ABALONES,EarthScope,fdsn,391
XE_2018,WC03,XE,-5.7077,-134.0913,-4483.0,2018-04-26 01:33:00.000,2019-05-20 10:55:00.000000,BDH BH1 BH2 BHZ (50 Hz),50.0,pressure+seismometer,DPG OBSIP-SIO/ABALONES | T240 Single-Sided/ABALONES,EarthScope,fdsn,389
XE_2018,WC04,XE,-6.53525,-134.1305,-4534.0,2018-04-26 22:32:00.000,2019-05-20 02:26:00.000000,BDH BH1 BH2 BHZ (50 Hz),50.0,pressure+seismometer,DPG OBSIP-SIO/ABALONES | T240 Single-Sided/ABALONES,EarthScope,fdsn,388
XE_2018,WC05,XE,-7.26945,-134.5177,-4478.0,2018-04-27 07:52:00.000,2019-05-18 07:33:00.000000,BDH BH1 BH2 BHZ (50 Hz),50.0,pressure+seismometer,DPG OBSIP-SIO/ABALONES | T240 Single-Sided/ABALONES,EarthScope,fdsn,385
XE_2018,WW01,XE,-3.78521,-134.73696,-4534.3,2018-04-29 09:51:00.000,2019-01-04 19:35:16.314100,BDH BH1 BH2 BHZ (50 Hz),50.0,pressure+seismometer,DPG OBSIP-SIO/ABALONES | T240 Single-Sided/ABALONES,EarthScope,fdsn,250
XE_2018,WW02,XE,-4.92831,-134.81356,-4681.6,2018-04-28 18:18:00.000,2018-10-11 14:39:37.154300,BDH BH1 BH2 BHZ (50 Hz),50.0,pressure+seismometer,DPG OBSIP-SIO/ABALONES | Nanometrics Trillium 240 Sec Response sn 0-399/ABA,EarthScope,fdsn,165
XE_2018,WW03,XE,-6.01551,-135.112,-4386.0,2018-04-28 07:43:00.000,2019-05-17 09:18:00.000000,BDH BH1 BH2 BHZ (50 Hz),50.0,pressure+seismometer,DPG OBSIP-SIO/ABALONES | T240 Single-Sided/ABALONES,EarthScope,fdsn,384
XE_2018,WW04,XE,-7.0385,-135.62722,-4490.7,2018-04-27 20:02:00.000,2019-05-17 20:23:20.693200,BDH BH1 BH2 BHZ (50 Hz),50.0,pressure+seismometer,DPG OBSIP-SIO/ABALONES | T240 Single-Sided/ABALONES,EarthScope,fdsn,385
XF_2012,B01,XF,16.040501,149.281494,-5321.0,2012-01-29 17:25:00.000,2013-02-04 14:28:20.000000,EDH HH1 HH2 HHZ (100 Hz),100.0,pressure+seismometer,Differential Pressure Gauge OBSIP-SIO/ABALONES-4x4 | Nanometrics Trillium 240 Single-Sided/ABALONES-4x4,EarthScope,fdsn,371
XF_2012,B02,XF,16.515301,148.334305,-5811.0,2012-01-28 20:30:00.000,2013-02-04 03:30:00.000000,EDH HH1 HH2 HHZ (100 Hz),100.0,pressure+seismometer,Differential Pressure Gauge OBSIP-SIO/ABALONES-4x4 | Nanometrics Trillium 240 Single-Sided/ABALONES-4x4,EarthScope,fdsn,372
XF_2012,B03,XF,16.172899,147.979797,-5443.0,2012-01-27 04:47:00.000,2013-02-02 11:20:54.000000,EDH HH1 HH2 HHZ (100 Hz),100.0,pressure+seismometer,Differential Pressure Gauge OBSIP-SIO/ABALONES-4x4 | Nanometrics Trillium 240 Single-Sided/ABALONES-4x4,EarthScope,fdsn,372
XF_2012,B04,XF,16.499901,147.531204,-4844.0,2012-01-27 21:44:43.000,2013-02-01 07:04:29.000000,HDH HH1 HH2 HHZ (100 Hz),100.0,pressure+seismometer,LDEO DPG/LDEO_new dummy at 40/125/100 | LDEO OBS Sensor Mk2/LDEO_new dummy at 40/125/100,EarthScope,fdsn,370
XF_2012,B05,XF,16.6626,146.958603,-3813.0,2012-01-28 03:14:33.000,2013-02-09 20:24:54.000000,HDH HH1 HH2 HHZ (100 Hz),100.0,pressure+seismometer,LDEO DPG/LDEO_new dummy at 40/125/100 | LDEO OBS Sensor Mk2/LDEO_new dummy at 40/125/100,EarthScope,fdsn,378
XF_2012,B06,XF,17.2486,146.802795,-3864.0,2012-02-01 17:30:05.000,2013-02-09 15:27:43.000000,HDH HH1 HH2 HHZ (100 Hz),100.0,pressure+seismometer,LDEO DPG/LDEO_new dummy at 40/125/100 | LDEO OBS Sensor Mk2/LDEO_new dummy at 40/125/100,EarthScope,fdsn,373
XF_2012,B07,XF,17.2096,147.601196,-4285.0,2012-02-01 12:20:45.000,2013-02-10 02:44:13.000000,HDH HH1 HH2 HHZ (100 Hz),100.0,pressure+seismometer,LDEO DPG/LDEO_new dummy at 40/125/100 | LDEO OBS Sensor Mk2/LDEO_new dummy at 40/125/100,EarthScope,fdsn,374
XF_2012,B08,XF,17.428801,148.180405,-4191.0,2012-02-01 05:41:22.000,2013-02-10 04:33:43.000000,HDH HH1 HH2 HHZ (100 Hz),100.0,pressure+seismometer,LDEO DPG/LDEO_new dummy at 40/125/100 | LDEO OBS Sensor Mk2/LDEO_new dummy at 40/125/100,EarthScope,fdsn,374
XF_2012,B09,XF,16.9986,148.512405,-5897.0,2012-01-28 05:39:00.000,2013-02-03 18:38:58.000000,EDH HH1 HH2 HHZ (100 Hz),100.0,pressure+seismometer,Differential Pressure Gauge OBSIP-SIO/ABALONES-4x4 | Nanometrics Trillium 40 Single Sided/ABALONES-4x4,EarthScope,fdsn,372
XF_2012,B10,XF,16.7971,149.580994,-5393.0,2012-01-29 22:54:00.000,2013-02-04 23:30:29.000000,EDH HH1 HH2 HHZ (100 Hz),100.0,pressure+seismometer,Differential Pressure Gauge OBSIP-SIO/ABALONES-4x4 | Nanometrics Trillium 240 Single-Sided/ABALONES-4x4,EarthScope,fdsn,372
XF_2012,B11,XF,17.5944,149.650101,-5196.0,2012-01-30 16:32:00.000,2013-02-05 08:04:58.000000,EDH HH1 HH2 HHZ (100 Hz),100.0,pressure+seismometer,Differential Pressure Gauge OBSIP-SIO/ABALONES-4x4 | Nanometrics Trillium 240 Single-Sided/ABALONES-4x4,EarthScope,fdsn,371
XF_2012,B12,XF,17.631901,148.591705,-5909.0,2012-01-31 15:56:00.000,2013-02-06 18:37:57.000000,EDH HH1 HH2 HHZ (100 Hz),100.0,pressure+seismometer,Differential Pressure Gauge OBSIP-SIO/ABALONES-4x4 | Nanometrics Trillium 240 Single-Sided/ABALONES-4x4,EarthScope,fdsn,372
XF_2012,B13,XF,17.8734,147.530807,-4559.0,2012-02-02 11:10:35.000,2013-02-07 06:59:48.000000,HDH HH1 HH2 HHZ (100 Hz),100.0,pressure+seismometer,LDEO DPG/LDEO_new dummy at 40/125/100 | LDEO OBS Sensor Mk2/LDEO_new dummy at 40/125/100,EarthScope,fdsn,370
XF_2012,B14,XF,17.9988,146.747803,-3663.0,2012-02-02 04:55:34.000,2013-02-08 17:15:53.000000,HDH HH1 HH2 HHZ (100 Hz),100.0,pressure+seismometer,LDEO DPG/LDEO_new dummy at 40/125/100 | LDEO OBS Sensor Mk2/LDEO_new dummy at 40/125/100,EarthScope,fdsn,372
XF_2012,B15,XF,18.5613,146.902695,-3649.0,2012-02-04 14:36:31.000,2013-02-07 16:44:43.000000,HDH HH1 HH2 HHZ (100 Hz),100.0,pressure+seismometer,LDEO DPG/LDEO_new dummy at 40/125/100 | LDEO OBS Sensor Mk2/LDEO_new dummy at 40/125/100,EarthScope,fdsn,369
XF_2012,B16,XF,18.2295,147.509705,-5014.0,2012-02-04 07:28:05.000,2013-02-07 11:24:56.000000,HDH HH1 HH2 HHZ (100 Hz),100.0,pressure+seismometer,LDEO DPG/LDEO_new dummy at 40/125/100 | LDEO OBS Sensor Mk2/LDEO_new dummy at 40/125/100,EarthScope,fdsn,369
XF_2012,B17,XF,18.4245,147.9375,-4381.0,2012-02-04 02:20:32.000,2013-02-06 06:59:11.000000,HDH HH1 HH2 HHZ (100 Hz),100.0,pressure+seismometer,LDEO DPG/LDEO_new dummy at 40/125/100 | LDEO OBS Sensor Mk2/LDEO_new dummy at 40/125/100,EarthScope,fdsn,368
XF_2012,B18,XF,18.6635,148.492706,-5671.0,2012-02-03 06:33:00.000,2013-02-06 01:53:58.000000,EDH HH1 HH2 HHZ (100 Hz),100.0,pressure+seismometer,Differential Pressure Gauge OBSIP-SIO/ABALONES-4x4 | Nanometrics Trillium 240 Single-Sided/ABALONES-4x4,EarthScope,fdsn,368
XF_2012,B19,XF,18.102501,148.521194,-5949.0,2012-02-02 17:33:00.000,2013-02-06 13:24:59.000000,EDH HH1 HH2 HHZ (100 Hz),100.0,pressure+seismometer,Differential Pressure Gauge OBSIP-SIO/ABALONES-4x4 | Nanometrics Trillium 40 Single Sided/ABALONES-4x4,EarthScope,fdsn,369
XF_2012,B20,XF,18.4828,149.454498,-5563.0,2012-01-31 02:06:00.000,2013-02-05 17:20:57.000000,EDH HH1 HH2 HHZ (100 Hz),100.0,pressure+seismometer,Differential Pressure Gauge OBSIP-SIO/ABALONES-4x4 | Nanometrics Trillium 240 Single-Sided/ABALONES-4x4,EarthScope,fdsn,371
XF_2012,E01,XF,18.1954,149.478195,-5414.2,2012-01-30 22:38:00.000,2012-03-10 06:09:00.000000,EDH EL1 EL2 ELZ (200 Hz),200.0,pressure+seismometer,HTI_90_U Hydrophone OBSIP-SIO/ABALONES-4x4 | L28LB OBSIP-SIO Seismometer Differential/ABALONES-,EarthScope,fdsn,39
XF_2012,E02,XF,18.0172,149.444702,-5042.0,2012-01-30 23:10:00.000,2012-03-10 09:37:59.000000,EDH EL1 EL2 ELZ (200 Hz),200.0,pressure+seismometer,HTI_90_U Hydrophone OBSIP-SIO/ABALONES-4x4 | L28LB OBSIP-SIO Seismometer Differential/ABALONES-,EarthScope,fdsn,39
XF_2012,E03,XF,17.8391,149.409607,-5222.0,2012-01-30 23:25:00.000,2012-03-10 13:10:59.000000,EDH EL1 EL2 ELZ (200 Hz),200.0,pressure+seismometer,HTI_90_U Hydrophone OBSIP-SIO/ABALONES-4x4 | L28LB OBSIP-SIO Seismometer Differential/ABALONES-,EarthScope,fdsn,39
XF_2012,E06,XF,17.3333,149.300003,-5353.2,2012-01-28 00:00:00.000,2012-03-08 23:59:59.000000,EDH EL1 EL2 ELZ (200 Hz); LDH LL1 LL2 LLZ (1 Hz),200.0,pressure+seismometer,Geospace GS-11D/Quanterra Q330 Linear Phase Below | HTI-90-U Hydrophone;/Quanterra Q330 Linear Phase B,EarthScope,fdsn,40
XF_2012,E07,XF,17.167,149.279205,-5404.0,2012-01-30 06:20:00.000,2012-03-08 22:03:00.000000,EDH EL1 EL2 ELZ (200 Hz),200.0,pressure+seismometer,HTI_90_U Hydrophone OBSIP-SIO/ABALONES-4x4 | L28LB OBSIP-SIO Seismometer Differential/ABALONES-,EarthScope,fdsn,38
XF_2012,E08,XF,16.9988,149.248001,-5482.0,2012-01-30 05:40:00.000,2012-03-08 17:49:00.000000,EDH EL1 EL2 ELZ (200 Hz),200.0,pressure+seismometer,HTI_90_U Hydrophone OBSIP-SIO/ABALONES-4x4 | L28LB OBSIP-SIO Seismometer Differential/ABALONES-,EarthScope,fdsn,38
XF_2012,E09,XF,16.8325,149.214203,-5283.0,2012-01-30 00:00:00.000,2012-03-08 23:59:59.000000,EDH EL1 EL2 ELZ (200 Hz),200.0,pressure+seismometer,HTI_90_U Hydrophone OBSIP-SIO/ABALONES-4x4 | L28LB OBSIP-SIO Seismometer Differential/ABALONES-,EarthScope,fdsn,38
XF_2012,E11,XF,16.4874,149.148605,-4468.3,2012-01-29 18:37:00.000,2012-03-07 12:54:00.000000,EDH EL1 EL2 ELZ (200 Hz),200.0,pressure+seismometer,HTI_90_U Hydrophone OBSIP-SIO/ABALONES-4x4 | L28LB OBSIP-SIO Seismometer Differential/ABALONES-,EarthScope,fdsn,37
XF_2012,E12,XF,16.311199,149.116196,-4981.6,2012-01-29 04:30:00.000,2012-03-07 16:37:00.000000,EDH EL1 EL2 ELZ (200 Hz),200.0,pressure+seismometer,HTI_90_U Hydrophone OBSIP-SIO/ABALONES-4x4 | L28LB OBSIP-SIO Seismometer Differential/ABALONES-,EarthScope,fdsn,38
XF_2012,L01,XF,16.564899,147.435394,-4576.8,2012-01-27 09:36:00.000,2012-03-06 01:16:59.000000,EDH EL1 EL2 ELZ (200 Hz),200.0,pressure+seismometer,HTI_90_U Hydrophone OBSIP-SIO/ABALONES-4x4 | L28LB OBSIP-SIO Seismometer Differential/ABALONES-,EarthScope,fdsn,38
XF_2012,L02,XF,17.2999,147.470795,-3536.6,2012-02-01 01:02:00.000,2012-03-14 20:43:59.000000,EDH EL1 EL2 ELZ (200 Hz),200.0,pressure+seismometer,HTI_90_U Hydrophone OBSIP-SIO/ABALONES-4x4 | L28LB OBSIP-SIO Seismometer Differential/ABALONES-,EarthScope,fdsn,42
XF_2012,L03,XF,17.482599,147.744293,-5000.0,2012-01-31 20:55:09.000,2013-01-25 18:40:21.000000,EDH HDH (125 Hz),125.0,pressure,LDEO DPG/LDEO_new dummy at 40/125/100 | LDEO HTI90U/LDEO_new dummy at 40/125/100,EarthScope,fdsn,359
XF_2012,L04,XF,17.116699,148.199997,-4941.9,2012-01-27 00:00:00.000,2012-03-05 23:59:59.000000,EDH (200 Hz); LDH (1 Hz),200.0,pressure,HTI-90-U Hydrophone;/Quanterra Q330 Linear Phase B,EarthScope,fdsn,38
XF_2012,L05,XF,17.299999,148.850006,-5011.6,2012-01-28 00:00:00.000,2012-03-08 23:59:59.000000,EDH (200 Hz); LDH (1 Hz),200.0,pressure,HTI-90-U Hydrophone;/Quanterra Q330 Linear Phase B,EarthScope,fdsn,40
XF_2012,L06,XF,17.483299,147.266693,-3977.5,2012-01-30 00:00:00.000,2012-03-13 23:59:59.000000,EDH EL1 EL2 ELZ (200 Hz); LDH LL1 LL2 LLZ (1 Hz),200.0,pressure+seismometer,Geospace GS-11D/Quanterra Q330 Linear Phase Below | HTI-90-U Hydrophone;/Quanterra Q330 Linear Phase B,EarthScope,fdsn,43
XF_2012,L07,XF,18.209101,147.3125,-3248.9,2012-02-03 22:27:00.000,2012-03-12 09:06:59.000000,EDH EL1 EL2 ELZ (200 Hz),200.0,pressure+seismometer,HTI_90_U Hydrophone OBSIP-SIO/ABALONES-4x4 | L28LB OBSIP-SIO Seismometer Differential/ABALONES-,EarthScope,fdsn,37
XF_2012,L08,XF,18.3333,148.033295,-4901.2,2012-02-01 00:00:00.000,2012-03-10 23:59:59.000000,EDH EL1 EL2 ELZ (200 Hz); LDH LL1 LL2 LLZ (1 Hz),200.0,pressure+seismometer,Geospace GS-11D/Quanterra Q330 Linear Phase Below | HTI-90-U Hydrophone;/Quanterra Q330 Linear Phase B,EarthScope,fdsn,38
XF_2012,N01,XF,17.870001,146.390396,-3272.5,2012-02-01 09:39:00.000,2012-03-13 11:01:59.000000,EDH EL1 EL2 ELZ (200 Hz),200.0,pressure+seismometer,HTI_90_U Hydrophone OBSIP-SIO/ABALONES-4x4 | L28LB OBSIP-SIO Seismometer Differential/ABALONES-,EarthScope,fdsn,41
XF_2012,N02,XF,17.869301,146.569595,-3517.1,2012-02-01 17:24:00.000,2012-03-13 08:16:59.000000,EDH EL1 EL2 ELZ (200 Hz),200.0,pressure+seismometer,HTI_90_U Hydrophone OBSIP-SIO/ABALONES-4x4 | L28LB OBSIP-SIO Seismometer Differential/ABALONES-,EarthScope,fdsn,40
XF_2012,N03,XF,17.866699,146.75,-3302.1,2012-01-30 00:00:00.000,2012-03-12 23:59:59.000000,EDH EL1 EL2 ELZ (200 Hz); LDH LL1 LL2 LLZ (1 Hz),200.0,pressure+seismometer,Geospace GS-11D/Quanterra Q330 Linear Phase Below | HTI-90-U Hydrophone;/Quanterra Q330 Linear Phase B,EarthScope,fdsn,42
XF_2012,N04,XF,17.867701,146.934692,-3462.0,2012-02-01 20:12:00.000,2012-03-12 23:20:36.000000,EDH EL1 EL2 ELZ (200 Hz),200.0,pressure+seismometer,HTI_90_U Hydrophone OBSIP-SIO/ABALONES-4x4 | L28LB OBSIP-SIO Seismometer Differential/ABALONES-,EarthScope,fdsn,40
XF_2012,N05,XF,17.8657,147.144699,-3826.9,2012-02-01 20:28:00.000,2012-03-12 05:23:00.000000,EDH EL1 EL2 ELZ (200 Hz),200.0,pressure+seismometer,HTI_90_U Hydrophone OBSIP-SIO/ABALONES-4x4 | L28LB OBSIP-SIO Seismometer Differential/ABALONES-,EarthScope,fdsn,39
XF_2012,N06,XF,17.864799,147.333694,-4080.8,2012-02-01 22:07:00.000,2012-03-12 02:08:57.000000,EDH EL1 EL2 ELZ (200 Hz),200.0,pressure+seismometer,HTI_90_U Hydrophone OBSIP-SIO/ABALONES-4x4 | L28LB OBSIP-SIO Seismometer Differential/ABALONES-,EarthScope,fdsn,39
XF_2012,N07,XF,17.8748,147.532104,-4523.0,2012-02-01 22:22:00.000,2012-03-11 23:01:59.000000,EDH EL1 EL2 ELZ (200 Hz),200.0,pressure+seismometer,HTI_90_U Hydrophone OBSIP-SIO/ABALONES-4x4 | L28LB OBSIP-SIO Seismometer Differential/ABALONES-,EarthScope,fdsn,39
XF_2012,N08,XF,17.85,147.699997,-4998.6,2012-01-31 00:00:00.000,2012-03-10 23:59:59.000000,EDH (200 Hz); LDH (1 Hz),200.0,pressure,HTI-90-U Hydrophone;/Quanterra Q330 Linear Phase B,EarthScope,fdsn,39
XF_2012,N09,XF,17.8596,147.900803,-5484.0,2012-02-02 05:52:00.000,2013-02-07 03:04:54.000000,EDH HDH (125 Hz),125.0,pressure,LDEO DPG/LDEO_new dummy at 40/125/100 | LDEO HTI90U/LDEO_new dummy at 40/125/100,EarthScope,fdsn,370
XF_2012,N10,XF,17.85,148.083298,-4901.3,2012-01-31 00:00:00.000,2012-03-10 23:59:59.000000,EDH (200 Hz); LDH (1 Hz),200.0,pressure,HTI-90-U Hydrophone;/Quanterra Q330 Linear Phase B,EarthScope,fdsn,39
XF_2012,N11,XF,17.8556,148.279907,-5000.0,2012-02-03 01:07:53.000,2013-01-27 22:53:05.000000,EDH HDH (125 Hz),125.0,pressure,LDEO DPG/LDEO_new dummy at 40/125/100 | LDEO HTI90U/LDEO_new dummy at 40/125/100,EarthScope,fdsn,359
XF_2012,N12,XF,17.85,148.466705,-5013.7,2012-01-29 00:00:00.000,2012-03-10 23:59:59.000000,EDH (200 Hz); LDH (1 Hz),200.0,pressure,HTI-90-U Hydrophone;/Quanterra Q330 Linear Phase B,EarthScope,fdsn,41
XF_2012,N13,XF,17.85,148.649994,-4965.8,2012-01-29 00:00:00.000,2012-03-10 23:59:59.000000,EDH (200 Hz); LDH (1 Hz),200.0,pressure,HTI-90-U Hydrophone;/Quanterra Q330 Linear Phase B,EarthScope,fdsn,41
XF_2012,N14,XF,17.8333,148.833298,-4979.4,2012-01-29 00:00:00.000,2012-03-10 23:59:59.000000,EDH (200 Hz); LDH (1 Hz),200.0,pressure,HTI-90-U Hydrophone;/Quanterra Q330 Linear Phase B,EarthScope,fdsn,41
XF_2012,N15,XF,17.8333,149.033295,-5018.4,2012-01-29 00:00:00.000,2012-03-09 23:59:59.000000,EDH (200 Hz); LDH (1 Hz),200.0,pressure,HTI-90-U Hydrophone;/Quanterra Q330 Linear Phase B,EarthScope,fdsn,40
XF_2012,N16,XF,17.8426,149.224396,-5458.0,2012-01-31 04:54:00.000,2012-03-10 17:01:59.000000,EDH EL1 EL2 ELZ (200 Hz),200.0,pressure+seismometer,HTI_90_U Hydrophone OBSIP-SIO/ABALONES-4x4 | L28LB OBSIP-SIO Seismometer Differential/ABALONES-,EarthScope,fdsn,39
XF_2012,N18,XF,17.8333,149.600006,-5105.3,2012-01-28 00:00:00.000,2012-03-08 23:59:59.000000,EDH EL1 EL2 ELZ (200 Hz); LDH LL1 LL2 LLZ (1 Hz),200.0,pressure+seismometer,Geospace GS-11D/Quanterra Q330 Linear Phase Below | HTI-90-U Hydrophone;/Quanterra Q330 Linear Phase B,EarthScope,fdsn,40
XF_2012,N19,XF,17.8167,149.783295,-5052.4,2012-01-28 00:00:00.000,2012-03-08 23:59:59.000000,EDH EL1 EL2 ELZ (200 Hz); LDH LL1 LL2 LLZ (1 Hz),200.0,pressure+seismometer,Geospace GS-11D/Quanterra Q330 Linear Phase Below | HTI-90-U Hydrophone;/Quanterra Q330 Linear Phase B,EarthScope,fdsn,40
XF_2012,N20,XF,17.826799,149.979706,-5144.2,2012-01-30 18:08:00.000,2012-03-10 00:21:59.000000,EDH EL1 EL2 ELZ (200 Hz),200.0,pressure+seismometer,HTI_90_U Hydrophone OBSIP-SIO/ABALONES-4x4 | L28LB OBSIP-SIO Seismometer Differential/ABALONES-,EarthScope,fdsn,39
XF_2012,S01,XF,17.0833,146.449997,-3132.1,2012-01-26 00:00:00.000,2012-03-12 23:59:59.000000,EDH EL1 EL2 ELZ (200 Hz); LDH LL1 LL2 LLZ (1 Hz),200.0,pressure+seismometer,Geospace GS-11D/Quanterra Q330 Linear Phase Below | HTI-90-U Hydrophone;/Quanterra Q330 Linear Phase B,EarthScope,fdsn,46
XF_2012,S02,XF,17.075001,146.616394,-3527.0,2012-01-27 23:24:00.000,2012-03-13 19:34:00.000000,EDH EL1 EL2 ELZ (200 Hz),200.0,pressure+seismometer,HTI_90_U Hydrophone OBSIP-SIO/ABALONES-4x4 | L28LB OBSIP-SIO Seismometer Differential/ABALONES-,EarthScope,fdsn,45
XF_2012,S03,XF,17.0495,146.781998,-3823.0,2012-01-28 00:47:00.000,2012-03-13 22:18:59.000000,EDH EL1 EL2 ELZ (200 Hz),200.0,pressure+seismometer,HTI_90_U Hydrophone OBSIP-SIO/ABALONES-4x4 | L28LB OBSIP-SIO Seismometer Differential/ABALONES-,EarthScope,fdsn,45
XF_2012,S04,XF,17.024099,146.951004,-4279.2,2012-01-28 01:32:00.000,2012-03-14 04:41:00.000000,EDH EL1 EL2 ELZ (200 Hz),200.0,pressure+seismometer,HTI_90_U Hydrophone OBSIP-SIO/ABALONES-4x4 | L28LB OBSIP-SIO Seismometer Differential/ABALONES-,EarthScope,fdsn,46
XF_2012,S05,XF,16.9848,147.170105,-3227.7,2012-01-28 02:47:00.000,2012-03-15 00:40:58.000000,EDH EL1 EL2 ELZ (200 Hz),200.0,pressure+seismometer,HTI_90_U Hydrophone OBSIP-SIO/ABALONES-4x4 | L28LB OBSIP-SIO Seismometer Differential/ABALONES-,EarthScope,fdsn,46
XF_2012,S06,XF,16.966299,147.324799,-4485.0,2012-01-28 03:18:00.000,2012-03-15 03:36:59.000000,EDH EL1 EL2 ELZ (200 Hz),200.0,pressure+seismometer,HTI_90_U Hydrophone OBSIP-SIO/ABALONES-4x4 | L28LB OBSIP-SIO Seismometer Differential/ABALONES-,EarthScope,fdsn,47
XF_2012,S07,XF,16.9333,147.5,-5004.1,2012-01-27 00:00:00.000,2012-03-14 23:59:59.000000,EDH (200 Hz); LDH (1 Hz),200.0,pressure,HTI-90-U Hydrophone;/Quanterra Q330 Linear Phase B,EarthScope,fdsn,47
XF_2012,S08,XF,16.9079,147.693405,-5000.0,2012-01-28 09:05:15.000,2013-01-22 06:50:26.000000,EDH HDH (125 Hz),125.0,pressure,LDEO DPG/LDEO_new dummy at 40/125/100 | LDEO HTI90U/LDEO_new dummy at 40/125/100,EarthScope,fdsn,359
XF_2012,S09,XF,16.866699,147.883301,-5006.7,2012-01-27 00:00:00.000,2012-03-05 23:59:59.000000,EDH (200 Hz); LDH (1 Hz),200.0,pressure,HTI-90-U Hydrophone;/Quanterra Q330 Linear Phase B,EarthScope,fdsn,38
XF_2012,S10,XF,16.848801,148.065094,-5000.0,2012-01-28 17:27:20.000,2013-01-22 15:12:31.000000,EDH HDH (125 Hz),125.0,pressure,LDEO DPG/LDEO_new dummy at 40/125/100 | LDEO HTI90U/LDEO_new dummy at 40/125/100,EarthScope,fdsn,359
XF_2012,S11,XF,16.8167,148.25,-4983.5,2012-01-27 00:00:00.000,2012-03-05 23:59:59.000000,EDH (200 Hz); LDH (1 Hz),200.0,pressure,HTI-90-U Hydrophone;/Quanterra Q330 Linear Phase B,EarthScope,fdsn,38
XF_2012,S12,XF,16.7833,148.433304,-5022.4,2012-01-27 00:00:00.000,2012-03-05 23:59:59.000000,EDH (200 Hz); LDH (1 Hz),200.0,pressure,HTI-90-U Hydrophone;/Quanterra Q330 Linear Phase B,EarthScope,fdsn,38
XF_2012,S14,XF,16.7297,148.805405,-5312.7,2012-01-29 02:54:00.000,2012-03-07 05:34:59.000000,EDH EL1 EL2 ELZ (200 Hz),200.0,pressure+seismometer,HTI_90_U Hydrophone OBSIP-SIO/ABALONES-4x4 | L28LB OBSIP-SIO Seismometer Differential/ABALONES-,EarthScope,fdsn,38
XF_2012,S15,XF,16.6989,148.990601,-5161.0,2012-01-29 03:45:00.000,2012-03-07 09:18:59.000000,EDH EL1 EL2 ELZ (200 Hz),200.0,pressure+seismometer,HTI_90_U Hydrophone OBSIP-SIO/ABALONES-4x4 | L28LB OBSIP-SIO Seismometer Differential/ABALONES-,EarthScope,fdsn,38
XF_2012,S16,XF,16.65,149.166702,-5109.7,2012-01-27 00:00:00.000,2012-03-07 23:59:59.000000,EDH EL1 EL2 ELZ (200 Hz); LDH LL1 LL2 LLZ (1 Hz),200.0,pressure+seismometer,Geospace GS-11D/Quanterra Q330 Linear Phase Below | HTI-90-U Hydrophone;/Quanterra Q330 Linear Phase B,EarthScope,fdsn,40
XF_2012,S17,XF,16.633301,149.350006,-5298.0,2012-01-27 00:00:00.000,2012-03-07 23:59:59.000000,EDH EL1 EL2 ELZ (200 Hz); LDH LL1 LL2 LLZ (1 Hz),200.0,pressure+seismometer,Geospace GS-11D/Quanterra Q330 Linear Phase Below | HTI-90-U Hydrophone;/Quanterra Q330 Linear Phase B,EarthScope,fdsn,40
XF_2012,S18,XF,16.6,149.533295,-5006.2,2012-01-27 00:00:00.000,2012-03-07 23:59:59.000000,EDH (200 Hz); LDH (1 Hz),200.0,pressure,HTI-90-U Hydrophone;/Quanterra Q330 Linear Phase B,EarthScope,fdsn,40
XF_2012,S19,XF,16.5667,149.716705,-5034.7,2012-01-28 00:00:00.000,2012-03-07 23:59:59.000000,EDH (200 Hz); LDH (1 Hz),200.0,pressure,HTI-90-U Hydrophone;/Quanterra Q330 Linear Phase B,EarthScope,fdsn,39
XF_2012,W01,XF,18.383301,146.916702,-3808.0,2012-02-02 00:00:00.000,2012-03-11 23:59:59.000000,EDH EL1 EL2 ELZ (200 Hz); LDH LL1 LL2 LLZ (1 Hz),200.0,pressure+seismometer,Geospace GS-11D/Quanterra Q330 Linear Phase Below | HTI-90-U Hydrophone;/Quanterra Q330 Linear Phase B,EarthScope,fdsn,38
XF_2012,W02,XF,18.2167,146.916702,-3577.9,2012-02-02 00:00:00.000,2012-03-11 23:59:59.000000,EDH EL1 EL2 ELZ (200 Hz); LDH LL1 LL2 LLZ (1 Hz),200.0,pressure+seismometer,Geospace GS-11D/Quanterra Q330 Linear Phase Below | HTI-90-U Hydrophone;/Quanterra Q330 Linear Phase B,EarthScope,fdsn,38
XF_2012,W02A,XF,18.2202,146.9263,-3560.0,2012-02-04 05:58:00.000,2012-03-12 17:37:59.000000,EDH EL1 EL2 ELZ (200 Hz),200.0,pressure+seismometer,HTI_90_U Hydrophone OBSIP-SIO/ABALONES-4x4 | L28LB OBSIP-SIO Seismometer Differential/ABALONES-,EarthScope,fdsn,37
XF_2012,W03,XF,18.040001,146.931,-3610.0,2012-02-04 06:14:00.000,2012-03-12 20:23:59.000000,EDH EL1 EL2 ELZ (200 Hz),200.0,pressure+seismometer,HTI_90_U Hydrophone OBSIP-SIO/ABALONES-4x4 | L28LB OBSIP-SIO Seismometer Differential/ABALONES-,EarthScope,fdsn,37
XF_2012,W05,XF,17.6833,146.933304,-3848.5,2012-01-30 00:00:00.000,2012-03-12 23:59:59.000000,EDH EL1 EL2 ELZ (200 Hz); LDH LL1 LL2 LLZ (1 Hz),200.0,pressure+seismometer,Geospace GS-11D/Quanterra Q330 Linear Phase Below | HTI-90-U Hydrophone;/Quanterra Q330 Linear Phase B,EarthScope,fdsn,42
XF_2012,W06,XF,17.525999,146.940994,-3978.0,2012-02-01 07:33:00.000,2012-03-14 13:41:00.000000,EDH EL1 EL2 ELZ (200 Hz),200.0,pressure+seismometer,HTI_90_U Hydrophone OBSIP-SIO/ABALONES-4x4 | L28LB OBSIP-SIO Seismometer Differential/ABALONES-,EarthScope,fdsn,42
XF_2012,W07,XF,17.3645,146.944504,-3935.0,2012-02-01 05:48:00.000,2012-03-14 10:44:59.000000,EDH EL1 EL2 ELZ (200 Hz),200.0,pressure+seismometer,HTI_90_U Hydrophone OBSIP-SIO/ABALONES-4x4 | L28LB OBSIP-SIO Seismometer Differential/ABALONES-,EarthScope,fdsn,42
XF_2012,W08,XF,17.193899,146.9487,-4129.0,2012-02-01 01:16:00.000,2012-03-14 07:48:00.000000,EDH EL1 EL2 ELZ (200 Hz),200.0,pressure+seismometer,HTI_90_U Hydrophone OBSIP-SIO/ABALONES-4x4 | L28LB OBSIP-SIO Seismometer Differential/ABALONES-,EarthScope,fdsn,42
XF_2012,W10,XF,16.8333,146.949997,-4121.7,2012-01-26 00:00:00.000,2012-03-13 23:59:59.000000,EDH EL1 EL2 ELZ (200 Hz); LDH LL1 LL2 LLZ (1 Hz),200.0,pressure+seismometer,Geospace GS-11D/Quanterra Q330 Linear Phase Below | HTI-90-U Hydrophone;/Quanterra Q330 Linear Phase B,EarthScope,fdsn,47
XI_2003,CMP01,XI,26.142799,-44.8405,-3694.0,2003-10-30 19:25:39.000,2003-11-01 15:39:36.000000,BH1 BH2 BHZ (40 Hz),40.0,seismometer,LDEO OBS Sensor Mk2/LDEO_new dummy at 40/125,EarthScope,fdsn,1
XI_2003,D16,XI,26.127399,-44.830299,-3684.0,2003-06-25 00:00:00.000,2004-03-30 23:59:59.000000,EDH EL1 EL2 ELZ (100 Hz); LDH LL1 LL2 LLZ (1 Hz),100.0,pressure+seismometer,Geospace Technologies GS-11D/Quanterra Q330 Linear | HTI-90-U Hydrophone;/Quanterra Q330 Linear Phase B,EarthScope,fdsn,279
XI_2003,D17,XI,26.1441,-44.822498,-3601.0,2003-06-25 00:00:00.000,2004-03-30 23:59:59.000000,EDH EL1 EL2 ELZ (100 Hz); LDH LL1 LL2 LLZ (1 Hz),100.0,pressure+seismometer,Geospace Technologies GS-11D/Quanterra Q330 Linear | HTI-90-U Hydrophone;/Quanterra Q330 Linear Phase B,EarthScope,fdsn,279
XI_2003,D18,XI,26.1374,-44.827,-3661.0,2003-06-25 00:00:00.000,2004-03-30 23:59:59.000000,EDH EL1 EL2 ELZ (100 Hz); LDH LL1 LL2 LLZ (1 Hz),100.0,pressure+seismometer,Geospace Technologies GS-11D/Quanterra Q330 Linear | HTI-90-U Hydrophone;/Quanterra Q330 Linear Phase B,EarthScope,fdsn,279
XI_2003,D21,XI,26.132401,-44.817101,-3651.0,2003-06-25 00:00:00.000,2004-03-30 23:59:59.000000,EDH EL1 EL2 ELZ (100 Hz); LDH LL1 LL2 LLZ (1 Hz),100.0,pressure+seismometer,Geospace Technologies GS-11D/Quanterra Q330 Linear | HTI-90-U Hydrophone;/Quanterra Q330 Linear Phase B,EarthScope,fdsn,279
XI_2003,D29,XI,26.1378,-44.826099,-3650.0,2003-06-25 00:00:00.000,2004-03-30 23:59:59.000000,EDH EL1 EL2 ELZ (100 Hz); LDH LL1 LL2 LLZ (1 Hz),100.0,pressure+seismometer,Geospace Technologies GS-11D/Quanterra Q330 Linear | HTI-90-U Hydrophone;/Quanterra Q330 Linear Phase B,EarthScope,fdsn,279
XI_2003,D32,XI,26.1665,-44.811901,-3404.0,2003-06-25 00:00:00.000,2004-03-30 23:59:59.000000,EDH EL1 EL2 ELZ (100 Hz); LDH LL1 LL2 LLZ (1 Hz),100.0,pressure+seismometer,Geospace Technologies GS-11D/Quanterra Q330 Linear | HTI-90-U Hydrophone;/Quanterra Q330 Linear Phase B,EarthScope,fdsn,279
XI_2003,D35,XI,26.1364,-44.825298,-3646.0,2003-06-25 00:00:00.000,2004-03-30 23:59:59.000000,EDH EL1 EL2 ELZ (100 Hz); LDH LL1 LL2 LLZ (1 Hz),100.0,pressure+seismometer,Geospace Technologies GS-11D/Quanterra Q330 Linear | HTI-90-U Hydrophone;/Quanterra Q330 Linear Phase B,EarthScope,fdsn,279
XI_2003,D36,XI,26.120001,-44.786301,-2893.0,2003-06-25 00:00:00.000,2004-03-30 23:59:59.000000,EDH EL1 EL2 ELZ (100 Hz); LDH LL1 LL2 LLZ (1 Hz),100.0,pressure+seismometer,Geospace Technologies GS-11D/Quanterra Q330 Linear | HTI-90-U Hydrophone;/Quanterra Q330 Linear Phase B,EarthScope,fdsn,279
XI_2003,D41,XI,26.137501,-44.825199,-3650.0,2003-06-25 00:00:00.000,2004-03-30 23:59:59.000000,EDH EL1 EL2 ELZ (100 Hz); LDH LL1 LL2 LLZ (1 Hz),100.0,pressure+seismometer,Geospace Technologies GS-11D/Quanterra Q330 Linear | HTI-90-U Hydrophone;/Quanterra Q330 Linear Phase B,EarthScope,fdsn,279
XI_2003,D48,XI,26.1486,-44.858601,-3678.0,2003-06-25 00:00:00.000,2004-03-30 23:59:59.000000,EDH EL1 EL2 ELZ (100 Hz); LDH LL1 LL2 LLZ (1 Hz),100.0,pressure+seismometer,Geospace Technologies GS-11D/Quanterra Q330 Linear | HTI-90-U Hydrophone;/Quanterra Q330 Linear Phase B,EarthScope,fdsn,279
XI_2003,D55,XI,26.105801,-44.840599,-3956.0,2003-06-25 00:00:00.000,2004-03-30 23:59:59.000000,EDH EL1 EL2 ELZ (100 Hz); LDH LL1 LL2 LLZ (1 Hz),100.0,pressure+seismometer,Geospace Technologies GS-11D/Quanterra Q330 Linear | HTI-90-U Hydrophone;/Quanterra Q330 Linear Phase B,EarthScope,fdsn,279
XI_2003,D58,XI,26.136499,-44.826698,-3644.0,2003-06-25 00:00:00.000,2004-03-30 23:59:59.000000,EDH EL1 EL2 ELZ (100 Hz); LDH LL1 LL2 LLZ (1 Hz),100.0,pressure+seismometer,Geospace Technologies GS-11D/Quanterra Q330 Linear | HTI-90-U Hydrophone;/Quanterra Q330 Linear Phase B,EarthScope,fdsn,279
XI_2003,D62,XI,26.1401,-44.8354,-3675.0,2003-06-25 00:00:00.000,2004-03-30 23:59:59.000000,EDH EL1 EL2 ELZ (100 Hz); LDH LL1 LL2 LLZ (1 Hz),100.0,pressure+seismometer,Geospace Technologies GS-11D/Quanterra Q330 Linear | HTI-90-U Hydrophone;/Quanterra Q330 Linear Phase B,EarthScope,fdsn,279
XI_2003,OBS01,XI,25.953369,-44.91341,-4238.0,2003-10-30 19:31:39.000,2003-11-02 15:00:36.000000,HH1 HH2 HHZ (125 Hz),125.0,seismometer,LDEO OBS Sensor Mk2/LDEO_new dummy at 40/125,EarthScope,fdsn,2
XI_2003,OBS02,XI,25.9891,-44.894772,-4231.0,2003-10-30 19:31:42.000,2003-11-02 08:58:01.000000,HH1 HH2 HHZ (125 Hz),125.0,seismometer,LDEO OBS Sensor Mk2/LDEO_new dummy at 40/125,EarthScope,fdsn,2
XI_2003,OBS03,XI,26.02791,-44.877689,-4334.0,2003-10-30 19:31:31.000,2003-11-02 05:56:31.000000,HH1 HH2 HHZ (125 Hz),125.0,seismometer,LDEO OBS Sensor Mk2/LDEO_new dummy at 40/125,EarthScope,fdsn,2
XI_2003,OBS04,XI,26.067591,-44.8601,-4145.0,2003-10-30 19:31:26.000,2003-11-02 11:59:05.000000,HH1 HH2 HHZ (125 Hz),125.0,seismometer,LDEO OBS Sensor Mk2/LDEO_new dummy at 40/125,EarthScope,fdsn,2
XI_2003,OBS05,XI,26.20422,-44.792542,-3937.0,2003-10-30 19:31:26.000,2003-11-01 16:52:31.000000,HH1 HH2 HHZ (125 Hz),125.0,seismometer,LDEO OBS Sensor Mk2/LDEO_new dummy at 40/125,EarthScope,fdsn,1
XI_2003,OBS06,XI,26.243441,-44.773338,-2360.0,2003-10-30 19:31:26.000,2003-11-01 13:51:07.000000,HH1 HH2 HHZ (125 Hz),125.0,seismometer,LDEO OBS Sensor Mk2/LDEO_new dummy at 40/125,EarthScope,fdsn,1
XI_2003,OBS07,XI,26.281799,-44.755878,-4228.0,2003-10-30 19:31:26.000,2003-11-01 09:14:19.000000,HH1 HH2 HHZ (125 Hz),125.0,seismometer,LDEO OBS Sensor Mk2/LDEO_new dummy at 40/125,EarthScope,fdsn,1
XI_2003,OBS08,XI,26.31929,-44.737492,-4068.0,2003-10-30 19:31:26.000,2003-11-01 07:43:34.000000,HH1 HH2 HHZ (125 Hz),125.0,seismometer,LDEO OBS Sensor Mk2/LDEO_new dummy at 40/125,EarthScope,fdsn,1
XI_2003,OBS09,XI,26.163509,-44.894451,-3771.0,2003-10-31 08:04:20.000,2003-11-04 05:14:28.000000,HH1 HH2 HHZ (125 Hz),125.0,seismometer,LDEO OBS Sensor Mk2/LDEO_new dummy at 40/125,EarthScope,fdsn,3
XI_2003,OBS10,XI,26.177971,-44.930389,-2929.0,2003-10-31 08:04:19.000,2003-11-04 06:45:07.000000,HH1 HH2 HHZ (125 Hz),125.0,seismometer,LDEO OBS Sensor Mk2/LDEO_new dummy at 40/125,EarthScope,fdsn,3
XI_2003,OBS12,XI,26.03269,-44.911949,-4232.0,2003-10-31 08:04:19.000,2003-11-03 21:15:35.000000,HH1 HH2 HHZ (125 Hz),125.0,seismometer,LDEO OBS Sensor Mk2/LDEO_new dummy at 40/125,EarthScope,fdsn,3
XI_2003,OBS14,XI,26.10928,-44.876808,-4199.0,2003-10-31 08:04:19.000,2003-11-04 01:48:14.000000,HH1 HH2 HHZ (125 Hz),125.0,seismometer,LDEO OBS Sensor Mk2/LDEO_new dummy at 40/125,EarthScope,fdsn,3
XI_2003,OBS15,XI,26.188551,-44.837669,-3712.0,2003-10-31 08:04:19.000,2003-11-04 07:50:08.000000,HH1 HH2 HHZ (125 Hz),125.0,seismometer,LDEO OBS Sensor Mk2/LDEO_new dummy at 40/125,EarthScope,fdsn,3
XI_2003,OBS16,XI,26.225889,-44.819969,-3693.0,2003-10-31 08:04:19.000,2003-11-04 08:46:47.000000,HH1 HH2 HHZ (125 Hz),125.0,seismometer,LDEO OBS Sensor Mk2/LDEO_new dummy at 40/125,EarthScope,fdsn,4
XI_2003,OBS17,XI,26.264151,-44.800228,-3870.0,2003-10-31 08:04:19.000,2003-11-04 11:16:56.000000,HH1 HH2 HHZ (125 Hz),125.0,seismometer,LDEO OBS Sensor Mk2/LDEO_new dummy at 40/125,EarthScope,fdsn,4
XJ_2011,OBS01,XJ,28.8582,-88.490799,-881.0,2011-04-03 00:00:00.000,2011-04-07 23:59:59.000000,EDH EL1 EL2 ELZ (200 Hz); LDH LL1 LL2 LLZ (1 Hz),200.0,pressure+seismometer,Geospace GS-11D/Quanterra Q330 Linear Phase Below | HTI-90-U Hydrophone;/Quanterra Q330 Linear Phase B,EarthScope,fdsn,4
XJ_2011,OBS02,XJ,28.8578,-88.490799,-882.0,2011-04-03 00:00:00.000,2011-04-07 23:59:59.000000,EDH EL1 EL2 ELZ (200 Hz); LDH LL1 LL2 LLZ (1 Hz),200.0,pressure+seismometer,Geospace GS-11D/Quanterra Q330 Linear Phase Below | HTI-90-U Hydrophone;/Quanterra Q330 Linear Phase B,EarthScope,fdsn,4
XJ_2011,OBS03,XJ,28.8577,-88.490898,-880.0,2011-04-03 00:00:00.000,2011-04-07 23:59:59.000000,EDH EL1 EL2 ELZ (200 Hz); LDH LL1 LL2 LLZ (1 Hz),200.0,pressure+seismometer,Geospace GS-11D/Quanterra Q330 Linear Phase Below | HTI-90-U Hydrophone;/Quanterra Q330 Linear Phase B,EarthScope,fdsn,4
XJ_2011,OBS04,XJ,28.857401,-88.490997,-882.0,2011-04-03 00:00:00.000,2011-04-08 23:59:59.000000,EDH EL1 EL2 ELZ (200 Hz); LDH LL1 LL2 LLZ (1 Hz),200.0,pressure+seismometer,Geospace GS-11D/Quanterra Q330 Linear Phase Below | HTI-90-U Hydrophone;/Quanterra Q330 Linear Phase B,EarthScope,fdsn,5
XJ_2011,OBS05,XJ,28.857201,-88.490898,-883.0,2011-04-03 00:00:00.000,2011-04-08 23:59:59.000000,EDH EL1 EL2 ELZ (200 Hz); LDH LL1 LL2 LLZ (1 Hz),200.0,pressure+seismometer,Geospace GS-11D/Quanterra Q330 Linear Phase Below | HTI-90-U Hydrophone;/Quanterra Q330 Linear Phase B,EarthScope,fdsn,5
XJ_2011,OBS06,XJ,28.857,-88.490997,-884.0,2011-04-03 00:00:00.000,2011-04-08 23:59:59.000000,EDH EL1 EL2 ELZ (200 Hz); LDH LL1 LL2 LLZ (1 Hz),200.0,pressure+seismometer,Geospace GS-11D/Quanterra Q330 Linear Phase Below | HTI-90-U Hydrophone;/Quanterra Q330 Linear Phase B,EarthScope,fdsn,5
XJ_2011,OBS07,XJ,28.856701,-88.490898,-885.0,2011-04-03 00:00:00.000,2011-04-08 23:59:59.000000,EDH EL1 EL2 ELZ (200 Hz); LDH LL1 LL2 LLZ (1 Hz),200.0,pressure+seismometer,Geospace GS-11D/Quanterra Q330 Linear Phase Below | HTI-90-U Hydrophone;/Quanterra Q330 Linear Phase B,EarthScope,fdsn,5
XJ_2011,OBS08,XJ,28.8566,-88.490898,-885.0,2011-04-03 00:00:00.000,2011-04-08 23:59:59.000000,EDH EL1 EL2 ELZ (200 Hz); LDH LL1 LL2 LLZ (1 Hz),200.0,pressure+seismometer,Geospace GS-11D/Quanterra Q330 Linear Phase Below | HTI-90-U Hydrophone;/Quanterra Q330 Linear Phase B,EarthScope,fdsn,5
XJ_2011,OBS09,XJ,28.8563,-88.490898,-887.0,2011-04-03 00:00:00.000,2011-04-08 23:59:59.000000,EDH EL1 EL2 ELZ (200 Hz); LDH LL1 LL2 LLZ (1 Hz),200.0,pressure+seismometer,Geospace GS-11D/Quanterra Q330 Linear Phase Below | HTI-90-U Hydrophone;/Quanterra Q330 Linear Phase B,EarthScope,fdsn,5
XJ_2011,OBS10,XJ,28.8561,-88.490898,-885.0,2011-04-03 00:00:00.000,2011-04-08 23:59:59.000000,EDH EL1 EL2 ELZ (200 Hz); LDH LL1 LL2 LLZ (1 Hz),200.0,pressure+seismometer,Geospace GS-11D/Quanterra Q330 Linear Phase Below | HTI-90-U Hydrophone;/Quanterra Q330 Linear Phase B,EarthScope,fdsn,5
XJ_2011,OBS11,XJ,28.855801,-88.490898,-884.0,2011-04-03 00:00:00.000,2011-04-08 23:59:59.000000,EDH EL1 EL2 ELZ (200 Hz); LDH LL1 LL2 LLZ (1 Hz),200.0,pressure+seismometer,Geospace GS-11D/Quanterra Q330 Linear Phase Below | HTI-90-U Hydrophone;/Quanterra Q330 Linear Phase B,EarthScope,fdsn,5
XJ_2011,OBS12,XJ,28.851299,-88.490799,-887.0,2011-04-03 00:00:00.000,2011-04-08 23:59:59.000000,EDH EL1 EL2 ELZ (200 Hz); LDH LL1 LL2 LLZ (1 Hz),200.0,pressure+seismometer,Geospace GS-11D/Quanterra Q330 Linear Phase Below | HTI-90-U Hydrophone;/Quanterra Q330 Linear Phase B,EarthScope,fdsn,5
XJ_2011,OBS13,XJ,28.8468,-88.4907,-910.0,2011-04-03 00:00:00.000,2011-04-08 23:59:59.000000,EDH EL1 EL2 ELZ (200 Hz); LDH LL1 LL2 LLZ (1 Hz),200.0,pressure+seismometer,Geospace GS-11D/Quanterra Q330 Linear Phase Below | HTI-90-U Hydrophone;/Quanterra Q330 Linear Phase B,EarthScope,fdsn,5
XJ_2011,OBS14,XJ,28.8627,-88.490898,-870.0,2011-04-03 00:00:00.000,2011-04-07 23:59:59.000000,EDH EL1 EL2 ELZ (200 Hz); LDH LL1 LL2 LLZ (1 Hz),200.0,pressure+seismometer,Geospace GS-11D/Quanterra Q330 Linear Phase Below | HTI-90-U Hydrophone;/Quanterra Q330 Linear Phase B,EarthScope,fdsn,4
XJ_2011,OBS15,XJ,28.867201,-88.491096,-863.0,2011-04-03 00:00:00.000,2011-04-07 23:59:59.000000,EDH EL1 EL2 ELZ (200 Hz); LDH LL1 LL2 LLZ (1 Hz),200.0,pressure+seismometer,Geospace GS-11D/Quanterra Q330 Linear Phase Below | HTI-90-U Hydrophone;/Quanterra Q330 Linear Phase B,EarthScope,fdsn,4
XM_1998,OSN1,XM,19.3424,-159.093796,-4400.0,1998-02-03 00:00:00.000,1998-06-14 23:59:59.000000,BH1 BH2 BHZ (20 Hz),20.0,seismometer,ks54000:RT72A-07,EarthScope,fdsn,131
XM_1998,OSN1B,XM,19.3424,-159.093796,-4150.0,1998-02-03 00:00:00.000,1998-06-14 23:59:59.000000,BDU BH1 BH2 BHZ (20 Hz),20.0,pressure+seismometer,DPG_1B:RT72A-07 | cmg3t_120_vel:RT72A-07,EarthScope,fdsn,131
XM_1998,OSN1S,XM,19.3424,-159.093796,-4150.0,1998-02-03 00:00:00.000,1998-06-14 23:59:59.000000,BDU BH1 BH2 BHZ (20 Hz),20.0,pressure+seismometer,DPG_1S:RT72A-07 | cmg3t_120_vel:RT72A-07,EarthScope,fdsn,131
XO_2018,LA21,XO,54.3691,-155.0735,-5113.0,2018-05-22 00:00:00.000,2019-08-26 23:59:59.999000,HDH (125 Hz); EDH HH1 HH2 HHZ (100 Hz),125.0,pressure+seismometer,LDEO HTI90U/LDEO OBS 2011 logger | Nanometrics Trillium Compact Response/LDEO OBS 201 | Parosci APG Pressure/LDEO_APG_logger,EarthScope,fdsn,461
XO_2018,LA22,XO,55.2576,-155.153,-2130.0,2018-05-23 00:00:00.000,2019-08-27 23:59:59.999000,HDH (125 Hz); EDH (100 Hz),125.0,pressure,LDEO HTI90U/LDEO OBS 2011 logger | Parosci APG Pressure/LDEO_APG_logger,EarthScope,fdsn,461
XO_2018,LA23,XO,54.9163,-155.2376,-3977.0,2018-05-23 00:00:00.000,2019-08-26 23:59:59.999000,HDH (125 Hz); EDH HH1 HH2 HHZ (100 Hz),125.0,pressure+seismometer,LDEO HTI90U/LDEO OBS 2011 logger | Nanometrics Trillium Compact Response/LDEO OBS 201 | Parosci APG Pressure/LDEO_APG_logger,EarthScope,fdsn,460
XO_2018,LA25,XO,54.8901,-155.9408,-2622.0,2018-05-14 00:00:00.000,2019-08-20 23:59:59.999000,HDH (125 Hz); EDH HH1 HH2 HHZ (100 Hz),125.0,pressure+seismometer,LDEO HTI90U/LDEO OBS 2011 logger | Nanometrics Trillium Compact Response/LDEO OBS 201 | Parosci APG Pressure/LDEO_APG_logger,EarthScope,fdsn,463
XO_2018,LA26,XO,54.5129,-156.2561,-5103.0,2018-05-22 00:00:00.000,2019-08-20 23:59:59.999000,HDH (125 Hz); EDH HH1 HH2 HHZ (100 Hz),125.0,pressure+seismometer,LDEO HTI90U/LDEO OBS 2011 logger | Nanometrics Trillium Compact Response/LDEO OBS 201 | Parosci APG Pressure/LDEO_APG_logger,EarthScope,fdsn,455
XO_2018,LA28,XO,54.8983,-156.603,-1852.0,2018-05-14 00:00:00.000,2019-08-20 23:59:59.999000,HDH (125 Hz); EDH HH1 HH2 HHZ (100 Hz),125.0,pressure+seismometer,LDEO HTI90U/LDEO OBS 2011 logger | Nanometrics Trillium Compact Response/LDEO OBS 201 | Parosci APG Pressure/LDEO_APG_logger,EarthScope,fdsn,463
XO_2018,LA29,XO,54.2918,-157.3705,-4408.0,2018-05-21 00:00:00.000,2019-08-26 23:59:59.999000,HDH (125 Hz); EDH HH1 HH2 HHZ (100 Hz),125.0,pressure+seismometer,LDEO HTI90U/LDEO OBS 2011 logger | Nanometrics Trillium Compact Response/LDEO OBS 201 | Parosci APG Pressure/LDEO_APG_logger,EarthScope,fdsn,462
XO_2018,LA30,XO,54.6727,-157.4203,-1564.0,2018-05-14 00:00:00.000,2019-08-21 23:59:59.999000,HDH (125 Hz); EDH HH1 HH2 HHZ (100 Hz),125.0,pressure+seismometer,LDEO HTI90U/LDEO OBS 2011 logger | Nanometrics Trillium Compact Response/LDEO OBS 201 | Parosci APG Pressure/LDEO_APG_logger,EarthScope,fdsn,464
XO_2018,LA32,XO,54.4982,-157.8522,-1595.0,2018-05-15 00:00:00.000,2019-08-21 23:59:59.999000,HDH (125 Hz); EDH HH1 HH2 HHZ (100 Hz),125.0,pressure+seismometer,LDEO HTI90U/LDEO OBS 2011 logger | Nanometrics Trillium Compact Response/LDEO OBS 201 | Parosci APG Pressure/LDEO_APG_logger,EarthScope,fdsn,463
XO_2018,LA33,XO,54.1528,-158.1143,-4478.0,2018-05-21 00:00:00.000,2019-08-25 23:59:59.999000,HDH (125 Hz); EDH HH1 HH2 HHZ (100 Hz),125.0,pressure+seismometer,LDEO HTI90U/LDEO OBS 2011 logger | Nanometrics Trillium Compact Response/LDEO OBS 201 | Parosci APG Pressure/LDEO_APG_logger,EarthScope,fdsn,461
XO_2018,LA34,XO,54.0449,-158.5881,-4612.0,2018-05-20 00:00:00.000,2019-08-25 23:59:59.999000,HDH (125 Hz); EDH HH1 HH2 HHZ (100 Hz),125.0,pressure+seismometer,LDEO HTI90U/LDEO OBS 2011 logger | Nanometrics Trillium Compact Response/LDEO OBS 201 | Parosci APG Pressure/LDEO_APG_logger,EarthScope,fdsn,462
XO_2018,LA39,XO,56.8827,-151.0011,-1628.0,2018-05-27 00:00:00.000,2019-08-11 23:59:59.999000,HDH (125 Hz); EDH HH1 HH2 HHZ (100 Hz),125.0,pressure+seismometer,LDEO HTI90U/LDEO OBS 2011 logger | Nanometrics Trillium Compact Response/LDEO OBS 201 | Parosci APG Pressure/LDEO_APG_logger,EarthScope,fdsn,441
XO_2018,LD35,XO,54.2495,-158.872,-1993.0,2018-05-16 00:00:00.000,2019-08-25 23:59:59.999000,HDH HH1 HH2 HHZ (100 Hz),100.0,pressure+seismometer,LDEO DPG/LDEO OBS 2011 logger | Nanometrics Trillium Compact Response/LDEO OBS 201,EarthScope,fdsn,466
XO_2018,LD36,XO,55.2524,-155.7525,-935.0,2018-05-14 00:00:00.000,2019-08-20 23:59:59.999000,HDH HH1 HH2 HHZ (100 Hz),100.0,pressure+seismometer,LDEO DPG/LDEO OBS 2011 logger | Nanometrics Trillium Compact Response/LDEO OBS 201,EarthScope,fdsn,463
XO_2018,LD37,XO,55.6764,-151.1005,-4826.0,2018-05-25 00:00:00.000,2019-08-28 23:59:59.999000,HDH HH1 HH2 HHZ (100 Hz),100.0,pressure+seismometer,LDEO DPG/LDEO OBS 2011 logger | Nanometrics Trillium Compact Response/LDEO OBS 201,EarthScope,fdsn,460
XO_2018,LD38,XO,55.1649,-151.6756,-4043.0,2018-05-25 00:00:00.000,2019-08-28 23:59:59.999000,HDH HH1 HH2 HHZ (100 Hz),100.0,pressure+seismometer,LDEO DPG/LDEO OBS 2011 logger | Nanometrics Trillium Compact Response/LDEO OBS 201,EarthScope,fdsn,460
XO_2018,LD40,XO,56.3037,-152.4102,-1055.0,2018-05-25 00:00:00.000,2019-08-13 23:59:59.999000,HDH HH1 HH2 HHZ (100 Hz),100.0,pressure+seismometer,LDEO DPG/LDEO OBS 2011 logger | Nanometrics Trillium Compact Response/LDEO OBS 201,EarthScope,fdsn,445
XO_2018,LD41,XO,54.5219,-153.4074,-4284.0,2018-05-23 00:00:00.000,2019-08-27 23:59:59.999000,HDH HH1 HH2 HHZ (100 Hz),100.0,pressure+seismometer,LDEO DPG/LDEO OBS 2011 logger | Nanometrics Trillium Compact Response/LDEO OBS 201,EarthScope,fdsn,461
XO_2018,LD44,XO,53.8302,-159.7736,-4675.0,2018-05-20 00:00:00.000,2019-08-24 23:59:59.999000,HDH HH1 HH2 HHZ (100 Hz),100.0,pressure+seismometer,LDEO DPG/LDEO OBS 2011 logger | Nanometrics Trillium Compact Response/LDEO OBS 201,EarthScope,fdsn,461
XO_2018,LD45,XO,54.1025,-159.8829,-2019.0,2018-05-20 00:00:00.000,2019-08-24 23:59:59.999000,HDH HH1 HH2 HHZ (100 Hz),100.0,pressure+seismometer,LDEO DPG/LDEO OBS 2011 logger | Nanometrics Trillium Compact Response/LDEO OBS 201,EarthScope,fdsn,461
XO_2018,LT01,XO,56.7756,-152.5228,-156.0,2018-05-24 00:00:00.000,2019-08-14 23:59:59.999000,HDH (125 Hz); EDH HH1 HH2 HHZ (100 Hz),125.0,pressure+seismometer,LDEO HTI90U/LDEO OBS 2011 logger | Nanometrics Trillium Compact Response/LDEO OBS 201 | Parosci APG Pressure/LDEO_APG_logger,EarthScope,fdsn,447
XO_2018,LT02,XO,56.6932,-153.2611,-152.0,2018-05-24 00:00:00.000,2019-08-28 23:59:59.999000,HDH (125 Hz); EDH HH1 HH2 HHZ (100 Hz),125.0,pressure+seismometer,LDEO HTI90U/LDEO OBS 2011 logger | Nanometrics Trillium Compact Response/LDEO OBS 201 | Parosci APG Pressure/LDEO_APG_logger,EarthScope,fdsn,461
XO_2018,LT03,XO,57.8668,-154.1665,-202.0,2018-05-10 00:00:00.000,2019-08-15 23:59:59.999000,HDH (125 Hz); EDH HH1 HH2 HHZ (100 Hz),125.0,pressure+seismometer,LDEO HTI90U/LDEO OBS 2011 logger | Nanometrics Trillium Compact Response/LDEO OBS 201 | Parosci APG Pressure/LDEO_APG_logger,EarthScope,fdsn,462
XO_2018,LT04,XO,56.1118,-154.4446,-157.0,2018-05-24 00:00:00.000,2019-08-14 23:59:59.999000,HDH (125 Hz); EDH HH1 HH2 HHZ (100 Hz),125.0,pressure+seismometer,LDEO HTI90U/LDEO OBS 2011 logger | Nanometrics Trillium Compact Response/LDEO OBS 201 | Parosci APG Pressure/LDEO_APG_logger,EarthScope,fdsn,447
XO_2018,LT05,XO,56.823,-155.3469,-236.0,2018-05-11 00:00:00.000,2019-08-15 23:59:59.999000,HDH (125 Hz); EDH HH1 HH2 HHZ (100 Hz),125.0,pressure+seismometer,LDEO HTI90U/LDEO OBS 2011 logger | Nanometrics Trillium Compact Response/LDEO OBS 201 | Parosci APG Pressure/LDEO_APG_logger,EarthScope,fdsn,461
XO_2018,LT06,XO,56.2167,-155.9979,-225.0,2018-05-12 00:00:00.000,2019-08-17 23:59:59.999000,HDH (125 Hz); EDH HH1 HH2 HHZ (100 Hz),125.0,pressure+seismometer,LDEO HTI90U/LDEO OBS 2011 logger | Nanometrics Trillium Compact Response/LDEO OBS 201 | Parosci APG Pressure/LDEO_APG_logger,EarthScope,fdsn,462
XO_2018,LT07,XO,56.6712,-156.1199,-262.0,2018-05-11 00:00:00.000,2019-08-15 23:59:59.999000,HDH (125 Hz); EDH HH1 HH2 HHZ (100 Hz),125.0,pressure+seismometer,LDEO HTI90U/LDEO OBS 2011 logger | Nanometrics Trillium Compact Response/LDEO OBS 201 | Parosci APG Pressure/LDEO_APG_logger,EarthScope,fdsn,461
XO_2018,LT08,XO,55.5883,-156.5975,-246.0,2018-05-13 00:00:00.000,2019-08-28 23:59:59.999000,HDH (125 Hz); EDH HH1 HH2 HHZ (100 Hz),125.0,pressure+seismometer,LDEO HTI90U/LDEO OBS 2011 logger | Nanometrics Trillium Compact Response/LDEO OBS 201 | Parosci APG Pressure/LDEO_APG_logger,EarthScope,fdsn,472
XO_2018,LT09,XO,55.1215,-157.1389,-151.0,2018-05-14 00:00:00.000,2019-08-19 23:59:59.999000,HDH (125 Hz); EDH HH1 HH2 HHZ (100 Hz),125.0,pressure+seismometer,LDEO HTI90U/LDEO OBS 2011 logger | Nanometrics Trillium Compact Response/LDEO OBS 201 | Parosci APG Pressure/LDEO_APG_logger,EarthScope,fdsn,462
XO_2018,LT10,XO,55.6251,-157.3251,-98.0,2018-05-13 00:00:00.000,2019-08-18 23:59:59.999000,HDH (125 Hz); EDH HH1 HH2 HHZ (100 Hz),125.0,pressure+seismometer,LDEO HTI90U/LDEO OBS 2011 logger | Nanometrics Trillium Compact Response/LDEO OBS 201 | Parosci APG Pressure/LDEO_APG_logger,EarthScope,fdsn,462
XO_2018,LT11,XO,56.1202,-157.3355,-162.0,2018-05-12 00:00:00.000,2019-08-28 23:59:59.999000,HDH (125 Hz); EDH HH1 HH2 HHZ (100 Hz),125.0,pressure+seismometer,LDEO HTI90U/LDEO OBS 2011 logger | Nanometrics Trillium Compact Response/LDEO OBS 201 | Parosci APG Pressure/LDEO_APG_logger,EarthScope,fdsn,473
XO_2018,LT12,XO,55.207,-157.778,-83.0,2018-05-13 00:00:00.000,2019-08-19 23:59:59.999000,HDH (125 Hz); EDH HH1 HH2 HHZ (100 Hz),125.0,pressure+seismometer,LDEO HTI90U/LDEO OBS 2011 logger | Nanometrics Trillium Compact Response/LDEO OBS 201 | Parosci APG Pressure/LDEO_APG_logger,EarthScope,fdsn,463
XO_2018,LT13,XO,54.8439,-158.3466,-203.0,2018-05-15 00:00:00.000,2019-08-22 23:59:59.999000,HDH (125 Hz); EDH HH1 HH2 HHZ (100 Hz),125.0,pressure+seismometer,LDEO HTI90U/LDEO OBS 2011 logger | Nanometrics Trillium Compact Response/LDEO OBS 201 | Parosci APG Pressure/LDEO_APG_logger,EarthScope,fdsn,464
XO_2018,LT14,XO,55.6998,-158.0302,-125.0,2018-05-12 00:00:00.000,2019-08-18 23:59:59.999000,HDH (125 Hz); EDH HH1 HH2 HHZ (100 Hz),125.0,pressure+seismometer,LDEO HTI90U/LDEO OBS 2011 logger | Nanometrics Trillium Compact Response/LDEO OBS 201 | Parosci APG Pressure/LDEO_APG_logger,EarthScope,fdsn,463
XO_2018,LT15,XO,55.2002,-158.3598,-167.0,2018-05-12 00:00:00.000,2019-08-21 23:59:59.999000,HDH (125 Hz); EDH HH1 HH2 HHZ (100 Hz),125.0,pressure+seismometer,LDEO HTI90U/LDEO OBS 2011 logger | Nanometrics Trillium Compact Response/LDEO OBS 201 | Parosci APG Pressure/LDEO_APG_logger,EarthScope,fdsn,466
XO_2018,LT16,XO,55.4916,-158.6013,-125.0,2018-05-12 00:00:00.000,2019-08-22 23:59:59.999000,HDH (125 Hz); EDH HH1 HH2 HHZ (100 Hz),125.0,pressure+seismometer,LDEO HTI90U/LDEO OBS 2011 logger | Nanometrics Trillium Compact Response/LDEO OBS 201 | Parosci APG Pressure/LDEO_APG_logger,EarthScope,fdsn,467
XO_2018,LT17,XO,54.5677,-160.2016,-114.0,2018-05-16 00:00:00.000,2019-08-23 23:59:59.999000,EDH HH1 HH2 HHZ (100 Hz),100.0,pressure+seismometer,LDEO HTI90U/LDEO OBS 2011 logger | Nanometrics Trillium Compact Response/LDEO OBS 201,EarthScope,fdsn,464
XO_2018,LT18,XO,54.74,-160.5814,-115.0,2018-05-17 00:00:00.000,2019-08-23 23:59:59.999000,EDH HH1 HH2 HHZ (100 Hz),100.0,pressure+seismometer,LDEO HTI90U/LDEO OBS 2011 logger | Nanometrics Trillium Compact Response/LDEO OBS 201,EarthScope,fdsn,463
XO_2018,LT20,XO,54.8002,-161.3746,-150.0,2018-05-16 00:00:00.000,2019-08-22 23:59:59.999000,HDH (125 Hz); EDH HH1 HH2 HHZ (100 Hz),125.0,pressure+seismometer,LDEO HTI90U/LDEO OBS 2011 logger | Nanometrics Trillium Compact Response/LDEO OBS 201 | Parosci APG Pressure/LDEO_APG_logger,EarthScope,fdsn,463
XO_2018,WD46,XO,55.521393,-149.703732,-4349.0,2018-07-12 00:00:00.000,2019-09-11 23:59:59.000000,HDH HH1 HH2 HHZ (100 Hz); LDH LH1 LH2 LHZ (1 Hz); VPB (0.1 Hz),100.0,pressure+seismometer,Guralp CMG3T_120sec WHOI OBSIP/Quanterra Q330 Line | Quanterra Q330 Linear Phase Composite | SIO Differential Pressure Gauge/Quanterra Q330 Lin,EarthScope,fdsn,426
XO_2018,WD47,XO,54.951352,-150.444792,-3999.0,2018-07-13 00:00:00.000,2019-09-11 23:59:59.000000,HDH HH1 HH2 HHZ (100 Hz); LDH LH1 LH2 LHZ (1 Hz); VPB (0.1 Hz),100.0,pressure+seismometer,Guralp CMG3T_120sec WHOI OBSIP/Quanterra Q330 Line | Quanterra Q330 Linear Phase Composite | SIO Differential Pressure Gauge/Quanterra Q330 Lin,EarthScope,fdsn,425
XO_2018,WD48,XO,56.627365,-151.731343,-1324.0,2018-07-21 00:00:00.000,2019-09-04 23:59:59.000000,HDH HH1 HH2 HHZ (100 Hz); LDH LH1 LH2 LHZ (1 Hz); VPB (0.1 Hz),100.0,pressure+seismometer,Guralp CMG3T_120sec WHOI OBSIP/Quanterra Q330 Line | Quanterra Q330 Linear Phase Composite | SIO Differential Pressure Gauge/Quanterra Q330 Lin,EarthScope,fdsn,410
XO_2018,WD49,XO,54.399083,-151.89947,-4091.0,2018-07-13 00:00:00.000,2019-09-11 23:59:59.000000,HDH HH1 HH2 HHZ (100 Hz); LDH LH1 LH2 LHZ (1 Hz); VPB (0.1 Hz),100.0,pressure+seismometer,Guralp CMG3T_120sec WHOI OBSIP/Quanterra Q330 Line | Quanterra Q330 Linear Phase Composite | SIO Differential Pressure Gauge/Quanterra Q330 Lin,EarthScope,fdsn,425
XO_2018,WD50,XO,55.449527,-152.391763,-4986.6,2018-07-21 00:00:00.000,2019-08-29 23:59:59.000000,HDH HH1 HH2 HHZ (100 Hz); LDH LH1 LH2 LHZ (1 Hz); VPB (0.1 Hz),100.0,pressure+seismometer,Guralp CMG3T_120sec WHOI OBSIP/Quanterra Q330 Line | Quanterra Q330 Linear Phase Composite | SIO Differential Pressure Gauge/Quanterra Q330 Lin,EarthScope,fdsn,404
XO_2018,WD51,XO,55.905087,-152.771768,-4361.0,2018-07-20 00:00:00.000,2019-09-01 23:59:59.000000,HDH HH1 HH2 HHZ (100 Hz); LDH LH1 LH2 LHZ (1 Hz); VPB (0.1 Hz),100.0,pressure+seismometer,Guralp CMG3T_120sec WHOI OBSIP/Quanterra Q330 Line | Quanterra Q330 Linear Phase Composite | SIO Differential Pressure Gauge/Quanterra Q330 Lin,EarthScope,fdsn,408
XO_2018,WD52,XO,54.046622,-159.346215,-2564.0,2018-07-18 00:00:00.000,2019-09-03 23:59:59.000000,HDH HH1 HH2 HHZ (100 Hz); LDH LH1 LH2 LHZ (1 Hz); VPB (0.1 Hz),100.0,pressure+seismometer,Guralp CMG3T_120sec WHOI OBSIP/Quanterra Q330 Line | Quanterra Q330 Linear Phase Composite | SIO Differential Pressure Gauge/Quanterra Q330 Lin,EarthScope,fdsn,412
XO_2018,WD53,XO,53.779448,-153.422908,-4646.0,2018-07-13 00:00:00.000,2019-09-10 23:59:59.000000,HDH HH1 HH2 HHZ (100 Hz); LDH LH1 LH2 LHZ (1 Hz); VPB (0.1 Hz),100.0,pressure+seismometer,Guralp CMG3T_120sec WHOI OBSIP/Quanterra Q330 Line | Quanterra Q330 Linear Phase Composite | SIO Differential Pressure Gauge/Quanterra Q330 Lin,EarthScope,fdsn,424
XO_2018,WD54,XO,56.331433,-149.066665,-4520.0,2018-07-22 00:00:00.000,2019-09-11 23:59:59.000000,HDH HH1 HH2 HHZ (100 Hz); LDH LH1 LH2 LHZ (1 Hz); VPB (0.1 Hz),100.0,pressure+seismometer,Guralp CMG3T_120sec WHOI OBSIP/Quanterra Q330 Line | Quanterra Q330 Linear Phase Composite | SIO Differential Pressure Gauge/Quanterra Q330 Lin,EarthScope,fdsn,416
XO_2018,WD55,XO,55.761625,-153.662817,-1284.0,2018-07-20 00:00:00.000,2019-09-01 23:59:59.000000,HDH HH1 HH2 HHZ (100 Hz); LDH LH1 LH2 LHZ (1 Hz); VPB (0.1 Hz),100.0,pressure+seismometer,Guralp CMG3T_120sec WHOI OBSIP/Quanterra Q330 Line | Quanterra Q330 Linear Phase Composite | SIO Differential Pressure Gauge/Quanterra Q330 Lin,EarthScope,fdsn,408
XO_2018,WD56,XO,55.322267,-154.047078,-4060.0,2018-07-19 00:00:00.000,2019-08-30 23:59:59.000000,HDH HH1 HH2 HHZ (100 Hz); LDH LH1 LH2 LHZ (1 Hz); VPB (0.1 Hz),100.0,pressure+seismometer,Guralp CMG3T_120sec WHOI OBSIP/Quanterra Q330 Line | Quanterra Q330 Linear Phase Composite | SIO Differential Pressure Gauge/Quanterra Q330 Lin,EarthScope,fdsn,407
XO_2018,WD57,XO,54.736387,-154.434305,-5053.0,2018-07-19 00:00:00.000,2019-08-31 23:59:59.000000,HDH HH1 HH2 HHZ (100 Hz); LDH LH1 LH2 LHZ (1 Hz); VPB (0.1 Hz),100.0,pressure+seismometer,Guralp CMG3T_120sec WHOI OBSIP/Quanterra Q330 Line | Quanterra Q330 Linear Phase Composite | SIO Differential Pressure Gauge/Quanterra Q330 Lin,EarthScope,fdsn,408
XO_2018,WD58,XO,53.906227,-155.035345,-4493.0,2018-07-14 00:00:00.000,2019-09-09 23:59:59.000000,HDH HH1 HH2 HHZ (100 Hz); LDH LH1 LH2 LHZ (1 Hz); VPB (0.1 Hz),100.0,pressure+seismometer,Guralp CMG3T_120sec WHOI OBSIP/Quanterra Q330 Line | Quanterra Q330 Linear Phase Composite | SIO Differential Pressure Gauge/Quanterra Q330 Lin,EarthScope,fdsn,422
XO_2018,WD59,XO,53.383713,-155.799387,-4550.0,2018-07-14 00:00:00.000,2019-09-10 23:59:59.000000,HDH HH1 HH2 HHZ (100 Hz); LDH LH1 LH2 LHZ (1 Hz); VPB (0.1 Hz),100.0,pressure+seismometer,Guralp CMG3T_120sec WHOI OBSIP/Quanterra Q330 Line | Quanterra Q330 Linear Phase Composite | SIO Differential Pressure Gauge/Quanterra Q330 Lin,EarthScope,fdsn,423
XO_2018,WD60,XO,52.644867,-156.579823,-4519.0,2018-07-14 00:00:00.000,2019-09-07 23:59:59.000000,HDH HH1 HH2 HHZ (100 Hz); LDH LH1 LH2 LHZ (1 Hz); VPB (0.1 Hz),100.0,pressure+seismometer,Guralp CMG3T_120sec WHOI OBSIP/Quanterra Q330 Line | Quanterra Q330 Linear Phase Composite | SIO Differential Pressure Gauge/Quanterra Q330 Lin,EarthScope,fdsn,420
XO_2018,WD61,XO,54.647613,-156.868282,-2067.0,2018-07-19 00:00:00.000,2019-09-01 23:59:59.000000,HDH HH1 HH2 HHZ (100 Hz); LDH LH1 LH2 LHZ (1 Hz); VPB (0.1 Hz),100.0,pressure+seismometer,Guralp CMG3T_120sec WHOI OBSIP/Quanterra Q330 Line | Quanterra Q330 Linear Phase Composite | SIO Differential Pressure Gauge/Quanterra Q330 Lin,EarthScope,fdsn,409
XO_2018,WD62,XO,53.361962,-157.331882,-4626.0,2018-07-15 00:00:00.000,2019-09-08 23:59:59.000000,HDH HH1 HH2 HHZ (100 Hz); LDH LH1 LH2 LHZ (1 Hz); VPB (0.1 Hz),100.0,pressure+seismometer,Guralp CMG3T_120sec WHOI OBSIP/Quanterra Q330 Line | Quanterra Q330 Linear Phase Composite | SIO Differential Pressure Gauge/Quanterra Q330 Lin,EarthScope,fdsn,420
XO_2018,WD63,XO,52.590072,-158.093575,-4656.0,2018-07-15 00:00:00.000,2019-09-08 23:59:59.000000,HDH HH1 HH2 HHZ (100 Hz); LDH LH1 LH2 LHZ (1 Hz); VPB (0.1 Hz),100.0,pressure+seismometer,Guralp CMG3T_120sec WHOI OBSIP/Quanterra Q330 Line | Quanterra Q330 Linear Phase Composite | SIO Differential Pressure Gauge/Quanterra Q330 Lin,EarthScope,fdsn,420
XO_2018,WD64,XO,52.001077,-158.691562,-4754.0,2018-07-16 00:00:00.000,2019-09-07 23:59:59.000000,HDH HH1 HH2 HHZ (100 Hz); LDH LH1 LH2 LHZ (1 Hz); VPB (0.1 Hz),100.0,pressure+seismometer,Guralp CMG3T_120sec WHOI OBSIP/Quanterra Q330 Line | Quanterra Q330 Linear Phase Composite | SIO Differential Pressure Gauge/Quanterra Q330 Lin,EarthScope,fdsn,418
XO_2018,WD65,XO,52.899057,-158.91238,-4718.0,2018-07-16 00:00:00.000,2019-09-08 23:59:59.000000,HDH HH1 HH2 HHZ (100 Hz); LDH LH1 LH2 LHZ (1 Hz); VPB (0.1 Hz),100.0,pressure+seismometer,Guralp CMG3T_120sec WHOI OBSIP/Quanterra Q330 Line | Quanterra Q330 Linear Phase Composite | SIO Differential Pressure Gauge/Quanterra Q330 Lin,EarthScope,fdsn,419
XO_2018,WD66,XO,53.31452,-159.617565,-4941.0,2018-07-17 00:00:00.000,2019-09-06 23:59:59.000000,HDH HH1 HH2 HHZ (100 Hz); LDH LH1 LH2 LHZ (1 Hz); VPB (0.1 Hz),100.0,pressure+seismometer,Guralp CMG3T_120sec WHOI OBSIP/Quanterra Q330 Line | Quanterra Q330 Linear Phase Composite | SIO Differential Pressure Gauge/Quanterra Q330 Lin,EarthScope,fdsn,416
XO_2018,WD67,XO,52.162563,-160.035832,-4652.0,2018-07-16 00:00:00.000,2019-09-07 23:59:59.000000,HDH HH1 HH2 HHZ (100 Hz); LDH LH1 LH2 LHZ (1 Hz); VPB (0.1 Hz),100.0,pressure+seismometer,Guralp CMG3T_120sec WHOI OBSIP/Quanterra Q330 Line | Quanterra Q330 Linear Phase Composite | SIO Differential Pressure Gauge/Quanterra Q330 Lin,EarthScope,fdsn,418
XO_2018,WD68,XO,52.917603,-160.081145,-4715.0,2018-07-17 00:00:00.000,2019-09-06 23:59:59.000000,HDH HH1 HH2 HHZ (100 Hz); LDH LH1 LH2 LHZ (1 Hz); VPB (0.1 Hz),100.0,pressure+seismometer,Guralp CMG3T_120sec WHOI OBSIP/Quanterra Q330 Line | Quanterra Q330 Linear Phase Composite | SIO Differential Pressure Gauge/Quanterra Q330 Lin,EarthScope,fdsn,416
XO_2018,WD69,XO,53.782065,-160.34289,-3896.0,2018-07-17 00:00:00.000,2019-09-03 23:59:59.000000,HDH HH1 HH2 HHZ (100 Hz); LDH LH1 LH2 LHZ (1 Hz); VPB (0.1 Hz),100.0,pressure+seismometer,Guralp CMG3T_120sec WHOI OBSIP/Quanterra Q330 Line | Quanterra Q330 Linear Phase Composite | SIO Differential Pressure Gauge/Quanterra Q330 Lin,EarthScope,fdsn,413
XO_2018,WD70,XO,56.541073,-151.234407,-3253.0,2018-07-22 00:00:00.000,2019-08-28 23:59:59.000000,HDH HH1 HH2 HHZ (100 Hz); LDH LH1 LH2 LHZ (1 Hz); VPB (0.1 Hz),100.0,pressure+seismometer,Guralp CMG3T_120sec WHOI OBSIP/Quanterra Q330 Line | Quanterra Q330 Linear Phase Composite | SIO Differential Pressure Gauge/Quanterra Q330 Lin,EarthScope,fdsn,402
XO_2018,WS71,XO,56.15695,-153.078922,-1554.8,2018-07-20 00:00:00.000,2019-09-03 23:59:59.000000,HH1 HH2 HHZ HN1 HN2 HNZ (100 Hz); BDH (40 Hz); LDH LDI LH1 LH2 LHZ LN1 LN2 LNZ (1 Hz); VPB (0.1 Hz),100.0,accelerometer+pressure+seismometer,Episensor 200 Hz 5 Volt per g/Quanterra Q330 Linea | Guralp CMG3T_120sec WHOI OBSIP/Quanterra Q330 Line | QEP - Q330 Environmental Processor | Quanterra Q330 Linear Phase Composite | SIO Differential Pressure Gauge/QEP - Q330 Environ,EarthScope,fdsn,410
XO_2018,WS72,XO,56.257748,-151.81063,-4141.7,2018-07-21 00:00:00.000,2019-08-29 23:59:59.000000,HH1 HH2 HHZ HN1 HN2 HNZ (100 Hz); BDH (40 Hz); LDH LDI LH1 LH2 LHZ LN1 LN2 LNZ (1 Hz); VPB (0.1 Hz),100.0,accelerometer+pressure+seismometer,Episensor 200 Hz 5 Volt per g/Quanterra Q330 Linea | Guralp CMG3T_120sec WHOI OBSIP/Quanterra Q330 Line | QEP - Q330 Environmental Processor | Quanterra Q330 Linear Phase Composite | SIO Differential Pressure Gauge/QEP - Q330 Environ,EarthScope,fdsn,404
XO_2018,WS73,XO,54.419958,-158.513277,-2132.9,2018-07-18 00:00:00.000,2019-10-22 23:59:59.000000,HH1 HH2 HHZ HN1 HN2 HNZ (100 Hz); BDH (40 Hz); LDH LDI LH1 LH2 LHZ LN1 LN2 LNZ (1 Hz); VPB (0.1 Hz),100.0,accelerometer+pressure+seismometer,Episensor 200 Hz 5 Volt per g/Quanterra Q330 Linea | Guralp CMG3T_120sec WHOI OBSIP/Quanterra Q330 Line | QEP - Q330 Environmental Processor | Quanterra Q330 Linear Phase Composite | SIO Differential Pressure Gauge/QEP - Q330 Environ,EarthScope,fdsn,461
XO_2018,WS74,XO,54.369193,-159.361628,-902.9,2018-07-18 00:00:00.000,2019-09-04 23:59:59.000000,HH1 HH2 HHZ HN1 HN2 HNZ (100 Hz); BDH (40 Hz); LDH LDI LH1 LH2 LHZ LN1 LN2 LNZ (1 Hz); VPB (0.1 Hz),100.0,accelerometer+pressure+seismometer,Episensor 200 Hz 5 Volt per g/Quanterra Q330 Linea | Guralp CMG3T_120sec WHOI OBSIP/Quanterra Q330 Line | QEP - Q330 Environmental Processor | Quanterra Q330 Linear Phase Composite | SIO Differential Pressure Gauge/QEP - Q330 Environ,EarthScope,fdsn,413
XO_2018,WS75,XO,54.17963,-160.256908,-1108.9,2018-07-18 00:00:00.000,2019-09-04 23:59:59.000000,HH1 HH2 HHZ HN1 HN2 HNZ (100 Hz); BDH (40 Hz); LDH LDI LH1 LH2 LHZ LN1 LN2 LNZ (1 Hz); VPB (0.1 Hz),100.0,accelerometer+pressure+seismometer,Episensor 200 Hz 5 Volt per g/Quanterra Q330 Linea | Guralp CMG3T_120sec WHOI OBSIP/Quanterra Q330 Line | QEP - Q330 Environmental Processor | Quanterra Q330 Linear Phase Composite | SIO Differential Pressure Gauge/QEP - Q330 Environ,EarthScope,fdsn,413
XP_2000,CBOB,XP,-77.034782,163.171188,-40.0,2000-12-08 11:03:52.000,2003-12-31 23:59:59.000000,BHE BHN BHZ (40 Hz); LHE LHN LHZ (1 Hz),40.0,seismometer,CMG3T,EarthScope,fdsn,1118
XT_2003,B151,XT,12.9915,-67.651299,-3616.0,2004-03-16 22:17:00.000,2005-03-18 00:00:05.000000,BDH BH1 BH2 BHZ (31.25 Hz),31.25,pressure+seismometer,Nanometrics Trillium 40 Sec Response/LCheapo 2000 | Tekelec MB2000 aneroid microbarometer/LCheapo 2000,EarthScope,fdsn,366
XT_2003,BLOS,XT,11.5708,-61.667702,-461.0,2004-03-22 23:26:48.000,2005-03-12 00:00:00.000000,BDH BH1 BH2 BHZ (31.25 Hz),31.25,pressure+seismometer,Nanometrics Trillium 40 Sec Response/LCheapo 2000 | Tekelec MB2000 aneroid microbarometer/LCheapo 2000,EarthScope,fdsn,354
XT_2003,BTBT,XT,11.4989,-62.500999,-129.0,2004-03-22 17:10:09.000,2005-03-12 00:00:00.000000,BDH BH1 BH2 BHZ (31.25 Hz),31.25,pressure+seismometer,Nanometrics Trillium 40 Sec Response/LCheapo 2000 | Tekelec MB2000 aneroid microbarometer/LCheapo 2000,EarthScope,fdsn,354
XT_2003,CUBA,XT,11.8499,-65.417999,-3997.0,2004-03-19 00:18:35.000,2005-03-16 00:00:00.000000,BDH BH1 BH2 BHZ (31.25 Hz),31.25,pressure+seismometer,Nanometrics Trillium 40 Sec Response/LCheapo 2000 | Tekelec MB2000 aneroid microbarometer/LCheapo 2000,EarthScope,fdsn,361
XT_2003,DKSS,XT,11.7515,-63.769901,-1117.0,2004-03-21 17:25:42.000,2005-03-14 00:00:00.000000,BDH BH1 BH2 BHZ (31.25 Hz),31.25,pressure+seismometer,Nanometrics Trillium 40 Sec Response/LCheapo 2000 | Tekelec MB2000 aneroid microbarometer/LCheapo 2000,EarthScope,fdsn,357
XT_2003,DRKS,XT,11.9992,-62.668499,-2400.0,2004-03-22 11:43:46.000,2005-03-13 00:00:01.000000,BDH BH1 BH2 BHZ (31.25 Hz),31.25,pressure+seismometer,Nanometrics Trillium 40 Sec Response/LCheapo 2000 | Tekelec MB2000 aneroid microbarometer/LCheapo 2000,EarthScope,fdsn,355
XT_2003,MHTO,XT,13.9497,-66.490997,-4997.0,2004-03-16 10:31:30.000,2005-03-19 00:00:00.000000,BDH BH1 BH2 BHZ (31.25 Hz),31.25,pressure+seismometer,Nanometrics Trillium 40 Sec Response/LCheapo 2000 | Tekelec MB2000 aneroid microbarometer/LCheapo 2000,EarthScope,fdsn,367
XT_2003,PINA,XT,10.6796,-65.220001,-1103.0,2004-03-18 12:36:55.000,2005-03-17 00:00:00.000000,BDH BH1 BH2 BHZ (31.25 Hz),31.25,pressure+seismometer,Nanometrics Trillium 40 Sec Response/LCheapo 2000 | Tekelec MB2000 aneroid microbarometer/LCheapo 2000,EarthScope,fdsn,363
XT_2003,PNCH,XT,11.2493,-66.5009,-908.0,2004-03-17 23:59:36.000,2005-03-17 00:00:01.000000,BDH BH1 BH2 BHZ (31.25 Hz),31.25,pressure+seismometer,Nanometrics Trillium 40 Sec Response/LCheapo 2000 | Tekelec MB2000 aneroid microbarometer/LCheapo 2000,EarthScope,fdsn,364
XT_2003,SHRB,XT,11.2707,-67.349602,-1860.0,2004-03-17 15:24:43.000,2005-03-17 00:00:04.000000,BDH BH1 BH2 BHZ (31.25 Hz),31.25,pressure+seismometer,Nanometrics Trillium 40 Sec Response/LCheapo 2000 | Tekelec MB2000 aneroid microbarometer/LCheapo 2000,EarthScope,fdsn,364
XT_2003,SOMB,XT,12.7209,-64.931297,-3853.0,2004-03-20 01:42:15.000,2005-03-15 00:00:05.000000,BDH BH1 BH2 BHZ (31.25 Hz),31.25,pressure+seismometer,Nanometrics Trillium 40 Sec Response/LCheapo 2000 | Tekelec MB2000 aneroid microbarometer/LCheapo 2000,EarthScope,fdsn,359
XT_2003,ST104,XT,14.3304,-69.935997,-4237.0,2004-04-20 00:00:00.000,2004-05-02 23:59:59.000000,EDH EL1 EL2 ELZ (100 Hz); LDH LL1 LL2 LLZ (1 Hz),100.0,pressure+seismometer,Geospace GS-11D/Quanterra Q330 Linear Phase Below | HTI-90-U Hydrophone;/Quanterra Q330 Linear Phase B,EarthScope,fdsn,12
XT_2003,ST105,XT,14.2638,-69.929001,-4219.0,2004-04-21 00:00:00.000,2004-05-02 23:59:59.000000,EDH EL1 EL2 ELZ (100 Hz); LDH LL1 LL2 LLZ (1 Hz),100.0,pressure+seismometer,Geospace GS-11D/Quanterra Q330 Linear Phase Below | HTI-90-U Hydrophone;/Quanterra Q330 Linear Phase B,EarthScope,fdsn,11
XT_2003,ST106,XT,14.1974,-69.919998,-4259.0,2004-04-21 00:00:00.000,2004-05-02 23:59:59.000000,EDH EL1 EL2 ELZ (100 Hz); LDH LL1 LL2 LLZ (1 Hz),100.0,pressure+seismometer,Geospace GS-11D/Quanterra Q330 Linear Phase Below | HTI-90-U Hydrophone;/Quanterra Q330 Linear Phase B,EarthScope,fdsn,11
XT_2003,ST107,XT,14.1308,-69.912003,-4402.0,2004-04-21 00:00:00.000,2004-05-02 23:59:59.000000,EDH EL1 EL2 ELZ (100 Hz); LDH LL1 LL2 LLZ (1 Hz),100.0,pressure+seismometer,Geospace GS-11D/Quanterra Q330 Linear Phase Below | HTI-90-U Hydrophone;/Quanterra Q330 Linear Phase B,EarthScope,fdsn,11
XT_2003,ST108,XT,14.0632,-69.905098,-4394.0,2004-04-21 00:00:00.000,2004-05-03 23:59:59.000000,EDH EL1 EL2 ELZ (100 Hz); LDH LL1 LL2 LLZ (1 Hz),100.0,pressure+seismometer,Geospace GS-11D/Quanterra Q330 Linear Phase Below | HTI-90-U Hydrophone;/Quanterra Q330 Linear Phase B,EarthScope,fdsn,12
XT_2003,ST109,XT,13.997,-69.895897,-4322.0,2004-04-21 00:00:00.000,2004-05-03 23:59:59.000000,EDH EL1 EL2 ELZ (100 Hz); LDH LL1 LL2 LLZ (1 Hz),100.0,pressure+seismometer,Geospace GS-11D/Quanterra Q330 Linear Phase Below | HTI-90-U Hydrophone;/Quanterra Q330 Linear Phase B,EarthScope,fdsn,12
XT_2003,ST110,XT,13.9304,-69.887802,-4525.0,2004-04-21 00:00:00.000,2004-05-03 23:59:59.000000,EDH EL1 EL2 ELZ (100 Hz); LDH LL1 LL2 LLZ (1 Hz),100.0,pressure+seismometer,Geospace GS-11D/Quanterra Q330 Linear Phase Below | HTI-90-U Hydrophone;/Quanterra Q330 Linear Phase B,EarthScope,fdsn,12
XT_2003,ST111,XT,13.8649,-69.879501,-4565.0,2004-04-21 00:00:00.000,2004-05-03 23:59:59.000000,EDH EL1 EL2 ELZ (100 Hz); LDH LL1 LL2 LLZ (1 Hz),100.0,pressure+seismometer,Geospace GS-11D/Quanterra Q330 Linear Phase Below | HTI-90-U Hydrophone;/Quanterra Q330 Linear Phase B,EarthScope,fdsn,12
XT_2003,ST112,XT,13.7975,-69.872002,-4848.0,2004-04-21 00:00:00.000,2004-05-03 23:59:59.000000,EDH EL1 EL2 ELZ (100 Hz); LDH LL1 LL2 LLZ (1 Hz),100.0,pressure+seismometer,Geospace GS-11D/Quanterra Q330 Linear Phase Below | HTI-90-U Hydrophone;/Quanterra Q330 Linear Phase B,EarthScope,fdsn,12
XT_2003,ST113,XT,13.7309,-69.863197,-4865.0,2004-04-20 00:00:00.000,2004-05-03 23:59:59.000000,EDH EL1 EL2 ELZ (100 Hz); LDH LL1 LL2 LLZ (1 Hz),100.0,pressure+seismometer,Geospace GS-11D/Quanterra Q330 Linear Phase Below | HTI-90-U Hydrophone;/Quanterra Q330 Linear Phase B,EarthScope,fdsn,13
XT_2003,ST114,XT,13.6638,-69.855904,-4899.0,2004-04-20 00:00:00.000,2004-05-03 23:59:59.000000,EDH EL1 EL2 ELZ (100 Hz); LDH LL1 LL2 LLZ (1 Hz),100.0,pressure+seismometer,Geospace GS-11D/Quanterra Q330 Linear Phase Below | HTI-90-U Hydrophone;/Quanterra Q330 Linear Phase B,EarthScope,fdsn,13
XT_2003,ST115,XT,13.5983,-69.847,-3854.0,2004-04-21 00:00:00.000,2004-05-03 23:59:59.000000,EDH EL1 EL2 ELZ (100 Hz); LDH LL1 LL2 LLZ (1 Hz),100.0,pressure+seismometer,Geospace GS-11D/Quanterra Q330 Linear Phase Below | HTI-90-U Hydrophone;/Quanterra Q330 Linear Phase B,EarthScope,fdsn,12
XT_2003,ST116,XT,13.5313,-69.839699,-3741.0,2004-04-21 00:00:00.000,2004-05-03 23:59:59.000000,EDH EL1 EL2 ELZ (100 Hz); LDH LL1 LL2 LLZ (1 Hz),100.0,pressure+seismometer,Geospace GS-11D/Quanterra Q330 Linear Phase Below | HTI-90-U Hydrophone;/Quanterra Q330 Linear Phase B,EarthScope,fdsn,12
XT_2003,ST117,XT,13.4643,-69.831596,-3638.0,2004-04-21 00:00:00.000,2004-05-03 23:59:59.000000,EDH EL1 EL2 ELZ (100 Hz); LDH LL1 LL2 LLZ (1 Hz),100.0,pressure+seismometer,Geospace GS-11D/Quanterra Q330 Linear Phase Below | HTI-90-U Hydrophone;/Quanterra Q330 Linear Phase B,EarthScope,fdsn,12
XT_2003,ST118,XT,13.3977,-69.823303,-3285.0,2004-04-21 00:00:00.000,2004-05-03 23:59:59.000000,EDH EL1 EL2 ELZ (100 Hz); LDH LL1 LL2 LLZ (1 Hz),100.0,pressure+seismometer,Geospace GS-11D/Quanterra Q330 Linear Phase Below | HTI-90-U Hydrophone;/Quanterra Q330 Linear Phase B,EarthScope,fdsn,12
XT_2003,ST119,XT,13.3311,-69.815498,-3135.0,2004-04-20 00:00:00.000,2004-05-04 23:59:59.000000,EDH EL1 EL2 ELZ (100 Hz); LDH LL1 LL2 LLZ (1 Hz),100.0,pressure+seismometer,Geospace GS-11D/Quanterra Q330 Linear Phase Below | HTI-90-U Hydrophone;/Quanterra Q330 Linear Phase B,EarthScope,fdsn,14
XT_2003,ST120,XT,13.2647,-69.807198,-2939.0,2004-04-20 00:00:00.000,2004-05-04 23:59:59.000000,EDH EL1 EL2 ELZ (100 Hz); LDH LL1 LL2 LLZ (1 Hz),100.0,pressure+seismometer,Geospace GS-11D/Quanterra Q330 Linear Phase Below | HTI-90-U Hydrophone;/Quanterra Q330 Linear Phase B,EarthScope,fdsn,14
XT_2003,ST121,XT,13.1982,-69.7994,-2903.0,2004-04-20 00:00:00.000,2004-05-04 23:59:59.000000,EDH EL1 EL2 ELZ (100 Hz); LDH LL1 LL2 LLZ (1 Hz),100.0,pressure+seismometer,Geospace GS-11D/Quanterra Q330 Linear Phase Below | HTI-90-U Hydrophone;/Quanterra Q330 Linear Phase B,EarthScope,fdsn,14
XT_2003,ST122,XT,13.1319,-69.7911,-2069.0,2004-04-21 00:00:00.000,2004-05-04 23:59:59.000000,EDH EL1 EL2 ELZ (100 Hz); LDH LL1 LL2 LLZ (1 Hz),100.0,pressure+seismometer,Geospace GS-11D/Quanterra Q330 Linear Phase Below | HTI-90-U Hydrophone;/Quanterra Q330 Linear Phase B,EarthScope,fdsn,13
XT_2003,ST123,XT,13.0654,-69.783401,-1545.0,2004-04-21 00:00:00.000,2004-05-04 23:59:59.000000,EDH EL1 EL2 ELZ (100 Hz); LDH LL1 LL2 LLZ (1 Hz),100.0,pressure+seismometer,Geospace GS-11D/Quanterra Q330 Linear Phase Below | HTI-90-U Hydrophone;/Quanterra Q330 Linear Phase B,EarthScope,fdsn,13
XT_2003,ST124,XT,12.9982,-69.775299,-1538.0,2004-04-21 00:00:00.000,2004-05-04 23:59:59.000000,EDH EL1 EL2 ELZ (100 Hz); LDH LL1 LL2 LLZ (1 Hz),100.0,pressure+seismometer,Geospace GS-11D/Quanterra Q330 Linear Phase Below | HTI-90-U Hydrophone;/Quanterra Q330 Linear Phase B,EarthScope,fdsn,13
XT_2003,ST125,XT,12.9331,-69.767403,-1540.0,2004-04-21 00:00:00.000,2004-05-04 23:59:59.000000,EDH EL1 EL2 ELZ (100 Hz); LDH LL1 LL2 LLZ (1 Hz),100.0,pressure+seismometer,Geospace GS-11D/Quanterra Q330 Linear Phase Below | HTI-90-U Hydrophone;/Quanterra Q330 Linear Phase B,EarthScope,fdsn,13
XT_2003,ST127,XT,12.7977,-69.748497,-1311.0,2004-04-21 00:00:00.000,2004-05-04 23:59:59.000000,EDH EL1 EL2 ELZ (100 Hz); LDH LL1 LL2 LLZ (1 Hz),100.0,pressure+seismometer,Geospace GS-11D/Quanterra Q330 Linear Phase Below | HTI-90-U Hydrophone;/Quanterra Q330 Linear Phase B,EarthScope,fdsn,13
XT_2003,ST128,XT,12.7321,-69.7435,-1295.0,2004-04-21 00:00:00.000,2004-05-04 23:59:59.000000,EDH EL1 EL2 ELZ (100 Hz); LDH LL1 LL2 LLZ (1 Hz),100.0,pressure+seismometer,Geospace GS-11D/Quanterra Q330 Linear Phase Below | HTI-90-U Hydrophone;/Quanterra Q330 Linear Phase B,EarthScope,fdsn,13
XT_2003,ST130,XT,12.5989,-69.7276,-1231.0,2004-04-21 00:00:00.000,2004-05-04 23:59:59.000000,EDH EL1 EL2 ELZ (100 Hz); LDH LL1 LL2 LLZ (1 Hz),100.0,pressure+seismometer,Geospace GS-11D/Quanterra Q330 Linear Phase Below | HTI-90-U Hydrophone;/Quanterra Q330 Linear Phase B,EarthScope,fdsn,13
XT_2003,ST131,XT,12.5322,-69.719597,-1093.0,2004-04-21 00:00:00.000,2004-05-05 23:59:59.000000,EDH EL1 EL2 ELZ (100 Hz); LDH LL1 LL2 LLZ (1 Hz),100.0,pressure+seismometer,Geospace GS-11D/Quanterra Q330 Linear Phase Below | HTI-90-U Hydrophone;/Quanterra Q330 Linear Phase B,EarthScope,fdsn,14
XT_2003,ST132,XT,12.4658,-69.7118,-866.0,2004-04-21 00:00:00.000,2004-05-01 23:59:59.000000,EDH EL1 EL2 ELZ (100 Hz); LDH LL1 LL2 LLZ (1 Hz),100.0,pressure+seismometer,Geospace GS-11D/Quanterra Q330 Linear Phase Below | HTI-90-U Hydrophone;/Quanterra Q330 Linear Phase B,EarthScope,fdsn,10
XT_2003,ST138,XT,12.0661,-69.664001,-281.0,2004-04-22 00:00:00.000,2004-05-01 23:59:59.000000,EDH EL1 EL2 ELZ (100 Hz); LDH LL1 LL2 LLZ (1 Hz),100.0,pressure+seismometer,Geospace GS-11D/Quanterra Q330 Linear Phase Below | HTI-90-U Hydrophone;/Quanterra Q330 Linear Phase B,EarthScope,fdsn,9
XT_2003,ST201,XT,14.1,-67.700203,-5020.0,2004-05-07 00:00:00.000,2004-05-11 23:59:59.000000,EDH EL1 EL2 ELZ (100 Hz); LDH LL1 LL2 LLZ (1 Hz),100.0,pressure+seismometer,Geospace GS-11D/Quanterra Q330 Linear Phase Below | HTI-90-U Hydrophone;/Quanterra Q330 Linear Phase B,EarthScope,fdsn,4
XT_2003,ST202,XT,14.0152,-67.692398,-5015.0,2004-05-06 00:00:00.000,2004-05-11 23:59:59.000000,EDH EL1 EL2 ELZ (100 Hz); LDH LL1 LL2 LLZ (1 Hz),100.0,pressure+seismometer,Geospace GS-11D/Quanterra Q330 Linear Phase Below | HTI-90-U Hydrophone;/Quanterra Q330 Linear Phase B,EarthScope,fdsn,5
XT_2003,ST203,XT,13.9306,-67.684196,-5014.0,2004-05-07 00:00:00.000,2004-05-11 23:59:59.000000,EDH EL1 EL2 ELZ (100 Hz); LDH LL1 LL2 LLZ (1 Hz),100.0,pressure+seismometer,Geospace GS-11D/Quanterra Q330 Linear Phase Below | HTI-90-U Hydrophone;/Quanterra Q330 Linear Phase B,EarthScope,fdsn,4
XT_2003,ST204,XT,13.846,-67.676697,-5010.0,2004-05-07 00:00:00.000,2004-05-11 23:59:59.000000,EDH EL1 EL2 ELZ (100 Hz); LDH LL1 LL2 LLZ (1 Hz),100.0,pressure+seismometer,Geospace GS-11D/Quanterra Q330 Linear Phase Below | HTI-90-U Hydrophone;/Quanterra Q330 Linear Phase B,EarthScope,fdsn,4
XT_2003,ST205,XT,13.7613,-67.669502,-5011.0,2004-05-07 00:00:00.000,2004-05-11 23:59:59.000000,EDH EL1 EL2 ELZ (100 Hz); LDH LL1 LL2 LLZ (1 Hz),100.0,pressure+seismometer,Geospace GS-11D/Quanterra Q330 Linear Phase Below | HTI-90-U Hydrophone;/Quanterra Q330 Linear Phase B,EarthScope,fdsn,4
XT_2003,ST206,XT,13.6765,-67.661797,-5016.0,2004-05-07 00:00:00.000,2004-05-11 23:59:59.000000,EDH EL1 EL2 ELZ (100 Hz); LDH LL1 LL2 LLZ (1 Hz),100.0,pressure+seismometer,Geospace GS-11D/Quanterra Q330 Linear Phase Below | HTI-90-U Hydrophone;/Quanterra Q330 Linear Phase B,EarthScope,fdsn,4
XT_2003,ST207,XT,13.5919,-67.654198,-4998.0,2004-05-06 00:00:00.000,2004-05-11 23:59:59.000000,EDH EL1 EL2 ELZ (100 Hz); LDH LL1 LL2 LLZ (1 Hz),100.0,pressure+seismometer,Geospace GS-11D/Quanterra Q330 Linear Phase Below | HTI-90-U Hydrophone;/Quanterra Q330 Linear Phase B,EarthScope,fdsn,5
XT_2003,ST208,XT,13.5074,-67.646599,-5003.0,2004-05-06 00:00:00.000,2004-05-11 23:59:59.000000,EDH EL1 EL2 ELZ (100 Hz); LDH LL1 LL2 LLZ (1 Hz),100.0,pressure+seismometer,Geospace GS-11D/Quanterra Q330 Linear Phase Below | HTI-90-U Hydrophone;/Quanterra Q330 Linear Phase B,EarthScope,fdsn,5
XT_2003,ST209,XT,13.423,-67.639099,-4778.0,2004-05-06 00:00:00.000,2004-05-11 23:59:59.000000,EDH EL1 EL2 ELZ (100 Hz); LDH LL1 LL2 LLZ (1 Hz),100.0,pressure+seismometer,Geospace GS-11D/Quanterra Q330 Linear Phase Below | HTI-90-U Hydrophone;/Quanterra Q330 Linear Phase B,EarthScope,fdsn,5
XT_2003,ST210,XT,13.3381,-67.6306,-4775.0,2004-05-07 00:00:00.000,2004-05-13 23:59:59.000000,EDH EL1 EL2 ELZ (100 Hz); LDH LL1 LL2 LLZ (1 Hz),100.0,pressure+seismometer,Geospace GS-11D/Quanterra Q330 Linear Phase Below | HTI-90-U Hydrophone;/Quanterra Q330 Linear Phase B,EarthScope,fdsn,6
XT_2003,ST211,XT,13.2537,-67.624001,-4435.0,2004-05-07 00:00:00.000,2004-05-10 23:59:59.000000,EDH EL1 EL2 ELZ (100 Hz); LDH LL1 LL2 LLZ (1 Hz),100.0,pressure+seismometer,Geospace GS-11D/Quanterra Q330 Linear Phase Below | HTI-90-U Hydrophone;/Quanterra Q330 Linear Phase B,EarthScope,fdsn,3
XT_2003,ST212,XT,13.1686,-67.616402,-4014.0,2004-05-07 00:00:00.000,2004-05-10 23:59:59.000000,EDH EL1 EL2 ELZ (100 Hz); LDH LL1 LL2 LLZ (1 Hz),100.0,pressure+seismometer,Geospace GS-11D/Quanterra Q330 Linear Phase Below | HTI-90-U Hydrophone;/Quanterra Q330 Linear Phase B,EarthScope,fdsn,3
XT_2003,ST213,XT,13.0843,-67.6082,-4021.0,2004-05-06 00:00:00.000,2004-05-10 23:59:59.000000,EDH EL1 EL2 ELZ (100 Hz); LDH LL1 LL2 LLZ (1 Hz),100.0,pressure+seismometer,Geospace GS-11D/Quanterra Q330 Linear Phase Below | HTI-90-U Hydrophone;/Quanterra Q330 Linear Phase B,EarthScope,fdsn,4
XT_2003,ST214,XT,12.9995,-67.6007,-3698.0,2004-05-06 00:00:00.000,2004-05-10 23:59:59.000000,EDH EL1 EL2 ELZ (100 Hz); LDH LL1 LL2 LLZ (1 Hz),100.0,pressure+seismometer,Geospace GS-11D/Quanterra Q330 Linear Phase Below | HTI-90-U Hydrophone;/Quanterra Q330 Linear Phase B,EarthScope,fdsn,4
XT_2003,ST215,XT,12.9151,-67.593102,-3220.0,2004-05-06 00:00:00.000,2004-05-10 23:59:59.000000,EDH EL1 EL2 ELZ (100 Hz); LDH LL1 LL2 LLZ (1 Hz),100.0,pressure+seismometer,Geospace GS-11D/Quanterra Q330 Linear Phase Below | HTI-90-U Hydrophone;/Quanterra Q330 Linear Phase B,EarthScope,fdsn,4
XT_2003,ST216,XT,12.8304,-67.5858,-3482.0,2004-05-06 00:00:00.000,2004-05-10 23:59:59.000000,EDH EL1 EL2 ELZ (100 Hz); LDH LL1 LL2 LLZ (1 Hz),100.0,pressure+seismometer,Geospace GS-11D/Quanterra Q330 Linear Phase Below | HTI-90-U Hydrophone;/Quanterra Q330 Linear Phase B,EarthScope,fdsn,4
XT_2003,ST217,XT,12.7457,-67.5784,-4286.0,2004-05-06 00:00:00.000,2004-05-10 23:59:59.000000,EDH EL1 EL2 ELZ (100 Hz); LDH LL1 LL2 LLZ (1 Hz),100.0,pressure+seismometer,Geospace GS-11D/Quanterra Q330 Linear Phase Below | HTI-90-U Hydrophone;/Quanterra Q330 Linear Phase B,EarthScope,fdsn,4
XT_2003,ST218,XT,12.6608,-67.570602,-4468.0,2004-05-06 00:00:00.000,2004-05-10 23:59:59.000000,EDH EL1 EL2 ELZ (100 Hz); LDH LL1 LL2 LLZ (1 Hz),100.0,pressure+seismometer,Geospace GS-11D/Quanterra Q330 Linear Phase Below | HTI-90-U Hydrophone;/Quanterra Q330 Linear Phase B,EarthScope,fdsn,4
XT_2003,ST219,XT,12.576,-67.562202,-4656.0,2004-05-06 00:00:00.000,2004-05-10 23:59:59.000000,EDH EL1 EL2 ELZ (100 Hz); LDH LL1 LL2 LLZ (1 Hz),100.0,pressure+seismometer,Geospace GS-11D/Quanterra Q330 Linear Phase Below | HTI-90-U Hydrophone;/Quanterra Q330 Linear Phase B,EarthScope,fdsn,4
XT_2003,ST220,XT,12.4916,-67.554703,-4644.0,2004-05-06 00:00:00.000,2004-05-10 23:59:59.000000,EDH EL1 EL2 ELZ (100 Hz); LDH LL1 LL2 LLZ (1 Hz),100.0,pressure+seismometer,Geospace GS-11D/Quanterra Q330 Linear Phase Below | HTI-90-U Hydrophone;/Quanterra Q330 Linear Phase B,EarthScope,fdsn,4
XT_2003,ST221,XT,12.4071,-67.547302,-2956.0,2004-05-06 00:00:00.000,2004-05-09 23:59:59.000000,EDH EL1 EL2 ELZ (100 Hz); LDH LL1 LL2 LLZ (1 Hz),100.0,pressure+seismometer,Geospace GS-11D/Quanterra Q330 Linear Phase Below | HTI-90-U Hydrophone;/Quanterra Q330 Linear Phase B,EarthScope,fdsn,3
XT_2003,ST222,XT,12.3216,-67.539703,-1505.0,2004-05-06 00:00:00.000,2004-05-09 23:59:59.000000,EDH EL1 EL2 ELZ (100 Hz); LDH LL1 LL2 LLZ (1 Hz),100.0,pressure+seismometer,Geospace GS-11D/Quanterra Q330 Linear Phase Below | HTI-90-U Hydrophone;/Quanterra Q330 Linear Phase B,EarthScope,fdsn,3
XT_2003,ST223,XT,12.2375,-67.532402,-751.0,2004-05-06 00:00:00.000,2004-05-09 23:59:59.000000,EDH EL1 EL2 ELZ (100 Hz); LDH LL1 LL2 LLZ (1 Hz),100.0,pressure+seismometer,Geospace GS-11D/Quanterra Q330 Linear Phase Below | HTI-90-U Hydrophone;/Quanterra Q330 Linear Phase B,EarthScope,fdsn,3
XT_2003,ST224,XT,12.153,-67.524498,-358.0,2004-05-06 00:00:00.000,2004-05-09 23:59:59.000000,EDH EL1 EL2 ELZ (100 Hz); LDH LL1 LL2 LLZ (1 Hz),100.0,pressure+seismometer,Geospace GS-11D/Quanterra Q330 Linear Phase Below | HTI-90-U Hydrophone;/Quanterra Q330 Linear Phase B,EarthScope,fdsn,3
XT_2003,ST225,XT,12.0684,-67.517197,-308.0,2004-05-06 00:00:00.000,2004-05-09 23:59:59.000000,EDH EL1 EL2 ELZ (100 Hz); LDH LL1 LL2 LLZ (1 Hz),100.0,pressure+seismometer,Geospace GS-11D/Quanterra Q330 Linear Phase Below | HTI-90-U Hydrophone;/Quanterra Q330 Linear Phase B,EarthScope,fdsn,3
XT_2003,ST238,XT,10.9681,-67.418999,-1084.0,2004-05-06 00:00:00.000,2004-05-08 23:59:59.000000,EDH EL1 EL2 ELZ (100 Hz); LDH LL1 LL2 LLZ (1 Hz),100.0,pressure+seismometer,Geospace GS-11D/Quanterra Q330 Linear Phase Below | HTI-90-U Hydrophone;/Quanterra Q330 Linear Phase B,EarthScope,fdsn,2
XT_2003,ST239,XT,10.8833,-67.411598,-867.0,2004-05-05 00:00:00.000,2004-05-08 23:59:59.000000,EDH EL1 EL2 ELZ (100 Hz); LDH LL1 LL2 LLZ (1 Hz),100.0,pressure+seismometer,Geospace GS-11D/Quanterra Q330 Linear Phase Below | HTI-90-U Hydrophone;/Quanterra Q330 Linear Phase B,EarthScope,fdsn,3
XT_2003,ST240,XT,10.7985,-67.404297,-761.0,2004-05-05 00:00:00.000,2004-05-08 23:59:59.000000,EDH EL1 EL2 ELZ (100 Hz); LDH LL1 LL2 LLZ (1 Hz),100.0,pressure+seismometer,Geospace GS-11D/Quanterra Q330 Linear Phase Below | HTI-90-U Hydrophone;/Quanterra Q330 Linear Phase B,EarthScope,fdsn,3
XT_2003,ST241,XT,10.714,-67.396599,-869.0,2004-05-05 00:00:00.000,2004-05-08 23:59:59.000000,EDH EL1 EL2 ELZ (100 Hz); LDH LL1 LL2 LLZ (1 Hz),100.0,pressure+seismometer,Geospace GS-11D/Quanterra Q330 Linear Phase Below | HTI-90-U Hydrophone;/Quanterra Q330 Linear Phase B,EarthScope,fdsn,3
XT_2003,ST242,XT,10.6291,-67.389,-867.0,2004-05-06 00:00:00.000,2004-05-08 23:59:59.000000,EDH EL1 EL2 ELZ (100 Hz); LDH LL1 LL2 LLZ (1 Hz),100.0,pressure+seismometer,Geospace GS-11D/Quanterra Q330 Linear Phase Below | HTI-90-U Hydrophone;/Quanterra Q330 Linear Phase B,EarthScope,fdsn,2
XT_2003,ST301,XT,13.3501,-64.300301,-3226.0,2004-05-14 00:00:00.000,2004-05-23 23:59:59.000000,EDH EL1 EL2 ELZ (100 Hz); LDH LL1 LL2 LLZ (1 Hz),100.0,pressure+seismometer,Geospace GS-11D/Quanterra Q330 Linear Phase Below | HTI-90-U Hydrophone;/Quanterra Q330 Linear Phase B,EarthScope,fdsn,9
XT_2003,ST302,XT,13.2725,-64.282204,-3230.0,2004-05-14 00:00:00.000,2004-05-23 23:59:59.000000,EDH EL1 EL2 ELZ (100 Hz); LDH LL1 LL2 LLZ (1 Hz),100.0,pressure+seismometer,Geospace GS-11D/Quanterra Q330 Linear Phase Below | HTI-90-U Hydrophone;/Quanterra Q330 Linear Phase B,EarthScope,fdsn,9
XT_2003,ST303,XT,13.1951,-64.264297,-3214.0,2004-05-14 00:00:00.000,2004-05-23 23:59:59.000000,EDH EL1 EL2 ELZ (100 Hz); LDH LL1 LL2 LLZ (1 Hz),100.0,pressure+seismometer,Geospace GS-11D/Quanterra Q330 Linear Phase Below | HTI-90-U Hydrophone;/Quanterra Q330 Linear Phase B,EarthScope,fdsn,9
XT_2003,ST304,XT,13.1172,-64.2463,-3167.0,2004-05-14 00:00:00.000,2004-05-23 23:59:59.000000,EDH EL1 EL2 ELZ (100 Hz); LDH LL1 LL2 LLZ (1 Hz),100.0,pressure+seismometer,Geospace GS-11D/Quanterra Q330 Linear Phase Below | HTI-90-U Hydrophone;/Quanterra Q330 Linear Phase B,EarthScope,fdsn,9
XT_2003,ST305,XT,13.0395,-64.228699,-3152.0,2004-05-14 00:00:00.000,2004-05-23 23:59:59.000000,EDH EL1 EL2 ELZ (100 Hz); LDH LL1 LL2 LLZ (1 Hz),100.0,pressure+seismometer,Geospace GS-11D/Quanterra Q330 Linear Phase Below | HTI-90-U Hydrophone;/Quanterra Q330 Linear Phase B,EarthScope,fdsn,9
XT_2003,ST306,XT,12.9616,-64.2108,-3131.0,2004-05-13 00:00:00.000,2004-05-23 23:59:59.000000,EDH EL1 EL2 ELZ (100 Hz); LDH LL1 LL2 LLZ (1 Hz),100.0,pressure+seismometer,Geospace GS-11D/Quanterra Q330 Linear Phase Below | HTI-90-U Hydrophone;/Quanterra Q330 Linear Phase B,EarthScope,fdsn,10
XT_2003,ST307,XT,12.8836,-64.192703,-3081.0,2004-05-13 00:00:00.000,2004-05-23 23:59:59.000000,EDH EL1 EL2 ELZ (100 Hz); LDH LL1 LL2 LLZ (1 Hz),100.0,pressure+seismometer,Geospace GS-11D/Quanterra Q330 Linear Phase Below | HTI-90-U Hydrophone;/Quanterra Q330 Linear Phase B,EarthScope,fdsn,10
XT_2003,ST308,XT,12.8076,-64.175301,-3047.0,2004-05-14 00:00:00.000,2004-05-23 23:59:59.000000,EDH EL1 EL2 ELZ (100 Hz); LDH LL1 LL2 LLZ (1 Hz),100.0,pressure+seismometer,Geospace GS-11D/Quanterra Q330 Linear Phase Below | HTI-90-U Hydrophone;/Quanterra Q330 Linear Phase B,EarthScope,fdsn,9
XT_2003,ST310,XT,12.6515,-64.140297,-3166.0,2004-05-14 00:00:00.000,2004-05-22 23:59:59.000000,EDH EL1 EL2 ELZ (100 Hz); LDH LL1 LL2 LLZ (1 Hz),100.0,pressure+seismometer,Geospace GS-11D/Quanterra Q330 Linear Phase Below | HTI-90-U Hydrophone;/Quanterra Q330 Linear Phase B,EarthScope,fdsn,8
XT_2003,ST311,XT,12.5739,-64.122002,-3328.0,2004-05-13 00:00:00.000,2004-05-22 23:59:59.000000,EDH EL1 EL2 ELZ (100 Hz); LDH LL1 LL2 LLZ (1 Hz),100.0,pressure+seismometer,Geospace GS-11D/Quanterra Q330 Linear Phase Below | HTI-90-U Hydrophone;/Quanterra Q330 Linear Phase B,EarthScope,fdsn,9
XT_2003,ST312,XT,12.4964,-64.104202,-3221.0,2004-05-14 00:00:00.000,2004-05-22 23:59:59.000000,EDH EL1 EL2 ELZ (100 Hz); LDH LL1 LL2 LLZ (1 Hz),100.0,pressure+seismometer,Geospace GS-11D/Quanterra Q330 Linear Phase Below | HTI-90-U Hydrophone;/Quanterra Q330 Linear Phase B,EarthScope,fdsn,8
XT_2003,ST313,XT,12.4188,-64.0868,-3366.0,2004-05-13 00:00:00.000,2004-05-22 23:59:59.000000,EDH EL1 EL2 ELZ (100 Hz); LDH LL1 LL2 LLZ (1 Hz),100.0,pressure+seismometer,Geospace GS-11D/Quanterra Q330 Linear Phase Below | HTI-90-U Hydrophone;/Quanterra Q330 Linear Phase B,EarthScope,fdsn,9
XT_2003,ST314,XT,12.3413,-64.068001,-3559.0,2004-05-13 00:00:00.000,2004-05-22 23:59:59.000000,EDH EL1 EL2 ELZ (100 Hz); LDH LL1 LL2 LLZ (1 Hz),100.0,pressure+seismometer,Geospace GS-11D/Quanterra Q330 Linear Phase Below | HTI-90-U Hydrophone;/Quanterra Q330 Linear Phase B,EarthScope,fdsn,9
XT_2003,ST320,XT,11.8752,-63.962002,-353.0,2004-05-13 00:00:00.000,2004-05-21 23:59:59.000000,EDH EL1 EL2 ELZ (100 Hz); LDH LL1 LL2 LLZ (1 Hz),100.0,pressure+seismometer,Geospace GS-11D/Quanterra Q330 Linear Phase Below | HTI-90-U Hydrophone;/Quanterra Q330 Linear Phase B,EarthScope,fdsn,8
XT_2003,ST321,XT,11.7971,-63.944698,-435.0,2004-05-13 00:00:00.000,2004-05-21 23:59:59.000000,EDH EL1 EL2 ELZ (100 Hz); LDH LL1 LL2 LLZ (1 Hz),100.0,pressure+seismometer,Geospace GS-11D/Quanterra Q330 Linear Phase Below | HTI-90-U Hydrophone;/Quanterra Q330 Linear Phase B,EarthScope,fdsn,8
XT_2003,ST322,XT,11.7197,-63.927101,-632.0,2004-05-13 00:00:00.000,2004-05-21 23:59:59.000000,EDH EL1 EL2 ELZ (100 Hz); LDH LL1 LL2 LLZ (1 Hz),100.0,pressure+seismometer,Geospace GS-11D/Quanterra Q330 Linear Phase Below | HTI-90-U Hydrophone;/Quanterra Q330 Linear Phase B,EarthScope,fdsn,8
XT_2003,ST323,XT,11.6417,-63.909302,-573.0,2004-05-13 00:00:00.000,2004-05-21 23:59:59.000000,EDH EL1 EL2 ELZ (100 Hz); LDH LL1 LL2 LLZ (1 Hz),100.0,pressure+seismometer,Geospace GS-11D/Quanterra Q330 Linear Phase Below | HTI-90-U Hydrophone;/Quanterra Q330 Linear Phase B,EarthScope,fdsn,8
XT_2003,ST324,XT,11.5641,-63.891701,-175.0,2004-05-14 00:00:00.000,2004-05-21 23:59:59.000000,EDH EL1 EL2 ELZ (100 Hz); LDH LL1 LL2 LLZ (1 Hz),100.0,pressure+seismometer,Geospace GS-11D/Quanterra Q330 Linear Phase Below | HTI-90-U Hydrophone;/Quanterra Q330 Linear Phase B,EarthScope,fdsn,7
XT_2003,ST325,XT,11.4865,-63.8741,-65.0,2004-05-13 00:00:00.000,2004-05-21 23:59:59.000000,EDH EL1 EL2 ELZ (100 Hz); LDH LL1 LL2 LLZ (1 Hz),100.0,pressure+seismometer,Geospace GS-11D/Quanterra Q330 Linear Phase Below | HTI-90-U Hydrophone;/Quanterra Q330 Linear Phase B,EarthScope,fdsn,8
XT_2003,ST326,XT,11.4089,-63.8563,-48.0,2004-05-13 00:00:00.000,2004-05-21 23:59:59.000000,EDH EL1 EL2 ELZ (100 Hz); LDH LL1 LL2 LLZ (1 Hz),100.0,pressure+seismometer,Geospace GS-11D/Quanterra Q330 Linear Phase Below | HTI-90-U Hydrophone;/Quanterra Q330 Linear Phase B,EarthScope,fdsn,8
XT_2003,ST327,XT,11.331,-63.838799,-32.0,2004-05-13 00:00:00.000,2004-05-21 23:59:59.000000,EDH EL1 EL2 ELZ (100 Hz); LDH LL1 LL2 LLZ (1 Hz),100.0,pressure+seismometer,Geospace GS-11D/Quanterra Q330 Linear Phase Below | HTI-90-U Hydrophone;/Quanterra Q330 Linear Phase B,EarthScope,fdsn,8
XT_2003,ST328,XT,11.2535,-63.821098,-33.0,2004-05-13 00:00:00.000,2004-05-21 23:59:59.000000,EDH EL1 EL2 ELZ (100 Hz); LDH LL1 LL2 LLZ (1 Hz),100.0,pressure+seismometer,Geospace GS-11D/Quanterra Q330 Linear Phase Below | HTI-90-U Hydrophone;/Quanterra Q330 Linear Phase B,EarthScope,fdsn,8
XT_2003,ST333,XT,10.8652,-63.733002,-31.0,2004-05-13 00:00:00.000,2004-05-21 23:59:59.000000,EDH EL1 EL2 ELZ (100 Hz); LDH LL1 LL2 LLZ (1 Hz),100.0,pressure+seismometer,Geospace GS-11D/Quanterra Q330 Linear Phase Below | HTI-90-U Hydrophone;/Quanterra Q330 Linear Phase B,EarthScope,fdsn,8
XT_2003,ST401,XT,13.0023,-64.068298,-2970.0,2004-05-23 00:00:00.000,2004-05-31 23:59:59.000000,EDH EL1 EL2 ELZ (100 Hz); LDH LL1 LL2 LLZ (1 Hz),100.0,pressure+seismometer,Geospace GS-11D/Quanterra Q330 Linear Phase Below | HTI-90-U Hydrophone;/Quanterra Q330 Linear Phase B,EarthScope,fdsn,8
XT_2003,ST403,XT,12.8501,-63.8209,-2020.0,2004-05-23 00:00:00.000,2004-05-31 23:59:59.000000,EDH EL1 EL2 ELZ (100 Hz); LDH LL1 LL2 LLZ (1 Hz),100.0,pressure+seismometer,Geospace GS-11D/Quanterra Q330 Linear Phase Below | HTI-90-U Hydrophone;/Quanterra Q330 Linear Phase B,EarthScope,fdsn,8
XT_2003,ST405,XT,12.6981,-63.5741,-1000.0,2004-05-23 00:00:00.000,2004-05-31 23:59:59.000000,EDH EL1 EL2 ELZ (100 Hz); LDH LL1 LL2 LLZ (1 Hz),100.0,pressure+seismometer,Geospace GS-11D/Quanterra Q330 Linear Phase Below | HTI-90-U Hydrophone;/Quanterra Q330 Linear Phase B,EarthScope,fdsn,8
XT_2003,ST406,XT,12.6221,-63.451099,-1036.0,2004-05-23 00:00:00.000,2004-05-31 23:59:59.000000,EDH EL1 EL2 ELZ (100 Hz); LDH LL1 LL2 LLZ (1 Hz),100.0,pressure+seismometer,Geospace GS-11D/Quanterra Q330 Linear Phase Below | HTI-90-U Hydrophone;/Quanterra Q330 Linear Phase B,EarthScope,fdsn,8
XT_2003,ST407,XT,12.5459,-63.327702,-1551.0,2004-05-23 00:00:00.000,2004-05-31 23:59:59.000000,EDH EL1 EL2 ELZ (100 Hz); LDH LL1 LL2 LLZ (1 Hz),100.0,pressure+seismometer,Geospace GS-11D/Quanterra Q330 Linear Phase Below | HTI-90-U Hydrophone;/Quanterra Q330 Linear Phase B,EarthScope,fdsn,8
XT_2003,ST415,XT,11.9998,-62.450901,-1940.0,2004-05-24 00:00:00.000,2004-05-30 23:59:59.000000,EDH EL1 EL2 ELZ (100 Hz); LDH LL1 LL2 LLZ (1 Hz),100.0,pressure+seismometer,Geospace GS-11D/Quanterra Q330 Linear Phase Below | HTI-90-U Hydrophone;/Quanterra Q330 Linear Phase B,EarthScope,fdsn,6
XT_2003,ST416,XT,11.863,-62.231998,-1870.0,2004-05-24 00:00:00.000,2004-05-30 23:59:59.000000,EDH EL1 EL2 ELZ (100 Hz); LDH LL1 LL2 LLZ (1 Hz),100.0,pressure+seismometer,Geospace GS-11D/Quanterra Q330 Linear Phase Below | HTI-90-U Hydrophone;/Quanterra Q330 Linear Phase B,EarthScope,fdsn,6
XT_2003,ST417,XT,11.8118,-62.149899,-428.0,2004-05-24 00:00:00.000,2004-05-30 23:59:59.000000,EDH EL1 EL2 ELZ (100 Hz); LDH LL1 LL2 LLZ (1 Hz),100.0,pressure+seismometer,Geospace GS-11D/Quanterra Q330 Linear Phase Below | HTI-90-U Hydrophone;/Quanterra Q330 Linear Phase B,EarthScope,fdsn,6
XT_2003,ST418,XT,11.7604,-62.068401,-399.0,2004-05-23 00:00:00.000,2004-05-30 23:59:59.000000,EDH EL1 EL2 ELZ (100 Hz); LDH LL1 LL2 LLZ (1 Hz),100.0,pressure+seismometer,Geospace GS-11D/Quanterra Q330 Linear Phase Below | HTI-90-U Hydrophone;/Quanterra Q330 Linear Phase B,EarthScope,fdsn,7
XT_2003,ST419,XT,11.7085,-61.986099,-761.0,2004-05-24 00:00:00.000,2004-05-30 23:59:59.000000,EDH EL1 EL2 ELZ (100 Hz); LDH LL1 LL2 LLZ (1 Hz),100.0,pressure+seismometer,Geospace GS-11D/Quanterra Q330 Linear Phase Below | HTI-90-U Hydrophone;/Quanterra Q330 Linear Phase B,EarthScope,fdsn,6
XT_2003,ST420,XT,11.657,-61.9048,-705.0,2004-05-24 00:00:00.000,2004-05-30 23:59:59.000000,EDH EL1 EL2 ELZ (100 Hz); LDH LL1 LL2 LLZ (1 Hz),100.0,pressure+seismometer,Geospace GS-11D/Quanterra Q330 Linear Phase Below | HTI-90-U Hydrophone;/Quanterra Q330 Linear Phase B,EarthScope,fdsn,6
XT_2003,ST421,XT,11.5887,-61.795502,-578.0,2004-05-23 00:00:00.000,2004-05-30 23:59:59.000000,EDH EL1 EL2 ELZ (100 Hz); LDH LL1 LL2 LLZ (1 Hz),100.0,pressure+seismometer,Geospace GS-11D/Quanterra Q330 Linear Phase Below | HTI-90-U Hydrophone;/Quanterra Q330 Linear Phase B,EarthScope,fdsn,7
XT_2003,ST422,XT,11.5204,-61.686199,-253.0,2004-05-24 00:00:00.000,2004-05-30 23:59:59.000000,EDH EL1 EL2 ELZ (100 Hz); LDH LL1 LL2 LLZ (1 Hz),100.0,pressure+seismometer,Geospace GS-11D/Quanterra Q330 Linear Phase Below | HTI-90-U Hydrophone;/Quanterra Q330 Linear Phase B,EarthScope,fdsn,6
XT_2003,ST423,XT,11.4518,-61.577301,-177.0,2004-05-23 00:00:00.000,2004-05-30 23:59:59.000000,EDH EL1 EL2 ELZ (100 Hz); LDH LL1 LL2 LLZ (1 Hz),100.0,pressure+seismometer,Geospace GS-11D/Quanterra Q330 Linear Phase Below | HTI-90-U Hydrophone;/Quanterra Q330 Linear Phase B,EarthScope,fdsn,7
XT_2003,ST424,XT,11.383,-61.468601,-166.0,2004-05-23 00:00:00.000,2004-05-30 23:59:59.000000,EDH EL1 EL2 ELZ (100 Hz); LDH LL1 LL2 LLZ (1 Hz),100.0,pressure+seismometer,Geospace GS-11D/Quanterra Q330 Linear Phase Below | HTI-90-U Hydrophone;/Quanterra Q330 Linear Phase B,EarthScope,fdsn,7
XT_2003,ST425,XT,11.3141,-61.358799,-160.0,2004-05-24 00:00:00.000,2004-05-30 23:59:59.000000,EDH EL1 EL2 ELZ (100 Hz); LDH LL1 LL2 LLZ (1 Hz),100.0,pressure+seismometer,Geospace GS-11D/Quanterra Q330 Linear Phase Below | HTI-90-U Hydrophone;/Quanterra Q330 Linear Phase B,EarthScope,fdsn,6
XT_2003,ST426,XT,11.2453,-61.2505,-139.0,2004-05-24 00:00:00.000,2004-05-29 23:59:59.000000,EDH EL1 EL2 ELZ (100 Hz); LDH LL1 LL2 LLZ (1 Hz),100.0,pressure+seismometer,Geospace GS-11D/Quanterra Q330 Linear Phase Below | HTI-90-U Hydrophone;/Quanterra Q330 Linear Phase B,EarthScope,fdsn,5
XT_2003,ST427,XT,11.1763,-61.141701,-102.0,2004-05-24 00:00:00.000,2004-05-29 23:59:59.000000,EDH EL1 EL2 ELZ (100 Hz); LDH LL1 LL2 LLZ (1 Hz),100.0,pressure+seismometer,Geospace GS-11D/Quanterra Q330 Linear Phase Below | HTI-90-U Hydrophone;/Quanterra Q330 Linear Phase B,EarthScope,fdsn,5
XT_2003,ST428,XT,11.1074,-61.032902,-83.0,2004-05-24 00:00:00.000,2004-05-29 23:59:59.000000,EDH EL1 EL2 ELZ (100 Hz); LDH LL1 LL2 LLZ (1 Hz),100.0,pressure+seismometer,Geospace GS-11D/Quanterra Q330 Linear Phase Below | HTI-90-U Hydrophone;/Quanterra Q330 Linear Phase B,EarthScope,fdsn,5
XT_2003,ST429,XT,11.0384,-60.924301,-55.0,2004-05-24 00:00:00.000,2004-05-29 23:59:59.000000,EDH EL1 EL2 ELZ (100 Hz); LDH LL1 LL2 LLZ (1 Hz),100.0,pressure+seismometer,Geospace GS-11D/Quanterra Q330 Linear Phase Below | HTI-90-U Hydrophone;/Quanterra Q330 Linear Phase B,EarthScope,fdsn,5
XT_2003,ST430,XT,10.9695,-60.815701,-60.0,2004-05-24 00:00:00.000,2004-05-29 23:59:59.000000,EDH EL1 EL2 ELZ (100 Hz); LDH LL1 LL2 LLZ (1 Hz),100.0,pressure+seismometer,Geospace GS-11D/Quanterra Q330 Linear Phase Below | HTI-90-U Hydrophone;/Quanterra Q330 Linear Phase B,EarthScope,fdsn,5
XT_2003,ST431,XT,10.9002,-60.707001,-49.0,2004-05-24 00:00:00.000,2004-05-29 23:59:59.000000,EDH EL1 EL2 ELZ (100 Hz); LDH LL1 LL2 LLZ (1 Hz),100.0,pressure+seismometer,Geospace GS-11D/Quanterra Q330 Linear Phase Below | HTI-90-U Hydrophone;/Quanterra Q330 Linear Phase B,EarthScope,fdsn,5
XT_2003,ST432,XT,10.8315,-60.598598,-65.0,2004-05-24 00:00:00.000,2004-05-29 23:59:59.000000,EDH EL1 EL2 ELZ (100 Hz); LDH LL1 LL2 LLZ (1 Hz),100.0,pressure+seismometer,Geospace GS-11D/Quanterra Q330 Linear Phase Below | HTI-90-U Hydrophone;/Quanterra Q330 Linear Phase B,EarthScope,fdsn,5
XT_2003,ST433,XT,10.7625,-60.490002,-64.0,2004-05-24 00:00:00.000,2004-05-29 23:59:59.000000,EDH EL1 EL2 ELZ (100 Hz); LDH LL1 LL2 LLZ (1 Hz),100.0,pressure+seismometer,Geospace GS-11D/Quanterra Q330 Linear Phase Below | HTI-90-U Hydrophone;/Quanterra Q330 Linear Phase B,EarthScope,fdsn,5
XT_2003,ST434,XT,10.6933,-60.381599,-83.0,2004-05-24 00:00:00.000,2004-05-29 23:59:59.000000,EDH EL1 EL2 ELZ (100 Hz); LDH LL1 LL2 LLZ (1 Hz),100.0,pressure+seismometer,Geospace GS-11D/Quanterra Q330 Linear Phase Below | HTI-90-U Hydrophone;/Quanterra Q330 Linear Phase B,EarthScope,fdsn,5
XT_2003,ST435,XT,10.6241,-60.273102,-294.0,2004-05-24 00:00:00.000,2004-05-29 23:59:59.000000,EDH EL1 EL2 ELZ (100 Hz); LDH LL1 LL2 LLZ (1 Hz),100.0,pressure+seismometer,Geospace GS-11D/Quanterra Q330 Linear Phase Below | HTI-90-U Hydrophone;/Quanterra Q330 Linear Phase B,EarthScope,fdsn,5
XT_2003,ST436,XT,10.5548,-60.165001,-597.0,2004-05-25 00:00:00.000,2004-05-29 23:59:59.000000,EDH EL1 EL2 ELZ (100 Hz); LDH LL1 LL2 LLZ (1 Hz),100.0,pressure+seismometer,Geospace GS-11D/Quanterra Q330 Linear Phase Below | HTI-90-U Hydrophone;/Quanterra Q330 Linear Phase B,EarthScope,fdsn,4
XU_2005,111,XU,-63.306599,-60.193001,-590.0,2005-01-07 16:56:12.000,2005-01-13 03:12:14.000000,HDH HH1 HH2 HHZ (125 Hz),125.0,pressure+seismometer,LDEO DPG/LDEO_new dummy at 40/125 | LDEO OBS Sensor Mk2/LDEO_new dummy at 40/125,EarthScope,fdsn,5
XU_2005,112,XU,-62.937801,-60.663101,-176.0,2005-01-07 22:30:59.000,2005-01-11 14:09:10.000000,HDH HH1 HH2 HHZ (125 Hz),125.0,pressure+seismometer,LDEO DPG/LDEO_new dummy at 40/125 | LDEO OBS Sensor Mk2/LDEO_new dummy at 40/125,EarthScope,fdsn,3
XU_2005,113,XU,-62.9585,-60.638302,-198.0,2005-01-07 22:17:45.000,2005-01-11 15:48:00.000000,HDH HH1 HH2 HHZ (125 Hz),125.0,pressure+seismometer,LDEO DPG/LDEO_new dummy at 40/125 | LDEO OBS Sensor Mk2/LDEO_new dummy at 40/125,EarthScope,fdsn,3
XU_2005,114,XU,-62.940201,-60.623001,-147.0,2005-01-08 00:12:40.000,2005-01-11 17:41:38.000000,HDH HH1 HH2 HHZ (125 Hz),125.0,pressure+seismometer,LDEO DPG/LDEO_new dummy at 40/125 | LDEO OBS Sensor Mk2/LDEO_new dummy at 40/125,EarthScope,fdsn,3
XU_2005,201,XU,-62.869999,-60.747898,-183.0,2005-01-15 15:30:00.000,2005-02-22 05:46:05.000000,HDH HH1 HH2 HHZ (125 Hz),125.0,pressure+seismometer,LDEO DPG/LDEO_new dummy at 40/125 | LDEO OBS Sensor Mk2/LDEO_new dummy at 40/125,EarthScope,fdsn,37
XU_2005,202,XU,-62.870998,-60.585098,-253.0,2005-01-16 01:30:00.000,2005-02-18 21:01:45.000000,HDH HH1 HH2 HHZ (125 Hz),125.0,pressure+seismometer,LDEO DPG/LDEO_new dummy at 40/125 | LDEO OBS Sensor Mk2/LDEO_new dummy at 40/125,EarthScope,fdsn,33
XU_2005,203,XU,-62.9133,-60.464699,-408.0,2005-01-16 02:45:00.000,2005-02-18 18:18:44.000000,HDH HH1 HH2 HHZ (125 Hz),125.0,pressure+seismometer,LDEO DPG/LDEO_new dummy at 40/125 | LDEO OBS Sensor Mk2/LDEO_new dummy at 40/125,EarthScope,fdsn,33
XU_2005,204,XU,-62.979401,-60.443401,-506.0,2005-01-16 03:50:00.000,2005-02-18 14:19:37.000000,HDH HH1 HH2 HHZ (125 Hz),125.0,pressure+seismometer,LDEO DPG/LDEO_new dummy at 40/125 | LDEO OBS Sensor Mk2/LDEO_new dummy at 40/125,EarthScope,fdsn,33
XU_2005,206,XU,-63.043701,-60.688499,-112.0,2005-01-15 19:15:00.000,2005-02-20 15:07:38.000000,HDH HH1 HH2 HHZ (125 Hz),125.0,pressure+seismometer,LDEO DPG/LDEO_new dummy at 40/125 | LDEO OBS Sensor Mk2/LDEO_new dummy at 40/125,EarthScope,fdsn,35
XU_2005,207,XU,-63.004601,-60.805302,-256.0,2005-01-15 17:50:00.000,2005-02-20 16:45:56.000000,HDH HH1 HH2 HHZ (125 Hz),125.0,pressure+seismometer,LDEO DPG/LDEO_new dummy at 40/125 | LDEO OBS Sensor Mk2/LDEO_new dummy at 40/125,EarthScope,fdsn,35
XU_2005,208,XU,-62.9328,-60.828602,-125.0,2005-01-15 16:40:00.000,2005-02-19 16:53:04.000000,HDH HH1 HH2 HHZ (125 Hz),125.0,pressure+seismometer,LDEO DPG/LDEO_new dummy at 40/125 | LDEO OBS Sensor Mk2/LDEO_new dummy at 40/125,EarthScope,fdsn,35
XU_2005,209,XU,-62.762501,-60.882198,-110.0,2005-01-15 14:05:00.000,2005-01-19 07:15:52.000000,HDH HH1 HH2 HHZ (125 Hz),125.0,pressure+seismometer,LDEO DPG/LDEO_new dummy at 40/125 | LDEO OBS Sensor Mk2/LDEO_new dummy at 40/125,EarthScope,fdsn,3
XU_2005,211,XU,-63.1908,-60.338902,-686.0,2005-01-15 21:58:00.000,2005-01-18 09:17:00.000000,HDH HH1 HH2 HHZ (125 Hz),125.0,pressure+seismometer,LDEO DPG/LDEO_new dummy at 40/125 | LDEO OBS Sensor Mk2/LDEO_new dummy at 40/125,EarthScope,fdsn,2
XU_2005,213,XU,-62.940201,-60.623001,-157.0,2005-01-16 03:05:00.000,2005-02-18 12:05:31.000000,HDH HH1 HH2 HHZ (125 Hz),125.0,pressure+seismometer,LDEO DPG/LDEO_new dummy at 40/125 | LDEO OBS Sensor Mk2/LDEO_new dummy at 40/125,EarthScope,fdsn,33
XU_2005,301,XU,-62.937801,-60.663601,-170.0,2005-01-21 16:19:00.000,2005-02-17 16:03:45.000000,HDH HH1 HH2 HHZ (125 Hz),125.0,pressure+seismometer,LDEO DPG/LDEO_new dummy at 40/125 | LDEO OBS Sensor Mk2/LDEO_new dummy at 40/125,EarthScope,fdsn,26
XU_2005,302,XU,-62.978199,-60.616001,-137.0,2005-01-21 18:53:00.000,2005-02-19 19:30:08.000000,HDH HH1 HH2 HHZ (125 Hz),125.0,pressure+seismometer,LDEO DPG/LDEO_new dummy at 40/125 | LDEO OBS Sensor Mk2/LDEO_new dummy at 40/125,EarthScope,fdsn,29
XW_2016,SS04,XW,-21.12392,-70.62265,-1827.0,2016-10-29 09:16:00.000,2016-11-29 07:36:00.000000,EDH EL1 EL2 ELZ (200 Hz),200.0,pressure+seismometer,HTI_90_U Hydrophone OBSIP-SIO/ABALONES | L28LB OBSIP-SIO Seismometer Differential/ABALONES,EarthScope,fdsn,30
XW_2016,SS05,XW,-20.991011,-70.640312,-1639.0,2016-10-29 07:21:00.000,2016-11-29 09:16:00.000000,EDH EL1 EL2 ELZ (200 Hz),200.0,pressure+seismometer,HTI_90_U Hydrophone OBSIP-SIO/ABALONES | L28LB OBSIP-SIO Seismometer Differential/ABALONES,EarthScope,fdsn,31
XW_2016,SS06,XW,-20.85512,-70.660339,-1785.0,2016-10-28 21:33:00.000,2016-11-29 11:24:00.000000,EDH EL1 EL2 ELZ (200 Hz),200.0,pressure+seismometer,HTI_90_U Hydrophone OBSIP-SIO/ABALONES | L28LB OBSIP-SIO Seismometer Differential/ABALONES,EarthScope,fdsn,31
XW_2016,SS07,XW,-20.732639,-70.683502,-1912.0,2016-10-28 19:51:00.000,2016-11-29 13:03:59.000000,EDH EL1 EL2 ELZ (200 Hz),200.0,pressure+seismometer,HTI_90_U Hydrophone OBSIP-SIO/ABALONES | L28LB OBSIP-SIO Seismometer Differential/ABALONES,EarthScope,fdsn,31
XW_2016,SS08,XW,-20.5639,-70.695839,-1641.0,2016-10-27 23:12:00.000,2016-11-30 13:08:59.000000,EDH EL1 EL2 ELZ (200 Hz),200.0,pressure+seismometer,HTI_90_U Hydrophone OBSIP-SIO/ABALONES | L28LB OBSIP-SIO Seismometer Differential/ABALONES,EarthScope,fdsn,33
XW_2016,SS10,XW,-20.294161,-70.73111,-2112.0,2016-10-27 12:45:00.000,2016-12-01 04:47:59.000000,EDH EL1 EL2 ELZ (200 Hz),200.0,pressure+seismometer,HTI_90_U Hydrophone OBSIP-SIO/ABALONES | L28LB OBSIP-SIO Seismometer Differential/ABALONES,EarthScope,fdsn,34
XW_2016,SS11,XW,-20.15259,-70.749199,-2100.0,2016-10-27 08:14:00.000,2016-12-01 12:22:59.000000,EDH EL1 EL2 ELZ (200 Hz),200.0,pressure+seismometer,HTI_90_U Hydrophone OBSIP-SIO/ABALONES | L28LB OBSIP-SIO Seismometer Differential/ABALONES,EarthScope,fdsn,35
XW_2016,SS12,XW,-20.019341,-70.769203,-1383.0,2016-10-27 07:08:00.000,2016-12-02 01:47:00.000000,EDH EL1 EL2 ELZ (200 Hz),200.0,pressure+seismometer,HTI_90_U Hydrophone OBSIP-SIO/ABALONES | L28LB OBSIP-SIO Seismometer Differential/ABALONES,EarthScope,fdsn,35
XW_2016,SS16,XW,-19.45178,-70.855873,-1430.0,2016-10-26 18:41:00.000,2016-12-02 22:46:00.000000,EDH EL1 EL2 ELZ (200 Hz),200.0,pressure+seismometer,HTI_90_U Hydrophone OBSIP-SIO/ABALONES | L28LB OBSIP-SIO Seismometer Differential/ABALONES,EarthScope,fdsn,37
XW_2016,SS17,XW,-19.306589,-70.870239,-980.0,2016-10-24 11:55:00.000,2016-12-03 11:08:00.000000,EDH EL1 EL2 ELZ (200 Hz),200.0,pressure+seismometer,HTI_90_U Hydrophone OBSIP-SIO/ABALONES | L28LB OBSIP-SIO Seismometer Differential/ABALONES,EarthScope,fdsn,39
XW_2016,SS18,XW,-19.183599,-70.892311,-1520.0,2016-10-24 02:01:00.000,2016-12-03 09:47:00.000000,EDH EL1 EL2 ELZ (200 Hz),200.0,pressure+seismometer,HTI_90_U Hydrophone OBSIP-SIO/ABALONES | L28LB OBSIP-SIO Seismometer Differential/ABALONES,EarthScope,fdsn,40
XW_2016,SS19,XW,-19.040085,-70.905281,-1580.0,2016-10-23 19:31:00.000,2016-12-03 07:58:00.000000,EDH EL1 EL2 ELZ (200 Hz),200.0,pressure+seismometer,HTI_90_U Hydrophone OBSIP-SIO/ABALONES | L28LB OBSIP-SIO Seismometer Differential/ABALONES,EarthScope,fdsn,40
XW_2016,SS20,XW,-18.908386,-70.926254,-1525.0,2016-10-23 19:11:00.000,2016-12-03 06:22:00.000000,EDH EL1 EL2 ELZ (200 Hz),200.0,pressure+seismometer,HTI_90_U Hydrophone OBSIP-SIO/ABALONES | L28LB OBSIP-SIO Seismometer Differential/ABALONES,EarthScope,fdsn,40
XW_2016,SS21,XW,-20.31501,-72.440041,-4423.0,2016-10-25 12:11:00.000,2016-11-02 07:43:00.000000,EDH EL1 EL2 ELZ (200 Hz),200.0,pressure+seismometer,HTI_90_U Hydrophone OBSIP-SIO/ABALONES | L28LB OBSIP-SIO Seismometer Differential/ABALONES,EarthScope,fdsn,7
XW_2016,SS21A,XW,-20.31518,-72.438164,-4400.0,2016-11-02 05:53:00.000,2016-12-06 00:44:59.000000,EDH EL1 EL2 ELZ (200 Hz),200.0,pressure+seismometer,HTI_90_U Hydrophone OBSIP-SIO/ABALONES | L28LB OBSIP-SIO Seismometer Differential/ABALONES,EarthScope,fdsn,33
XW_2016,SS22,XW,-20.24737,-72.297401,-4158.0,2016-10-25 10:52:00.000,2016-12-06 03:21:00.000000,EDH EL1 EL2 ELZ (200 Hz),200.0,pressure+seismometer,HTI_90_U Hydrophone OBSIP-SIO/ABALONES | L28LB OBSIP-SIO Seismometer Differential/ABALONES,EarthScope,fdsn,41
XW_2016,SS23,XW,-20.18539,-72.162437,-2853.0,2016-10-25 09:56:00.000,2016-12-06 05:31:00.000000,EDH EL1 EL2 ELZ (200 Hz),200.0,pressure+seismometer,HTI_90_U Hydrophone OBSIP-SIO/ABALONES | L28LB OBSIP-SIO Seismometer Differential/ABALONES,EarthScope,fdsn,41
XW_2016,SS24,XW,-20.124901,-72.033081,-3330.0,2016-10-25 03:52:00.000,2016-12-06 07:43:00.000000,EDH EL1 EL2 ELZ (200 Hz),200.0,pressure+seismometer,HTI_90_U Hydrophone OBSIP-SIO/ABALONES | L28LB OBSIP-SIO Seismometer Differential/ABALONES,EarthScope,fdsn,42
XW_2016,SS25,XW,-20.062969,-71.900047,-4555.0,2016-10-25 00:32:00.000,2016-12-06 10:19:00.000000,EDH EL1 EL2 ELZ (200 Hz),200.0,pressure+seismometer,HTI_90_U Hydrophone OBSIP-SIO/ABALONES | L28LB OBSIP-SIO Seismometer Differential/ABALONES,EarthScope,fdsn,42
XW_2016,SS26,XW,-20.004589,-71.770416,-4564.0,2016-10-25 00:10:00.000,2016-12-06 12:57:00.000000,EDH EL1 EL2 ELZ (200 Hz),200.0,pressure+seismometer,HTI_90_U Hydrophone OBSIP-SIO/ABALONES | L28LB OBSIP-SIO Seismometer Differential/ABALONES,EarthScope,fdsn,42
XW_2016,SS29,XW,-19.758801,-71.224167,-5244.0,2016-10-24 23:41:00.000,2016-12-04 16:43:00.000000,EDH EL1 EL2 ELZ (200 Hz),200.0,pressure+seismometer,HTI_90_U Hydrophone OBSIP-SIO/ABALONES | L28LB OBSIP-SIO Seismometer Differential/ABALONES,EarthScope,fdsn,40
XW_2016,SS30,XW,-19.703699,-71.11348,-4221.0,2016-10-26 12:44:00.000,2016-12-04 00:32:00.000000,EDH EL1 EL2 ELZ (200 Hz),200.0,pressure+seismometer,HTI_90_U Hydrophone OBSIP-SIO/ABALONES | L28LB OBSIP-SIO Seismometer Differential/ABALONES,EarthScope,fdsn,38
XW_2016,SS32,XW,-19.519279,-70.691101,-772.0,2016-10-26 20:29:00.000,2016-12-02 19:57:00.000000,EDH EL1 EL2 ELZ (200 Hz),200.0,pressure+seismometer,HTI_90_U Hydrophone OBSIP-SIO/ABALONES | L28LB OBSIP-SIO Seismometer Differential/ABALONES,EarthScope,fdsn,36
XW_2016,SS33,XW,-19.459351,-70.565979,-775.0,2016-10-24 08:28:00.000,2016-12-02 18:36:00.000000,EDH EL1 EL2 ELZ (200 Hz),200.0,pressure+seismometer,HTI_90_U Hydrophone OBSIP-SIO/ABALONES | L28LB OBSIP-SIO Seismometer Differential/ABALONES,EarthScope,fdsn,39
XW_2016,SS34,XW,-19.402275,-70.442223,-735.0,2016-10-24 07:04:00.000,2016-12-02 17:08:00.000000,EDH EL1 EL2 ELZ (200 Hz),200.0,pressure+seismometer,HTI_90_U Hydrophone OBSIP-SIO/ABALONES | L28LB OBSIP-SIO Seismometer Differential/ABALONES,EarthScope,fdsn,39
XW_2016,SS35,XW,-19.403179,-71.16304,-3153.0,2016-10-24 16:36:00.000,2016-12-03 15:45:00.000000,EDH EL1 EL2 ELZ (200 Hz),200.0,pressure+seismometer,HTI_90_U Hydrophone OBSIP-SIO/ABALONES | L28LB OBSIP-SIO Seismometer Differential/ABALONES,EarthScope,fdsn,39
XW_2016,SS36,XW,-19.3494,-71.004349,-1697.0,2016-10-24 13:05:00.000,2016-12-03 12:47:00.000000,EDH EL1 EL2 ELZ (200 Hz),200.0,pressure+seismometer,HTI_90_U Hydrophone OBSIP-SIO/ABALONES | L28LB OBSIP-SIO Seismometer Differential/ABALONES,EarthScope,fdsn,39
XW_2016,SS37,XW,-19.25618,-70.725975,-1049.0,2016-10-24 04:48:00.000,2016-12-03 03:17:00.000000,EDH EL1 EL2 ELZ (200 Hz),200.0,pressure+seismometer,HTI_90_U Hydrophone OBSIP-SIO/ABALONES | L28LB OBSIP-SIO Seismometer Differential/ABALONES,EarthScope,fdsn,39
XW_2016,SS38,XW,-19.55237,-71.135712,-3634.0,2016-10-26 16:34:00.000,2016-12-03 18:16:00.000000,EDH EL1 EL2 ELZ (200 Hz),200.0,pressure+seismometer,HTI_90_U Hydrophone OBSIP-SIO/ABALONES | L28LB OBSIP-SIO Seismometer Differential/ABALONES,EarthScope,fdsn,38
XW_2016,SS39,XW,-19.496679,-70.985542,-2412.0,2016-10-26 17:44:00.000,2016-12-03 20:24:00.000000,EDH EL1 EL2 ELZ (200 Hz),200.0,pressure+seismometer,HTI_90_U Hydrophone OBSIP-SIO/ABALONES | L28LB OBSIP-SIO Seismometer Differential/ABALONES,EarthScope,fdsn,38
XW_2016,SS40,XW,-19.37879,-70.71386,-870.0,2016-10-24 09:32:00.000,2016-12-03 00:19:00.000000,EDH EL1 EL2 ELZ (200 Hz),200.0,pressure+seismometer,HTI_90_U Hydrophone OBSIP-SIO/ABALONES | L28LB OBSIP-SIO Seismometer Differential/ABALONES,EarthScope,fdsn,39
XW_2016,SS41,XW,-19.321737,-70.596085,-934.0,2016-10-24 05:55:00.000,2016-12-03 01:41:00.000000,EDH EL1 EL2 ELZ (200 Hz),200.0,pressure+seismometer,HTI_90_U Hydrophone OBSIP-SIO/ABALONES | L28LB OBSIP-SIO Seismometer Differential/ABALONES,EarthScope,fdsn,39
XW_2016,SS42,XW,-19.850161,-71.092758,-4142.0,2016-10-26 12:10:00.000,2016-12-04 13:50:00.000000,EDH EL1 EL2 ELZ (200 Hz),200.0,pressure+seismometer,HTI_90_U Hydrophone OBSIP-SIO/ABALONES | L28LB OBSIP-SIO Seismometer Differential/ABALONES,EarthScope,fdsn,39
XW_2016,SS43,XW,-19.79281,-70.94339,-3070.0,2016-10-26 11:29:00.000,2016-12-04 11:17:00.000000,EDH EL1 EL2 ELZ (200 Hz),200.0,pressure+seismometer,HTI_90_U Hydrophone OBSIP-SIO/ABALONES | L28LB OBSIP-SIO Seismometer Differential/ABALONES,EarthScope,fdsn,38
XW_2016,SS45,XW,-19.605391,-70.540962,-729.0,2016-10-26 21:50:00.000,2016-12-02 15:16:26.000000,EDH EL1 EL2 ELZ (200 Hz),200.0,pressure+seismometer,HTI_90_U Hydrophone OBSIP-SIO/ABALONES | L28LB OBSIP-SIO Seismometer Differential/ABALONES,EarthScope,fdsn,36
XW_2016,SS48,XW,-19.936159,-70.926422,-2689.0,2016-10-26 07:30:00.000,2016-12-01 21:42:00.000000,EDH EL1 EL2 ELZ (200 Hz),200.0,pressure+seismometer,HTI_90_U Hydrophone OBSIP-SIO/ABALONES | L28LB OBSIP-SIO Seismometer Differential/ABALONES,EarthScope,fdsn,36
XW_2016,SS49,XW,-19.83201,-70.627792,-1303.0,2016-10-27 03:43:00.000,2016-12-02 09:12:59.000000,EDH EL1 EL2 ELZ (200 Hz),200.0,pressure+seismometer,HTI_90_U Hydrophone OBSIP-SIO/ABALONES | L28LB OBSIP-SIO Seismometer Differential/ABALONES,EarthScope,fdsn,36
XW_2016,SS50,XW,-19.770081,-70.501839,-998.0,2016-10-26 22:19:00.000,2016-12-02 07:39:59.000000,EDH EL1 EL2 ELZ (200 Hz),200.0,pressure+seismometer,HTI_90_U Hydrophone OBSIP-SIO/ABALONES | L28LB OBSIP-SIO Seismometer Differential/ABALONES,EarthScope,fdsn,36
XW_2016,SS51,XW,-20.249729,-71.021973,-3995.0,2016-10-25 14:48:00.000,2016-12-01 16:31:00.000000,EDH EL1 EL2 ELZ (200 Hz),200.0,pressure+seismometer,HTI_90_U Hydrophone OBSIP-SIO/ABALONES | L28LB OBSIP-SIO Seismometer Differential/ABALONES,EarthScope,fdsn,37
XW_2016,SS52,XW,-20.07019,-70.912872,-2729.0,2016-10-26 05:28:00.000,2016-12-01 23:38:00.000000,EDH EL1 EL2 ELZ (200 Hz),200.0,pressure+seismometer,HTI_90_U Hydrophone OBSIP-SIO/ABALONES | L28LB OBSIP-SIO Seismometer Differential/ABALONES,EarthScope,fdsn,36
XW_2016,SS53,XW,-19.96063,-70.60125,-1236.0,2016-10-27 05:55:00.000,2016-12-02 03:45:00.000000,EDH EL1 EL2 ELZ (200 Hz),200.0,pressure+seismometer,HTI_90_U Hydrophone OBSIP-SIO/ABALONES | L28LB OBSIP-SIO Seismometer Differential/ABALONES,EarthScope,fdsn,35
XW_2016,SS54,XW,-19.914249,-70.469231,-1177.0,2016-10-27 04:50:00.000,2016-12-02 06:11:59.000000,EDH EL1 EL2 ELZ (200 Hz),200.0,pressure+seismometer,HTI_90_U Hydrophone OBSIP-SIO/ABALONES | L28LB OBSIP-SIO Seismometer Differential/ABALONES,EarthScope,fdsn,36
XW_2016,SS55,XW,-20.35981,-71.002502,-4261.0,2016-10-27 16:32:00.000,2016-12-01 00:34:00.000000,EDH EL1 EL2 ELZ (200 Hz),200.0,pressure+seismometer,HTI_90_U Hydrophone OBSIP-SIO/ABALONES | L28LB OBSIP-SIO Seismometer Differential/ABALONES,EarthScope,fdsn,34
XW_2016,SS57,XW,-20.102751,-70.581123,-1179.0,2016-10-27 09:09:00.000,2016-12-01 10:16:00.000000,EDH EL1 EL2 ELZ (200 Hz),200.0,pressure+seismometer,HTI_90_U Hydrophone OBSIP-SIO/ABALONES | L28LB OBSIP-SIO Seismometer Differential/ABALONES,EarthScope,fdsn,35
XW_2016,SS58,XW,-20.06682,-70.436417,-1150.0,2016-10-27 10:22:00.000,2016-12-01 08:50:59.000000,EDH EL1 EL2 ELZ (200 Hz),200.0,pressure+seismometer,HTI_90_U Hydrophone OBSIP-SIO/ABALONES | L28LB OBSIP-SIO Seismometer Differential/ABALONES,EarthScope,fdsn,34
XW_2016,SS59,XW,-20.32408,-70.879303,-3277.0,2016-10-27 16:08:00.000,2016-12-01 02:53:59.000000,EDH EL1 EL2 ELZ (200 Hz),200.0,pressure+seismometer,HTI_90_U Hydrophone OBSIP-SIO/ABALONES | L28LB OBSIP-SIO Seismometer Differential/ABALONES,EarthScope,fdsn,34
XW_2016,SS60,XW,-20.24992,-70.571602,-1071.0,2016-10-27 11:20:00.000,2016-12-01 06:44:59.000000,EDH EL1 EL2 ELZ (200 Hz),200.0,pressure+seismometer,HTI_90_U Hydrophone OBSIP-SIO/ABALONES | L28LB OBSIP-SIO Seismometer Differential/ABALONES,EarthScope,fdsn,34
XW_2016,SS61,XW,-20.591789,-70.841278,-2436.0,2016-10-28 02:24:00.000,2016-11-30 11:10:00.000000,EDH EL1 EL2 ELZ (200 Hz),200.0,pressure+seismometer,HTI_90_U Hydrophone OBSIP-SIO/ABALONES | L28LB OBSIP-SIO Seismometer Differential/ABALONES,EarthScope,fdsn,33
XW_2016,SS64,XW,-20.54295,-70.552582,-884.0,2016-10-27 22:54:00.000,2016-11-30 14:54:00.000000,EDH EL1 EL2 ELZ (200 Hz),200.0,pressure+seismometer,HTI_90_U Hydrophone OBSIP-SIO/ABALONES | L28LB OBSIP-SIO Seismometer Differential/ABALONES,EarthScope,fdsn,33
XW_2016,SS67,XW,-20.48863,-70.991219,-4063.0,2016-10-27 19:26:00.000,2016-11-30 22:07:59.000000,EDH EL1 EL2 ELZ (200 Hz),200.0,pressure+seismometer,HTI_90_U Hydrophone OBSIP-SIO/ABALONES | L28LB OBSIP-SIO Seismometer Differential/ABALONES,EarthScope,fdsn,34
XW_2016,SS68,XW,-20.63176,-70.972717,-3772.0,2016-10-28 03:16:00.000,2016-11-30 09:21:59.000000,EDH EL1 EL2 ELZ (200 Hz),200.0,pressure+seismometer,HTI_90_U Hydrophone OBSIP-SIO/ABALONES | L28LB OBSIP-SIO Seismometer Differential/ABALONES,EarthScope,fdsn,33
XZ_2013,GC001,XZ,27.002199,-90.436401,-2000.0,2013-04-19 00:00:00.000,2013-04-24 23:59:59.000000,EDH EL1 EL2 ELZ (200 Hz); LDH LL1 LL2 LLZ (1 Hz),200.0,pressure+seismometer,Geospace GS-11D/Quanterra Q330 Linear Phase Below | HTI-90-U Hydrophone;/Quanterra Q330 Linear Phase B,EarthScope,fdsn,5
XZ_2013,GC002,XZ,27.0007,-90.426498,-2000.0,2013-04-18 00:00:00.000,2013-04-25 23:59:59.000000,EDH EL1 EL2 ELZ (200 Hz); LDH LL1 LL2 LLZ (1 Hz),200.0,pressure+seismometer,Geospace GS-11D/Quanterra Q330 Linear Phase Below | HTI-90-U Hydrophone;/Quanterra Q330 Linear Phase B,EarthScope,fdsn,7
XZ_2013,GC003,XZ,27.0168,-90.4207,-2000.0,2013-04-19 00:00:00.000,2013-04-25 23:59:59.000000,EDH EL1 EL2 ELZ (200 Hz); LDH LL1 LL2 LLZ (1 Hz),200.0,pressure+seismometer,Geospace GS-11D/Quanterra Q330 Linear Phase Below | HTI-90-U Hydrophone;/Quanterra Q330 Linear Phase B,EarthScope,fdsn,6
XZ_2013,GC004,XZ,27.0019,-90.431801,-2000.0,2013-04-18 00:00:00.000,2013-04-24 23:59:59.000000,EDH EL1 EL2 ELZ (200 Hz); LDH LL1 LL2 LLZ (1 Hz),200.0,pressure+seismometer,Geospace GS-11D/Quanterra Q330 Linear Phase Below | HTI-90-U Hydrophone;/Quanterra Q330 Linear Phase B,EarthScope,fdsn,6
XZ_2013,GC005,XZ,26.999901,-90.421303,-2000.0,2013-04-19 00:00:00.000,2013-04-25 23:59:59.000000,EDH EL1 EL2 ELZ (200 Hz); LDH LL1 LL2 LLZ (1 Hz),200.0,pressure+seismometer,Geospace GS-11D/Quanterra Q330 Linear Phase Below | HTI-90-U Hydrophone;/Quanterra Q330 Linear Phase B,EarthScope,fdsn,6
XZ_2013,GC006,XZ,27.0005,-90.423897,-2000.0,2013-04-19 00:00:00.000,2013-04-25 23:59:59.000000,EDH EL1 EL2 ELZ (200 Hz); LDH LL1 LL2 LLZ (1 Hz),200.0,pressure+seismometer,Geospace GS-11D/Quanterra Q330 Linear Phase Below | HTI-90-U Hydrophone;/Quanterra Q330 Linear Phase B,EarthScope,fdsn,6
XZ_2013,GC007,XZ,26.9995,-90.419098,-2000.0,2013-04-19 00:00:00.000,2013-04-25 23:59:59.000000,EDH EL1 EL2 ELZ (200 Hz); LDH LL1 LL2 LLZ (1 Hz),200.0,pressure+seismometer,Geospace GS-11D/Quanterra Q330 Linear Phase Below | HTI-90-U Hydrophone;/Quanterra Q330 Linear Phase B,EarthScope,fdsn,6
XZ_2013,GC008,XZ,27.0021,-90.434097,-2000.0,2013-04-19 00:00:00.000,2013-04-24 23:59:59.000000,EDH EL1 EL2 ELZ (200 Hz); LDH LL1 LL2 LLZ (1 Hz),200.0,pressure+seismometer,Geospace GS-11D/Quanterra Q330 Linear Phase Below | HTI-90-U Hydrophone;/Quanterra Q330 Linear Phase B,EarthScope,fdsn,5
XZ_2013,GC009,XZ,27.0035,-90.441902,-2000.0,2013-04-19 00:00:00.000,2013-04-24 23:59:59.000000,EDH EL1 EL2 ELZ (200 Hz); LDH LL1 LL2 LLZ (1 Hz),200.0,pressure+seismometer,Geospace GS-11D/Quanterra Q330 Linear Phase Below | HTI-90-U Hydrophone;/Quanterra Q330 Linear Phase B,EarthScope,fdsn,5
XZ_2013,GC010,XZ,27.002899,-90.4394,-2000.0,2013-04-19 00:00:00.000,2013-04-24 23:59:59.000000,EDH EL1 EL2 ELZ (200 Hz); LDH LL1 LL2 LLZ (1 Hz),200.0,pressure+seismometer,Geospace GS-11D/Quanterra Q330 Linear Phase Below | HTI-90-U Hydrophone;/Quanterra Q330 Linear Phase B,EarthScope,fdsn,5
XZ_2013,GC012,XZ,27.004299,-90.436401,-2000.0,2013-04-20 00:00:00.000,2013-04-24 23:59:59.000000,EDH EL1 EL2 ELZ (200 Hz); LDH LL1 LL2 LLZ (1 Hz),200.0,pressure+seismometer,Geospace GS-11D/Quanterra Q330 Linear Phase Below | HTI-90-U Hydrophone;/Quanterra Q330 Linear Phase B,EarthScope,fdsn,4
XZ_2013,GC013,XZ,27.0005,-90.4366,-2000.0,2013-04-20 00:00:00.000,2013-04-24 23:59:59.000000,EDH EL1 EL2 ELZ (200 Hz); LDH LL1 LL2 LLZ (1 Hz),200.0,pressure+seismometer,Geospace GS-11D/Quanterra Q330 Linear Phase Below | HTI-90-U Hydrophone;/Quanterra Q330 Linear Phase B,EarthScope,fdsn,4
XZ_2013,GC015,XZ,26.9986,-90.426498,-2000.0,2013-04-20 00:00:00.000,2013-04-25 23:59:59.000000,EDH EL1 EL2 ELZ (200 Hz); LDH LL1 LL2 LLZ (1 Hz),200.0,pressure+seismometer,Geospace GS-11D/Quanterra Q330 Linear Phase Below | HTI-90-U Hydrophone;/Quanterra Q330 Linear Phase B,EarthScope,fdsn,5
XZ_2013,GC016,XZ,27.003901,-90.422203,-2000.0,2013-04-20 00:00:00.000,2013-04-25 23:59:59.000000,EDH EL1 EL2 ELZ (200 Hz); LDH LL1 LL2 LLZ (1 Hz),200.0,pressure+seismometer,Geospace GS-11D/Quanterra Q330 Linear Phase Below | HTI-90-U Hydrophone;/Quanterra Q330 Linear Phase B,EarthScope,fdsn,5
XZ_2013,GC017,XZ,27.0028,-90.426102,-2000.0,2013-04-20 00:00:00.000,2013-04-25 23:59:59.000000,EDH EL1 EL2 ELZ (200 Hz); LDH LL1 LL2 LLZ (1 Hz),200.0,pressure+seismometer,Geospace GS-11D/Quanterra Q330 Linear Phase Below | HTI-90-U Hydrophone;/Quanterra Q330 Linear Phase B,EarthScope,fdsn,5
XZ_2013,GC018,XZ,27.007299,-90.43,-2000.0,2013-04-19 00:00:00.000,2013-04-25 23:59:59.000000,EDH EL1 EL2 ELZ (200 Hz); LDH LL1 LL2 LLZ (1 Hz),200.0,pressure+seismometer,Geospace GS-11D/Quanterra Q330 Linear Phase Below | HTI-90-U Hydrophone;/Quanterra Q330 Linear Phase B,EarthScope,fdsn,6
XZ_2013,GC020,XZ,27.001301,-90.4291,-2000.0,2013-04-19 00:00:00.000,2013-04-24 23:59:59.000000,EDH EL1 EL2 ELZ (200 Hz); LDH LL1 LL2 LLZ (1 Hz),200.0,pressure+seismometer,Geospace GS-11D/Quanterra Q330 Linear Phase Below | HTI-90-U Hydrophone;/Quanterra Q330 Linear Phase B,EarthScope,fdsn,5
XZ_2013,GC021,XZ,27.004101,-90.431198,-2000.0,2013-04-20 00:00:00.000,2013-04-25 23:59:59.000000,EDH EL1 EL2 ELZ (200 Hz); LDH LL1 LL2 LLZ (1 Hz),200.0,pressure+seismometer,Geospace GS-11D/Quanterra Q330 Linear Phase Below | HTI-90-U Hydrophone;/Quanterra Q330 Linear Phase B,EarthScope,fdsn,5
XZ_2013,GC022,XZ,27.003401,-90.429199,-2000.0,2013-04-19 00:00:00.000,2013-04-24 23:59:59.000000,EDH EL1 EL2 ELZ (200 Hz); LDH LL1 LL2 LLZ (1 Hz),200.0,pressure+seismometer,Geospace GS-11D/Quanterra Q330 Linear Phase Below | HTI-90-U Hydrophone;/Quanterra Q330 Linear Phase B,EarthScope,fdsn,5
XZ_2013,GC023,XZ,26.9986,-90.429497,-2000.0,2013-04-20 00:00:00.000,2013-04-25 23:59:59.000000,EDH EL1 EL2 ELZ (200 Hz); LDH LL1 LL2 LLZ (1 Hz),200.0,pressure+seismometer,Geospace GS-11D/Quanterra Q330 Linear Phase Below | HTI-90-U Hydrophone;/Quanterra Q330 Linear Phase B,EarthScope,fdsn,5
XZ_2013,GC025,XZ,27.008499,-90.421997,-2000.0,2013-04-20 00:00:00.000,2013-04-25 23:59:59.000000,EDH EL1 EL2 ELZ (200 Hz); LDH LL1 LL2 LLZ (1 Hz),200.0,pressure+seismometer,Geospace GS-11D/Quanterra Q330 Linear Phase Below | HTI-90-U Hydrophone;/Quanterra Q330 Linear Phase B,EarthScope,fdsn,5
XZ_2013,WR001,XZ,26.6635,-91.683899,-1976.0,2013-04-26 00:00:00.000,2013-05-01 23:59:59.000000,EDH EL1 EL2 ELZ (200 Hz); LDH LL1 LL2 LLZ (1 Hz),200.0,pressure+seismometer,Geospace GS-11D/Quanterra Q330 Linear Phase Below | HTI-90-U Hydrophone;/Quanterra Q330 Linear Phase B,EarthScope,fdsn,5
XZ_2013,WR002,XZ,26.662901,-91.676201,-1976.0,2013-04-26 00:00:00.000,2013-05-02 23:59:59.000000,EDH EL1 EL2 ELZ (200 Hz); LDH LL1 LL2 LLZ (1 Hz),200.0,pressure+seismometer,Geospace GS-11D/Quanterra Q330 Linear Phase Below | HTI-90-U Hydrophone;/Quanterra Q330 Linear Phase B,EarthScope,fdsn,6
XZ_2013,WR003,XZ,26.663799,-91.687202,-1976.0,2013-04-26 00:00:00.000,2013-05-01 23:59:59.000000,EDH EL1 EL2 ELZ (200 Hz); LDH LL1 LL2 LLZ (1 Hz),200.0,pressure+seismometer,Geospace GS-11D/Quanterra Q330 Linear Phase Below | HTI-90-U Hydrophone;/Quanterra Q330 Linear Phase B,EarthScope,fdsn,5
XZ_2013,WR004,XZ,26.6626,-91.674896,-1976.0,2013-04-26 00:00:00.000,2013-05-02 23:59:59.000000,EDH EL1 EL2 ELZ (200 Hz); LDH LL1 LL2 LLZ (1 Hz),200.0,pressure+seismometer,Geospace GS-11D/Quanterra Q330 Linear Phase Below | HTI-90-U Hydrophone;/Quanterra Q330 Linear Phase B,EarthScope,fdsn,6
XZ_2013,WR005,XZ,26.658501,-91.6717,-1976.0,2013-04-26 00:00:00.000,2013-04-30 23:59:59.000000,EDH EL1 EL2 ELZ (200 Hz); LDH LL1 LL2 LLZ (1 Hz),200.0,pressure+seismometer,Geospace GS-11D/Quanterra Q330 Linear Phase Below | HTI-90-U Hydrophone;/Quanterra Q330 Linear Phase B,EarthScope,fdsn,4
XZ_2013,WR006,XZ,26.6672,-91.682602,-1976.0,2013-04-27 00:00:00.000,2013-04-30 23:59:59.000000,EDH EL1 EL2 ELZ (200 Hz); LDH LL1 LL2 LLZ (1 Hz),200.0,pressure+seismometer,Geospace GS-11D/Quanterra Q330 Linear Phase Below | HTI-90-U Hydrophone;/Quanterra Q330 Linear Phase B,EarthScope,fdsn,3
XZ_2013,WR007,XZ,26.6597,-91.683296,-1976.0,2013-04-26 00:00:00.000,2013-04-30 23:59:59.000000,EDH EL1 EL2 ELZ (200 Hz); LDH LL1 LL2 LLZ (1 Hz),200.0,pressure+seismometer,Geospace GS-11D/Quanterra Q330 Linear Phase Below | HTI-90-U Hydrophone;/Quanterra Q330 Linear Phase B,EarthScope,fdsn,4
XZ_2013,WR008,XZ,26.659201,-91.679497,-1976.0,2013-04-26 00:00:00.000,2013-05-02 23:59:59.000000,EDH EL1 EL2 ELZ (200 Hz); LDH LL1 LL2 LLZ (1 Hz),200.0,pressure+seismometer,Geospace GS-11D/Quanterra Q330 Linear Phase Below | HTI-90-U Hydrophone;/Quanterra Q330 Linear Phase B,EarthScope,fdsn,6
XZ_2013,WR009,XZ,26.6633,-91.6828,-1976.0,2013-04-26 00:00:00.000,2013-05-02 23:59:59.000000,EDH EL1 EL2 ELZ (200 Hz); LDH LL1 LL2 LLZ (1 Hz),200.0,pressure+seismometer,Geospace GS-11D/Quanterra Q330 Linear Phase Below | HTI-90-U Hydrophone;/Quanterra Q330 Linear Phase B,EarthScope,fdsn,6
XZ_2013,WR010,XZ,26.6591,-91.675499,-1976.0,2013-04-26 00:00:00.000,2013-04-30 23:59:59.000000,EDH EL1 EL2 ELZ (200 Hz); LDH LL1 LL2 LLZ (1 Hz),200.0,pressure+seismometer,Geospace GS-11D/Quanterra Q330 Linear Phase Below | HTI-90-U Hydrophone;/Quanterra Q330 Linear Phase B,EarthScope,fdsn,4
XZ_2013,WR011,XZ,26.662201,-91.671204,-1976.0,2013-04-27 00:00:00.000,2013-05-02 23:59:59.000000,EDH EL1 EL2 ELZ (200 Hz); LDH LL1 LL2 LLZ (1 Hz),200.0,pressure+seismometer,Geospace GS-11D/Quanterra Q330 Linear Phase Below | HTI-90-U Hydrophone;/Quanterra Q330 Linear Phase B,EarthScope,fdsn,5
XZ_2013,WR012,XZ,26.667101,-91.679001,-1976.0,2013-04-27 00:00:00.000,2013-04-30 23:59:59.000000,EDH EL1 EL2 ELZ (200 Hz); LDH LL1 LL2 LLZ (1 Hz),200.0,pressure+seismometer,Geospace GS-11D/Quanterra Q330 Linear Phase Below | HTI-90-U Hydrophone;/Quanterra Q330 Linear Phase B,EarthScope,fdsn,3
XZ_2013,WR013,XZ,26.6663,-91.674896,-1976.0,2013-04-27 00:00:00.000,2013-04-30 23:59:59.000000,EDH EL1 EL2 ELZ (200 Hz); LDH LL1 LL2 LLZ (1 Hz),200.0,pressure+seismometer,Geospace GS-11D/Quanterra Q330 Linear Phase Below | HTI-90-U Hydrophone;/Quanterra Q330 Linear Phase B,EarthScope,fdsn,3
XZ_2013,WR014,XZ,26.7059,-91.719398,-1976.0,2013-04-25 00:00:00.000,2013-05-01 23:59:59.000000,EDH EL1 EL2 ELZ (200 Hz); LDH LL1 LL2 LLZ (1 Hz),200.0,pressure+seismometer,Geospace GS-11D/Quanterra Q330 Linear Phase Below | HTI-90-U Hydrophone;/Quanterra Q330 Linear Phase B,EarthScope,fdsn,6
XZ_2013,WR015,XZ,26.700199,-91.7146,-1976.0,2013-04-25 00:00:00.000,2013-05-01 23:59:59.000000,EDH EL1 EL2 ELZ (200 Hz); LDH LL1 LL2 LLZ (1 Hz),200.0,pressure+seismometer,Geospace GS-11D/Quanterra Q330 Linear Phase Below | HTI-90-U Hydrophone;/Quanterra Q330 Linear Phase B,EarthScope,fdsn,6
XZ_2013,WR016,XZ,26.694201,-91.7089,-1976.0,2013-04-27 00:00:00.000,2013-05-01 23:59:59.000000,EDH EL1 EL2 ELZ (200 Hz); LDH LL1 LL2 LLZ (1 Hz),200.0,pressure+seismometer,Geospace GS-11D/Quanterra Q330 Linear Phase Below | HTI-90-U Hydrophone;/Quanterra Q330 Linear Phase B,EarthScope,fdsn,4
XZ_2013,WR017,XZ,26.688601,-91.704201,-1976.0,2013-04-27 00:00:00.000,2013-05-01 23:59:59.000000,EDH EL1 EL2 ELZ (200 Hz); LDH LL1 LL2 LLZ (1 Hz),200.0,pressure+seismometer,Geospace GS-11D/Quanterra Q330 Linear Phase Below | HTI-90-U Hydrophone;/Quanterra Q330 Linear Phase B,EarthScope,fdsn,4
XZ_2013,WR018,XZ,26.682899,-91.699501,-1976.0,2013-04-27 00:00:00.000,2013-05-01 23:59:59.000000,EDH EL1 EL2 ELZ (200 Hz); LDH LL1 LL2 LLZ (1 Hz),200.0,pressure+seismometer,Geospace GS-11D/Quanterra Q330 Linear Phase Below | HTI-90-U Hydrophone;/Quanterra Q330 Linear Phase B,EarthScope,fdsn,4
XZ_2013,WR019,XZ,26.6772,-91.694801,-1976.0,2013-04-27 00:00:00.000,2013-05-01 23:59:59.000000,EDH EL1 EL2 ELZ (200 Hz); LDH LL1 LL2 LLZ (1 Hz),200.0,pressure+seismometer,Geospace GS-11D/Quanterra Q330 Linear Phase Below | HTI-90-U Hydrophone;/Quanterra Q330 Linear Phase B,EarthScope,fdsn,4
XZ_2013,WR020,XZ,26.6731,-91.691101,-1976.0,2013-04-27 00:00:00.000,2013-05-01 23:59:59.000000,EDH EL1 EL2 ELZ (200 Hz); LDH LL1 LL2 LLZ (1 Hz),200.0,pressure+seismometer,Geospace GS-11D/Quanterra Q330 Linear Phase Below | HTI-90-U Hydrophone;/Quanterra Q330 Linear Phase B,EarthScope,fdsn,4
XZ_2013,WR021,XZ,26.6684,-91.687202,-1976.0,2013-04-27 00:00:00.000,2013-05-01 23:59:59.000000,EDH EL1 EL2 ELZ (200 Hz); LDH LL1 LL2 LLZ (1 Hz),200.0,pressure+seismometer,Geospace GS-11D/Quanterra Q330 Linear Phase Below | HTI-90-U Hydrophone;/Quanterra Q330 Linear Phase B,EarthScope,fdsn,4
XZ_2013,WR022,XZ,26.655399,-91.6763,-1976.0,2013-04-26 00:00:00.000,2013-05-02 23:59:59.000000,EDH EL1 EL2 ELZ (200 Hz); LDH LL1 LL2 LLZ (1 Hz),200.0,pressure+seismometer,Geospace GS-11D/Quanterra Q330 Linear Phase Below | HTI-90-U Hydrophone;/Quanterra Q330 Linear Phase B,EarthScope,fdsn,6
XZ_2013,WR023,XZ,26.6509,-91.672096,-1976.0,2013-04-26 00:00:00.000,2013-05-01 23:59:59.000000,EDH EL1 EL2 ELZ (200 Hz); LDH LL1 LL2 LLZ (1 Hz),200.0,pressure+seismometer,Geospace GS-11D/Quanterra Q330 Linear Phase Below | HTI-90-U Hydrophone;/Quanterra Q330 Linear Phase B,EarthScope,fdsn,5
XZ_2013,WR024,XZ,26.6471,-91.670197,-1976.0,2013-04-26 00:00:00.000,2013-05-01 23:59:59.000000,EDH EL1 EL2 ELZ (200 Hz); LDH LL1 LL2 LLZ (1 Hz),200.0,pressure+seismometer,Geospace GS-11D/Quanterra Q330 Linear Phase Below | HTI-90-U Hydrophone;/Quanterra Q330 Linear Phase B,EarthScope,fdsn,5
XZ_2013,WR025,XZ,26.641899,-91.664398,-1976.0,2013-04-26 00:00:00.000,2013-05-01 23:59:59.000000,EDH EL1 EL2 ELZ (200 Hz); LDH LL1 LL2 LLZ (1 Hz),200.0,pressure+seismometer,Geospace GS-11D/Quanterra Q330 Linear Phase Below | HTI-90-U Hydrophone;/Quanterra Q330 Linear Phase B,EarthScope,fdsn,5
Y9_2020,VSN01,Y9,78.8687,6.4488,-1964.0,2020-08-22 15:38:43.000,2021-07-13 13:16:58.000000,HDH HH1 HH2 HHZ (100 Hz),100.0,pressure+seismometer,"HiTech HTI-04-PLC-ULF hydrophone, 0.01-XXX Hz [config: SN-312130_6d6_50M] | Trillium Compact 120s updated improved responses by Nanometrics [config: TC120_improved]",GEOFON,fdsn,324
Y9_2020,VSN03,Y9,78.8846,7.1963,-1251.0,2020-08-23 14:59:58.000,2021-07-13 16:01:21.000000,HDH HH1 HH2 HHZ (100 Hz),100.0,pressure+seismometer,"HiTech HTI-04-PLC-ULF hydrophone, 0.01-XXX Hz [config: SN-312091_6d6_50M] | Trillium Compact 120s updated improved responses by Nanometrics [config: TC120_improved]",GEOFON,fdsn,324
Y9_2020,VSN04,Y9,78.7762,6.6917,-1689.0,2020-08-22 18:34:43.000,2021-07-15 08:50:36.000000,HDH HH1 HH2 HHZ (100 Hz),100.0,pressure+seismometer,"HiTech HTI-04-PLC-ULF hydrophone, 0.01-XXX Hz [config: SN-31206005_6d6_50M] | Trillium Compact 120s updated improved responses by Nanometrics [config: TC120_improved]",GEOFON,fdsn,326
Y9_2020,VSN05,Y9,78.8325,6.8896,-1544.0,2020-08-22 17:02:02.000,2021-07-12 19:34:06.000000,HDH HH1 HH2 HHZ (100 Hz),100.0,pressure+seismometer,"HiTech HTI-04-PLC-ULF hydrophone, 0.01-XXX Hz [config: SN-31207905_6d6_50M] | Trillium Compact 120s updated improved responses by Nanometrics [config: TC120_improved]",GEOFON,fdsn,324
Y9_2020,VSN06,Y9,78.8011,7.3345,-1215.0,2020-08-23 14:19:38.000,2021-07-13 08:47:41.000000,HDH HH1 HH2 HHZ (100 Hz),100.0,pressure+seismometer,"HiTech HTI-04-PLC-ULF hydrophone, 0.01-XXX Hz [config: SN-312117_6d6_50M] | Trillium Compact 120s updated improved responses by Nanometrics [config: TC120_improved]",GEOFON,fdsn,323
Y9_2020,VSN07,Y9,78.6935,6.7569,-1526.0,2020-08-23 09:23:43.000,2021-07-14 10:47:30.000000,HDH HH1 HH2 HHZ (100 Hz),100.0,pressure+seismometer,"HiTech HTI-04-PLC-ULF hydrophone, 0.01-XXX Hz [config: SN-312094_6d6_50M] | Trillium Compact 120s updated improved responses by Nanometrics [config: TC120_improved]",GEOFON,fdsn,325
Y9_2020,VSN08,Y9,78.7457,7.0451,-1415.0,2020-08-23 09:29:52.000,2021-07-13 19:21:31.000000,HDH HH1 HH2 HHZ (100 Hz),100.0,pressure+seismometer,"HiTech HTI-04-PLC-ULF hydrophone, 0.01-XXX Hz [config: SN-312136_6d6_50M] | Trillium Compact 120s updated improved responses by Nanometrics [config: TC120_improved]",GEOFON,fdsn,324
Y9_2020,VSN09,Y9,78.7171,7.4742,-1164.0,2020-08-23 12:30:17.000,2020-11-24 02:58:04.000000,HDH HH1 HH2 HHZ (100 Hz),100.0,pressure+seismometer,"HiTech HTI-04-PLC-ULF hydrophone, 0.01-XXX Hz [config: SN-312173_6d6_50M] | Trillium Compact 120s updated improved responses by Nanometrics [config: TC120_improved]",GEOFON,fdsn,92
YB_2009,16800,YB,52.18593,-127.552534,-51.8,2009-07-17 05:59:00.000,2009-07-20 12:20:00.000000,DP1 DP2 DPZ (250 Hz),250.0,seismometer,Sercel L28/Reftek rt125,EarthScope,fdsn,3
YB_2016,CR101,YB,-29.9398,-15.062,-3649.0,2016-01-16 00:00:00.000,2016-01-17 23:59:59.000000,EDH EL1 EL2 ELZ (200 Hz); LDH LL1 LL2 LLZ (1 Hz),200.0,pressure+seismometer,Geospace GS-11D/Quanterra Q330 Linear Phase Below | HTI-90-U Hydrophone;/Quanterra Q330 Linear Phase B,EarthScope,fdsn,1
YB_2016,CR102,YB,-30.0296,-15.0541,-3712.0,2016-01-16 00:00:00.000,2016-01-17 23:59:59.000000,EDH EL1 EL2 ELZ (200 Hz); LDH LL1 LL2 LLZ (1 Hz),200.0,pressure+seismometer,Geospace GS-11D/Quanterra Q330 Linear Phase Below | HTI-90-U Hydrophone;/Quanterra Q330 Linear Phase B,EarthScope,fdsn,1
YB_2016,CR103,YB,-30.119101,-15.0462,-3365.0,2016-01-16 00:00:00.000,2016-01-17 23:59:59.000000,EDH EL1 EL2 ELZ (200 Hz); LDH LL1 LL2 LLZ (1 Hz),200.0,pressure+seismometer,Geospace GS-11D/Quanterra Q330 Linear Phase Below | HTI-90-U Hydrophone;/Quanterra Q330 Linear Phase B,EarthScope,fdsn,1
YB_2016,CR104,YB,-30.2089,-15.0388,-3102.0,2016-01-16 00:00:00.000,2016-01-17 23:59:59.000000,EDH EL1 EL2 ELZ (200 Hz); LDH LL1 LL2 LLZ (1 Hz),200.0,pressure+seismometer,Geospace GS-11D/Quanterra Q330 Linear Phase Below | HTI-90-U Hydrophone;/Quanterra Q330 Linear Phase B,EarthScope,fdsn,1
YB_2016,CR105,YB,-30.298401,-15.0314,-3051.0,2016-01-16 00:00:00.000,2016-01-17 23:59:59.000000,EDH EL1 EL2 ELZ (200 Hz); LDH LL1 LL2 LLZ (1 Hz),200.0,pressure+seismometer,Geospace GS-11D/Quanterra Q330 Linear Phase Below | HTI-90-U Hydrophone;/Quanterra Q330 Linear Phase B,EarthScope,fdsn,1
YB_2016,CR106,YB,-30.388201,-15.0239,-2934.0,2016-01-16 00:00:00.000,2016-01-17 23:59:59.000000,EDH EL1 EL2 ELZ (200 Hz); LDH LL1 LL2 LLZ (1 Hz),200.0,pressure+seismometer,Geospace GS-11D/Quanterra Q330 Linear Phase Below | HTI-90-U Hydrophone;/Quanterra Q330 Linear Phase B,EarthScope,fdsn,1
YB_2016,CR107,YB,-30.477699,-15.0159,-3085.0,2016-01-16 00:00:00.000,2016-01-17 23:59:59.000000,EDH EL1 EL2 ELZ (200 Hz); LDH LL1 LL2 LLZ (1 Hz),200.0,pressure+seismometer,Geospace GS-11D/Quanterra Q330 Linear Phase Below | HTI-90-U Hydrophone;/Quanterra Q330 Linear Phase B,EarthScope,fdsn,1
YB_2016,CR201,YB,-30.1308,-16.946301,-3543.0,2016-01-18 00:00:00.000,2016-01-20 23:59:59.000000,EDH EL1 EL2 ELZ (200 Hz); LDH LL1 LL2 LLZ (1 Hz),200.0,pressure+seismometer,Geospace GS-11D/Quanterra Q330 Linear Phase Below | HTI-90-U Hydrophone;/Quanterra Q330 Linear Phase B,EarthScope,fdsn,2
YB_2016,CR202,YB,-30.2206,-16.938601,-3723.0,2016-01-18 00:00:00.000,2016-01-20 23:59:59.000000,EDH EL1 EL2 ELZ (200 Hz); LDH LL1 LL2 LLZ (1 Hz),200.0,pressure+seismometer,Geospace GS-11D/Quanterra Q330 Linear Phase Below | HTI-90-U Hydrophone;/Quanterra Q330 Linear Phase B,EarthScope,fdsn,2
YB_2016,CR203,YB,-30.310101,-16.930799,-3596.0,2016-01-18 00:00:00.000,2016-01-21 23:59:59.000000,EDH EL1 EL2 ELZ (200 Hz); LDH LL1 LL2 LLZ (1 Hz),200.0,pressure+seismometer,Geospace GS-11D/Quanterra Q330 Linear Phase Below | HTI-90-U Hydrophone;/Quanterra Q330 Linear Phase B,EarthScope,fdsn,3
YB_2016,CR204,YB,-30.3995,-16.923201,-3719.0,2016-01-18 00:00:00.000,2016-01-19 23:59:59.000000,EDH EL1 EL2 ELZ (200 Hz); LDH LL1 LL2 LLZ (1 Hz),200.0,pressure+seismometer,Geospace GS-11D/Quanterra Q330 Linear Phase Below | HTI-90-U Hydrophone;/Quanterra Q330 Linear Phase B,EarthScope,fdsn,1
YB_2016,CR205,YB,-30.489401,-16.9154,-3678.0,2016-01-18 00:00:00.000,2016-01-19 23:59:59.000000,EDH EL1 EL2 ELZ (200 Hz); LDH LL1 LL2 LLZ (1 Hz),200.0,pressure+seismometer,Geospace GS-11D/Quanterra Q330 Linear Phase Below | HTI-90-U Hydrophone;/Quanterra Q330 Linear Phase B,EarthScope,fdsn,1
YB_2016,CR206,YB,-30.5791,-16.907801,-3733.0,2016-01-18 00:00:00.000,2016-01-19 23:59:59.000000,EDH EL1 EL2 ELZ (200 Hz); LDH LL1 LL2 LLZ (1 Hz),200.0,pressure+seismometer,Geospace GS-11D/Quanterra Q330 Linear Phase Below | HTI-90-U Hydrophone;/Quanterra Q330 Linear Phase B,EarthScope,fdsn,1
YB_2016,CR207,YB,-30.6688,-16.900101,-3666.0,2016-01-18 00:00:00.000,2016-01-19 23:59:59.000000,EDH EL1 EL2 ELZ (200 Hz); LDH LL1 LL2 LLZ (1 Hz),200.0,pressure+seismometer,Geospace GS-11D/Quanterra Q330 Linear Phase Below | HTI-90-U Hydrophone;/Quanterra Q330 Linear Phase B,EarthScope,fdsn,1
YB_2016,CR301,YB,-30.409901,-20.441299,-4129.0,2016-01-21 00:00:00.000,2016-01-22 23:59:59.000000,EDH EL1 EL2 ELZ (200 Hz); LDH LL1 LL2 LLZ (1 Hz),200.0,pressure+seismometer,Geospace GS-11D/Quanterra Q330 Linear Phase Below | HTI-90-U Hydrophone;/Quanterra Q330 Linear Phase B,EarthScope,fdsn,1
YB_2016,CR302,YB,-30.5,-20.4396,-4507.0,2016-01-21 00:00:00.000,2016-01-22 23:59:59.000000,EDH EL1 EL2 ELZ (200 Hz); LDH LL1 LL2 LLZ (1 Hz),200.0,pressure+seismometer,Geospace GS-11D/Quanterra Q330 Linear Phase Below | HTI-90-U Hydrophone;/Quanterra Q330 Linear Phase B,EarthScope,fdsn,1
YB_2016,CR303,YB,-30.59,-20.4368,-4232.0,2016-01-21 00:00:00.000,2016-01-22 23:59:59.000000,EDH EL1 EL2 ELZ (200 Hz); LDH LL1 LL2 LLZ (1 Hz),200.0,pressure+seismometer,Geospace GS-11D/Quanterra Q330 Linear Phase Below | HTI-90-U Hydrophone;/Quanterra Q330 Linear Phase B,EarthScope,fdsn,1
YB_2016,CR304,YB,-30.6798,-20.434401,-4198.0,2016-01-21 00:00:00.000,2016-01-22 23:59:59.000000,EDH EL1 EL2 ELZ (200 Hz); LDH LL1 LL2 LLZ (1 Hz),200.0,pressure+seismometer,Geospace GS-11D/Quanterra Q330 Linear Phase Below | HTI-90-U Hydrophone;/Quanterra Q330 Linear Phase B,EarthScope,fdsn,1
YB_2016,CR305,YB,-30.7696,-20.4326,-4204.0,2016-01-21 00:00:00.000,2016-01-22 23:59:59.000000,EDH EL1 EL2 ELZ (200 Hz); LDH LL1 LL2 LLZ (1 Hz),200.0,pressure+seismometer,Geospace GS-11D/Quanterra Q330 Linear Phase Below | HTI-90-U Hydrophone;/Quanterra Q330 Linear Phase B,EarthScope,fdsn,1
YB_2016,CR306,YB,-30.859699,-20.430099,-4281.0,2016-01-21 00:00:00.000,2016-01-22 23:59:59.000000,EDH EL1 EL2 ELZ (200 Hz); LDH LL1 LL2 LLZ (1 Hz),200.0,pressure+seismometer,Geospace GS-11D/Quanterra Q330 Linear Phase Below | HTI-90-U Hydrophone;/Quanterra Q330 Linear Phase B,EarthScope,fdsn,1
YB_2016,CR307,YB,-30.9498,-20.427601,-4306.0,2016-01-21 00:00:00.000,2016-01-22 23:59:59.000000,EDH EL1 EL2 ELZ (200 Hz); LDH LL1 LL2 LLZ (1 Hz),200.0,pressure+seismometer,Geospace GS-11D/Quanterra Q330 Linear Phase Below | HTI-90-U Hydrophone;/Quanterra Q330 Linear Phase B,EarthScope,fdsn,1
YB_2016,CR401,YB,-30.6259,-24.828501,-4828.0,2016-01-23 00:00:00.000,2016-01-24 23:59:59.000000,EDH EL1 EL2 ELZ (200 Hz); LDH LL1 LL2 LLZ (1 Hz),200.0,pressure+seismometer,Geospace GS-11D/Quanterra Q330 Linear Phase Below | HTI-90-U Hydrophone;/Quanterra Q330 Linear Phase B,EarthScope,fdsn,1
YB_2016,CR402,YB,-30.715799,-24.8267,-4829.0,2016-01-23 00:00:00.000,2016-01-24 23:59:59.000000,EDH EL1 EL2 ELZ (200 Hz); LDH LL1 LL2 LLZ (1 Hz),200.0,pressure+seismometer,Geospace GS-11D/Quanterra Q330 Linear Phase Below | HTI-90-U Hydrophone;/Quanterra Q330 Linear Phase B,EarthScope,fdsn,1
YB_2016,CR403,YB,-30.805599,-24.824499,-4481.0,2016-01-23 00:00:00.000,2016-01-24 23:59:59.000000,EDH EL1 EL2 ELZ (200 Hz); LDH LL1 LL2 LLZ (1 Hz),200.0,pressure+seismometer,Geospace GS-11D/Quanterra Q330 Linear Phase Below | HTI-90-U Hydrophone;/Quanterra Q330 Linear Phase B,EarthScope,fdsn,1
YB_2016,CR404,YB,-30.8957,-24.822599,-4328.0,2016-01-23 00:00:00.000,2016-01-24 23:59:59.000000,EDH EL1 EL2 ELZ (200 Hz); LDH LL1 LL2 LLZ (1 Hz),200.0,pressure+seismometer,Geospace GS-11D/Quanterra Q330 Linear Phase Below | HTI-90-U Hydrophone;/Quanterra Q330 Linear Phase B,EarthScope,fdsn,1
YB_2016,CR405,YB,-30.985701,-24.819901,-4445.0,2016-01-23 00:00:00.000,2016-01-24 23:59:59.000000,EDH EL1 EL2 ELZ (200 Hz); LDH LL1 LL2 LLZ (1 Hz),200.0,pressure+seismometer,Geospace GS-11D/Quanterra Q330 Linear Phase Below | HTI-90-U Hydrophone;/Quanterra Q330 Linear Phase B,EarthScope,fdsn,1
YB_2016,CR406,YB,-31.0753,-24.817499,-4453.0,2016-01-23 00:00:00.000,2016-01-24 23:59:59.000000,EDH EL1 EL2 ELZ (200 Hz); LDH LL1 LL2 LLZ (1 Hz),200.0,pressure+seismometer,Geospace GS-11D/Quanterra Q330 Linear Phase Below | HTI-90-U Hydrophone;/Quanterra Q330 Linear Phase B,EarthScope,fdsn,1
YB_2016,CR407,YB,-31.164499,-24.814699,-4466.0,2016-01-23 00:00:00.000,2016-01-24 23:59:59.000000,EDH EL1 EL2 ELZ (200 Hz); LDH LL1 LL2 LLZ (1 Hz),200.0,pressure+seismometer,Geospace GS-11D/Quanterra Q330 Linear Phase Below | HTI-90-U Hydrophone;/Quanterra Q330 Linear Phase B,EarthScope,fdsn,1
YB_2016,CR501,YB,-30.6723,-26.696501,-4974.0,2016-01-25 00:00:00.000,2016-01-26 23:59:59.000000,EDH EL1 EL2 ELZ (200 Hz); LDH LL1 LL2 LLZ (1 Hz),200.0,pressure+seismometer,Geospace GS-11D/Quanterra Q330 Linear Phase Below | HTI-90-U Hydrophone;/Quanterra Q330 Linear Phase B,EarthScope,fdsn,1
YB_2016,CR502,YB,-30.7619,-26.684099,-4931.0,2016-01-25 00:00:00.000,2016-01-26 23:59:59.000000,EDH EL1 EL2 ELZ (200 Hz); LDH LL1 LL2 LLZ (1 Hz),200.0,pressure+seismometer,Geospace GS-11D/Quanterra Q330 Linear Phase Below | HTI-90-U Hydrophone;/Quanterra Q330 Linear Phase B,EarthScope,fdsn,1
YB_2016,CR503,YB,-30.8519,-26.6919,-4948.0,2016-01-25 00:00:00.000,2016-01-26 23:59:59.000000,EDH EL1 EL2 ELZ (200 Hz); LDH LL1 LL2 LLZ (1 Hz),200.0,pressure+seismometer,Geospace GS-11D/Quanterra Q330 Linear Phase Below | HTI-90-U Hydrophone;/Quanterra Q330 Linear Phase B,EarthScope,fdsn,1
YB_2016,CR504,YB,-30.9417,-26.689699,-5012.0,2016-01-25 00:00:00.000,2016-01-26 23:59:59.000000,EDH EL1 EL2 ELZ (200 Hz); LDH LL1 LL2 LLZ (1 Hz),200.0,pressure+seismometer,Geospace GS-11D/Quanterra Q330 Linear Phase Below | HTI-90-U Hydrophone;/Quanterra Q330 Linear Phase B,EarthScope,fdsn,1
YB_2016,CR505,YB,-31.0317,-26.687599,-4956.0,2016-01-25 00:00:00.000,2016-01-26 23:59:59.000000,EDH EL1 EL2 ELZ (200 Hz); LDH LL1 LL2 LLZ (1 Hz),200.0,pressure+seismometer,Geospace GS-11D/Quanterra Q330 Linear Phase Below | HTI-90-U Hydrophone;/Quanterra Q330 Linear Phase B,EarthScope,fdsn,1
YB_2016,CR506,YB,-31.121599,-26.6852,-4781.0,2016-01-25 00:00:00.000,2016-01-26 23:59:59.000000,EDH EL1 EL2 ELZ (200 Hz); LDH LL1 LL2 LLZ (1 Hz),200.0,pressure+seismometer,Geospace GS-11D/Quanterra Q330 Linear Phase Below | HTI-90-U Hydrophone;/Quanterra Q330 Linear Phase B,EarthScope,fdsn,1
YB_2016,CR507,YB,-31.2115,-26.6831,-4917.0,2016-01-25 00:00:00.000,2016-01-26 23:59:59.000000,EDH EL1 EL2 ELZ (200 Hz); LDH LL1 LL2 LLZ (1 Hz),200.0,pressure+seismometer,Geospace GS-11D/Quanterra Q330 Linear Phase Below | HTI-90-U Hydrophone;/Quanterra Q330 Linear Phase B,EarthScope,fdsn,1
YD_2003,OBS05,YD,38.968399,14.7487,-3245.0,2004-10-07 01:00:00.000,2005-08-25 17:50:19.000000,BDH BH1 BH2 BHZ (40 Hz),40.0,pressure+seismometer,LDEO DPG/LDEO_new dummy at 40/125/100 | LDEO OBS Sensor Mk2/LDEO_new dummy at 40/125/100,EarthScope,fdsn,322
YD_2003,OBS09,YD,39.499901,17.4312,-1060.0,2004-10-07 01:00:00.000,2005-08-27 07:59:58.000000,HDH HH1 HH2 HHZ (128 Hz); BDH BH1 BH2 BHZ (32 Hz),128.0,pressure+seismometer,LDEO DPG/LDEO_old dummy at 32/128 | LDEO OBS Sensor Mk1/LDEO_old dummy at 32/128,EarthScope,fdsn,324
YD_2003,OBS10,YD,39.655998,17.802401,-950.0,2004-11-19 01:00:00.000,2005-02-23 23:59:59.000000,HDH HH1 HH2 HHZ (128 Hz); BDH BH1 BH2 BHZ (32 Hz),128.0,pressure+seismometer,LDEO DPG/LDEO_old dummy at 32/128 | LDEO OBS Sensor Mk1/LDEO_old dummy at 32/128,EarthScope,fdsn,96
YD_2003,OBS14,YD,39.169399,14.4694,-3233.0,2004-10-07 01:00:00.000,2005-02-12 23:59:59.000000,HDH HH1 HH2 HHZ (128 Hz); BDH BH1 BH2 BHZ (32 Hz),128.0,pressure+seismometer,LDEO DPG/LDEO_old dummy at 32/128 | LDEO OBS Sensor Mk1/LDEO_old dummy at 32/128,EarthScope,fdsn,128
YF_2005,STN01,YF,19.0231,-65.526703,-3915.0,2005-03-27 00:00:00.000,2005-11-03 23:59:59.000000,EDH EL1 EL2 ELZ (100 Hz); LDH LL1 LL2 LLZ (1 Hz),100.0,pressure+seismometer,Geospace GS-11D/Quanterra Q330 Linear Phase Below | HTI-90-U Hydrophone;/Quanterra Q330 Linear Phase B,EarthScope,fdsn,221
YF_2005,STN02,YF,19.387199,-65.3153,-5675.0,2005-09-21 00:00:00.000,2005-11-03 23:59:59.000000,EDH EL1 EL2 ELZ (100 Hz); LDH LL1 LL2 LLZ (1 Hz),100.0,pressure+seismometer,Geospace GS-11D/Quanterra Q330 Linear Phase Below | HTI-90-U Hydrophone;/Quanterra Q330 Linear Phase B,EarthScope,fdsn,43
YF_2005,STN03,YF,19.3197,-65.0411,-5788.0,2005-09-19 00:00:00.000,2005-11-03 23:59:59.000000,EDH EL1 EL2 ELZ (100 Hz); LDH LL1 LL2 LLZ (1 Hz),100.0,pressure+seismometer,Geospace GS-11D/Quanterra Q330 Linear Phase Below | HTI-90-U Hydrophone;/Quanterra Q330 Linear Phase B,EarthScope,fdsn,45
YF_2005,STN04,YF,18.8794,-64.839401,-1767.0,2005-03-27 00:00:00.000,2005-04-16 23:59:59.000000,EDH EL1 EL2 ELZ (100 Hz); LDH LL1 LL2 LLZ (1 Hz),100.0,pressure+seismometer,Geospace GS-11D/Quanterra Q330 Linear Phase Below | HTI-90-U Hydrophone;/Quanterra Q330 Linear Phase B,EarthScope,fdsn,20
YF_2005,STN05,YF,19.240499,-64.666901,-4419.0,2005-08-10 00:00:00.000,2005-11-03 23:59:59.000000,EDH EL1 EL2 ELZ (100 Hz); LDH LL1 LL2 LLZ (1 Hz),100.0,pressure+seismometer,Geospace GS-11D/Quanterra Q330 Linear Phase Below | HTI-90-U Hydrophone;/Quanterra Q330 Linear Phase B,EarthScope,fdsn,85
YF_2005,STN06,YF,19.140301,-64.214401,-4550.0,2005-09-25 00:00:00.000,2005-11-05 23:59:59.000000,EDH EL1 EL2 ELZ (100 Hz); LDH LL1 LL2 LLZ (1 Hz),100.0,pressure+seismometer,Geospace GS-11D/Quanterra Q330 Linear Phase Below | HTI-90-U Hydrophone;/Quanterra Q330 Linear Phase B,EarthScope,fdsn,41
YF_2005,STN07,YF,19.5028,-64.438599,-5787.0,2005-09-19 00:00:00.000,2005-11-04 23:59:59.000000,EDH EL1 EL2 ELZ (100 Hz); LDH LL1 LL2 LLZ (1 Hz),100.0,pressure+seismometer,Geospace GS-11D/Quanterra Q330 Linear Phase Below | HTI-90-U Hydrophone;/Quanterra Q330 Linear Phase B,EarthScope,fdsn,46
YF_2005,STN08,YF,20.056101,-63.896099,-5771.0,2005-09-17 00:00:00.000,2005-11-04 23:59:59.000000,EDH EL1 EL2 ELZ (100 Hz); LDH LL1 LL2 LLZ (1 Hz),100.0,pressure+seismometer,Geospace GS-11D/Quanterra Q330 Linear Phase Below | HTI-90-U Hydrophone;/Quanterra Q330 Linear Phase B,EarthScope,fdsn,48
YF_2005,STN10,YF,20.3675,-65.524498,-5644.0,2005-08-10 00:00:00.000,2005-11-05 23:59:59.000000,EDH EL1 EL2 ELZ (100 Hz); LDH LL1 LL2 LLZ (1 Hz),100.0,pressure+seismometer,Geospace GS-11D/Quanterra Q330 Linear Phase Below | HTI-90-U Hydrophone;/Quanterra Q330 Linear Phase B,EarthScope,fdsn,87
YH_2014,EBS1,YH,-38.745899,178.678894,-995.0,2014-05-13 09:08:00.000,2015-06-20 17:55:00.000000,EH1 EH2 EHZ (200 Hz),200.0,seismometer,LE-3D Lite/Dummy Datalogger used in ignorance,EarthScope,fdsn,403
YH_2014,EBS2,YH,-38.7771,178.583496,-930.0,2014-05-11 15:24:00.000,2015-06-20 13:55:00.000000,EH1 EH2 EHZ (200 Hz),200.0,seismometer,LE-3D Lite/Dummy Datalogger used in ignorance,EarthScope,fdsn,404
YH_2014,EBS3,YH,-38.694599,178.650604,-1023.0,2014-05-11 20:34:00.000,2015-06-21 13:30:00.000000,EH1 EH2 EHZ (200 Hz),200.0,seismometer,LE-3D Lite/Dummy Datalogger used in ignorance,EarthScope,fdsn,405
YH_2014,EBS4,YH,-38.688801,178.819901,-1712.0,2014-05-13 12:49:00.000,2015-06-21 17:50:00.000000,EH1 EH2 EHZ (200 Hz),200.0,seismometer,LE-3D Lite/Dummy Datalogger used in ignorance,EarthScope,fdsn,404
YH_2014,EBS5,YH,-38.9944,178.325699,-1348.0,2014-05-11 12:47:00.000,2015-06-25 11:50:00.000000,EH1 EH2 EHZ (200 Hz),200.0,seismometer,LE-3D Lite/Dummy Datalogger used in ignorance,EarthScope,fdsn,409
YH_2014,LOB10,YH,-39.133301,178.313202,-1444.0,2014-05-11 03:47:00.000,2015-06-22 02:00:00.000000,EDH HDH HH1 HH2 HHZ (100 Hz),100.0,pressure+seismometer,HTI-90-U Hydrophone;/LDEO OBS 2011 logger | Nanometrics Trillium Compact Response/LDEO OBS 201 | Parosci APG Pressure/LDEO_APG_logger,EarthScope,fdsn,406
YH_2014,LOBS1,YH,-38.592098,178.818695,-993.6,2014-05-14 11:06:00.000,2015-06-22 02:00:00.000000,EDH HDH HH1 HH2 HHZ (100 Hz),100.0,pressure+seismometer,HTI-90-U Hydrophone;/LDEO OBS 2011 logger | Nanometrics Trillium Compact Response/LDEO OBS 201 | Parosci APG Pressure/LDEO_APG_logger,EarthScope,fdsn,403
YH_2014,LOBS2,YH,-38.620998,179.046097,-3562.5,2014-05-15 04:40:00.000,2015-06-22 02:00:09.000000,EDH HH1 HH2 HHZ (100 Hz),100.0,pressure+seismometer,HTI-90-U Hydrophone;/LDEO OBS 2011 logger | Nanometrics Trillium Compact Response/LDEO OBS 201,EarthScope,fdsn,402
YH_2014,LOBS3,YH,-38.792198,179.147293,-3540.3,2014-05-15 04:40:00.000,2015-06-23 23:00:00.000000,EDH HH1 HH2 HHZ (100 Hz),100.0,pressure+seismometer,HTI-90-U Hydrophone;/LDEO OBS 2011 logger | Nanometrics Trillium Compact Response/LDEO OBS 201,EarthScope,fdsn,404
YH_2014,LOBS4,YH,-39.120098,178.981506,-3440.5,2014-05-15 04:40:00.000,2015-06-22 02:00:00.000000,EDH HDH HH1 HH2 HHZ (100 Hz),100.0,pressure+seismometer,HTI-90-U Hydrophone;/LDEO OBS 2011 logger | Nanometrics Trillium Compact Response/LDEO OBS 201 | Parosci APG Pressure/LDEO_APG_logger,EarthScope,fdsn,402
YH_2014,LOBS5,YH,-39.119301,178.698395,-2361.0,2014-05-15 04:40:00.000,2015-06-23 12:00:00.000000,EDH HDH HH1 HH2 HHZ (100 Hz),100.0,pressure+seismometer,HTI-90-U Hydrophone;/LDEO OBS 2011 logger | Nanometrics Trillium Compact Response/LDEO OBS 201 | Parosci APG Pressure/LDEO_APG_logger,EarthScope,fdsn,404
YH_2014,LOBS6,YH,-38.977798,178.796005,-1873.5,2014-05-14 04:21:30.000,2015-06-26 00:44:00.000000,EDH HDH HH1 HH2 HHZ (100 Hz),100.0,pressure+seismometer,HTI-90-U Hydrophone;/LDEO OBS 2011 logger | Nanometrics Trillium Compact Response/LDEO OBS 201 | Parosci APG Pressure/LDEO_APG_logger,EarthScope,fdsn,407
YH_2014,LOBS7,YH,-38.711498,178.5681,-784.1,2014-05-15 04:40:00.000,2015-06-25 23:00:00.000000,EDH HH1 HH2 HHZ (100 Hz),100.0,pressure+seismometer,HTI-90-U Hydrophone;/LDEO OBS 2011 logger | Nanometrics Trillium Compact Response/LDEO OBS 201,EarthScope,fdsn,406
YH_2014,LOBS8,YH,-38.843201,178.459396,-651.3,2014-05-13 23:50:20.000,2015-06-26 04:16:00.000000,EDH HDH HH1 HH2 HHZ (100 Hz),100.0,pressure+seismometer,HTI-90-U Hydrophone;/LDEO OBS 2011 logger | Nanometrics Trillium Compact Response/LDEO OBS 201 | Parosci APG Pressure/LDEO_APG_logger,EarthScope,fdsn,408
YH_2014,LOBS9,YH,-39.071602,178.521393,-1457.4,2014-05-11 07:51:30.000,2015-06-23 07:11:00.000000,EDH HDH HH1 HH2 HHZ (100 Hz),100.0,pressure+seismometer,HTI-90-U Hydrophone;/LDEO OBS 2011 logger | Nanometrics Trillium Compact Response/LDEO OBS 201 | Parosci APG Pressure/LDEO_APG_logger,EarthScope,fdsn,407
YI_2007,D16,YI,20.396299,-65.352203,-5531.0,2007-03-09 00:00:00.000,2007-09-04 23:59:59.000000,EDH EL1 EL2 ELZ (100 Hz); LDH LL1 LL2 LLZ (1 Hz),100.0,pressure+seismometer,Geospace GS-11D/Quanterra Q330 Linear Phase Below | HTI-90-U Hydrophone;/Quanterra Q330 Linear Phase B,EarthScope,fdsn,179
YI_2007,D18,YI,19.4363,-65.371803,-5150.0,2007-03-09 00:00:00.000,2007-09-04 23:59:59.000000,EDH EL1 EL2 ELZ (100 Hz); LDH LL1 LL2 LLZ (1 Hz),100.0,pressure+seismometer,Geospace GS-11D/Quanterra Q330 Linear Phase Below | HTI-90-U Hydrophone;/Quanterra Q330 Linear Phase B,EarthScope,fdsn,179
YI_2007,D21,YI,19.2362,-63.782799,-5008.0,2007-03-09 00:00:00.000,2007-09-05 23:59:59.000000,EDH EL1 EL2 ELZ (100 Hz); LDH LL1 LL2 LLZ (1 Hz),100.0,pressure+seismometer,Geospace GS-11D/Quanterra Q330 Linear Phase Below | HTI-90-U Hydrophone;/Quanterra Q330 Linear Phase B,EarthScope,fdsn,180
YI_2007,D29,YI,20.237,-64.324402,-5300.0,2007-03-09 00:00:00.000,2007-09-04 23:59:59.000000,EDH EL1 EL2 ELZ (100 Hz); LDH LL1 LL2 LLZ (1 Hz),100.0,pressure+seismometer,Geospace GS-11D/Quanterra Q330 Linear Phase Below | HTI-90-U Hydrophone;/Quanterra Q330 Linear Phase B,EarthScope,fdsn,179
YI_2007,D35,YI,20.112801,-63.517601,-5178.0,2007-03-09 00:00:00.000,2007-09-05 23:59:59.000000,EDH EL1 EL2 ELZ (100 Hz); LDH LL1 LL2 LLZ (1 Hz),100.0,pressure+seismometer,Geospace GS-11D/Quanterra Q330 Linear Phase Below | HTI-90-U Hydrophone;/Quanterra Q330 Linear Phase B,EarthScope,fdsn,180
YI_2020,12S01,YI,55.10332,-135.75949,-2263.0,2021-07-28 05:22:00.000,2021-08-03 02:39:00.000000,EDH EL1 EL2 ELZ (200 Hz),200.0,pressure+seismometer,HTI_90_U Hydrophone OBSIP-SIO/ABALONES | L28LB OBSIP-SIO Seismometer Differential/ABALONES,EarthScope,fdsn,5
YI_2020,12S02,YI,55.15589,-135.63181,-2084.0,2021-07-28 06:05:00.000,2021-08-03 04:15:00.000000,EDH EL1 EL2 ELZ (200 Hz),200.0,pressure+seismometer,HTI_90_U Hydrophone OBSIP-SIO/ABALONES | L28LB OBSIP-SIO Seismometer Differential/ABALONES,EarthScope,fdsn,5
YI_2020,12S03,YI,55.20815,-135.50342,-2021.0,2021-07-28 06:45:00.000,2021-08-03 05:47:00.000000,EDH EL1 EL2 ELZ (200 Hz),200.0,pressure+seismometer,HTI_90_U Hydrophone OBSIP-SIO/ABALONES | L28LB OBSIP-SIO Seismometer Differential/ABALONES,EarthScope,fdsn,5
YI_2020,12S04,YI,55.26036,-135.37511,-2105.0,2021-07-28 00:00:00.000,2021-08-04 23:59:59.000000,EDH EL1 EL2 ELZ (200 Hz); LDH LL1 LL2 LLZ (1 Hz); VPB (0.1 Hz),200.0,pressure+seismometer,Geospace GS-11D/Quanterra Q330 Linear Phase Compos | HTI-90-U Hydrophone;/Quanterra Q330 Linear Phase C | Quanterra Q330 Linear Phase Composite,EarthScope,fdsn,7
YI_2020,12S05,YI,55.31258,-135.24642,-2723.0,2021-07-28 08:20:00.000,2021-08-03 08:53:59.000000,EDH EL1 EL2 ELZ (200 Hz),200.0,pressure+seismometer,HTI_90_U Hydrophone OBSIP-SIO/ABALONES | L28LB OBSIP-SIO Seismometer Differential/ABALONES,EarthScope,fdsn,6
YI_2020,12S06,YI,55.364601,-135.11717,-1332.0,2021-07-28 08:59:00.000,2021-08-03 10:35:00.000000,EDH EL1 EL2 ELZ (200 Hz),200.0,pressure+seismometer,HTI_90_U Hydrophone OBSIP-SIO/ABALONES | L28LB OBSIP-SIO Seismometer Differential/ABALONES,EarthScope,fdsn,6
YI_2020,12S07,YI,55.39057,-135.05221,-1336.0,2021-07-28 00:00:00.000,2021-08-04 23:59:59.000000,EDH EL1 EL2 ELZ (200 Hz); LDH LL1 LL2 LLZ (1 Hz); VPB (0.1 Hz),200.0,pressure+seismometer,Geospace GS-11D/Quanterra Q330 Linear Phase Compos | HTI-90-U Hydrophone;/Quanterra Q330 Linear Phase C | Quanterra Q330 Linear Phase Composite,EarthScope,fdsn,7
YI_2020,12S08,YI,55.41637,-134.9877,-683.0,2021-07-28 09:54:00.000,2021-08-03 12:16:59.000000,EDH EL1 EL2 ELZ (200 Hz),200.0,pressure+seismometer,HTI_90_U Hydrophone OBSIP-SIO/ABALONES | L28LB OBSIP-SIO Seismometer Differential/ABALONES,EarthScope,fdsn,6
YI_2020,12S09,YI,55.44244,-134.92266,-413.0,2021-07-28 10:18:00.000,2021-08-03 12:58:00.000000,EDH EL1 EL2 ELZ (200 Hz),200.0,pressure+seismometer,HTI_90_U Hydrophone OBSIP-SIO/ABALONES | L28LB OBSIP-SIO Seismometer Differential/ABALONES,EarthScope,fdsn,6
YI_2020,12S10,YI,55.46779,-134.85811,-301.0,2021-07-28 00:00:00.000,2021-08-04 23:59:59.000000,EDH EL1 EL2 ELZ (200 Hz); LDH LL1 LL2 LLZ (1 Hz); VPB (0.1 Hz),200.0,pressure+seismometer,Geospace GS-11D/Quanterra Q330 Linear Phase Compos | HTI-90-U Hydrophone;/Quanterra Q330 Linear Phase C | Quanterra Q330 Linear Phase Composite,EarthScope,fdsn,7
YI_2020,12S11,YI,55.493857,-134.79301,-299.0,2021-07-28 11:00:00.000,2021-08-03 14:38:59.000000,EDH EL1 EL2 ELZ (200 Hz),200.0,pressure+seismometer,HTI_90_U Hydrophone OBSIP-SIO/ABALONES | L28LB OBSIP-SIO Seismometer Differential/ABALONES,EarthScope,fdsn,6
YI_2020,12S12,YI,55.519505,-134.72801,-303.0,2021-07-28 11:34:00.000,2021-08-03 15:21:00.000000,EDH EL1 EL2 ELZ (200 Hz),200.0,pressure+seismometer,HTI_90_U Hydrophone OBSIP-SIO/ABALONES | L28LB OBSIP-SIO Seismometer Differential/ABALONES,EarthScope,fdsn,6
YI_2020,12S13,YI,55.571208,-134.59823,-282.0,2021-07-28 00:00:00.000,2021-08-04 23:59:59.000000,EDH EL1 EL2 ELZ (200 Hz); LDH LL1 LL2 LLZ (1 Hz); VPB (0.1 Hz),200.0,pressure+seismometer,Geospace GS-11D/Quanterra Q330 Linear Phase Compos | HTI-90-U Hydrophone;/Quanterra Q330 Linear Phase C | Quanterra Q330 Linear Phase Composite,EarthScope,fdsn,7
YI_2020,12S14,YI,55.62193,-134.46736,-227.0,2021-07-28 12:49:00.000,2021-08-03 17:22:00.000000,EDH EL1 EL2 ELZ (200 Hz),200.0,pressure+seismometer,HTI_90_U Hydrophone OBSIP-SIO/ABALONES | L28LB OBSIP-SIO Seismometer Differential/ABALONES,EarthScope,fdsn,6
YI_2020,12S15,YI,55.67307,-134.33627,-208.0,2021-07-28 13:30:00.000,2021-08-03 18:36:00.000000,EDH EL1 EL2 ELZ (200 Hz),200.0,pressure+seismometer,HTI_90_U Hydrophone OBSIP-SIO/ABALONES | L28LB OBSIP-SIO Seismometer Differential/ABALONES,EarthScope,fdsn,6
YI_2020,12S16,YI,55.724,-134.2058,-156.0,2021-07-28 14:29:00.000,2021-08-03 19:51:00.000000,EDH EL1 EL2 ELZ (200 Hz),200.0,pressure+seismometer,HTI_90_U Hydrophone OBSIP-SIO/ABALONES | L28LB OBSIP-SIO Seismometer Differential/ABALONES,EarthScope,fdsn,6
YI_2020,1AS03,YI,53.91332,-133.79831,-1167.0,2021-07-22 21:07:00.000,2021-08-01 08:10:00.000000,EDH EL1 EL2 ELZ (200 Hz),200.0,pressure+seismometer,HTI_90_U Hydrophone OBSIP-SIO/ABALONES | L28LB OBSIP-SIO Seismometer Differential/ABALONES,EarthScope,fdsn,9
YI_2020,1AS04,YI,54.01076,-133.87854,-1188.0,2021-07-22 21:55:00.000,2021-08-01 07:00:00.000000,EDH EL1 EL2 ELZ (200 Hz),200.0,pressure+seismometer,HTI_90_U Hydrophone OBSIP-SIO/ABALONES | L28LB OBSIP-SIO Seismometer Differential/ABALONES,EarthScope,fdsn,9
YI_2020,1AS05,YI,54.10755,-133.95823,-1580.0,2021-07-22 00:00:00.000,2021-08-02 23:59:59.000000,EDH EL1 EL2 ELZ (200 Hz); LDH LL1 LL2 LLZ (1 Hz); VPB (0.1 Hz),200.0,pressure+seismometer,Geospace GS-11D/Quanterra Q330 Linear Phase Compos | HTI-90-U Hydrophone;/Quanterra Q330 Linear Phase C | Quanterra Q330 Linear Phase Composite,EarthScope,fdsn,11
YI_2020,1AS06,YI,54.204725,-134.03881,-1252.0,2021-07-22 23:32:00.000,2021-08-01 04:00:00.000000,EDH EL1 EL2 ELZ (200 Hz),200.0,pressure+seismometer,HTI_90_U Hydrophone OBSIP-SIO/ABALONES | L28LB OBSIP-SIO Seismometer Differential/ABALONES,EarthScope,fdsn,9
YI_2020,1AS07,YI,54.30219,-134.1192,-1314.0,2021-07-23 00:51:00.000,2021-08-01 02:39:00.000000,EDH EL1 EL2 ELZ (200 Hz),200.0,pressure+seismometer,HTI_90_U Hydrophone OBSIP-SIO/ABALONES | L28LB OBSIP-SIO Seismometer Differential/ABALONES,EarthScope,fdsn,9
YI_2020,1AS08,YI,54.39876,-134.20186,-1580.0,2021-07-23 00:00:00.000,2021-08-02 23:59:59.000000,EDH EL1 EL2 ELZ (200 Hz); LDH LL1 LL2 LLZ (1 Hz); VPB (0.1 Hz),200.0,pressure+seismometer,Geospace GS-11D/Quanterra Q330 Linear Phase Compos | HTI-90-U Hydrophone;/Quanterra Q330 Linear Phase C | Quanterra Q330 Linear Phase Composite,EarthScope,fdsn,10
YI_2020,1AS09,YI,54.49514,-134.28353,-1823.0,2021-07-27 00:00:00.000,2021-07-31 23:44:00.000000,EDH EL1 EL2 ELZ (200 Hz),200.0,pressure+seismometer,HTI_90_U Hydrophone OBSIP-SIO/ABALONES | L28LB OBSIP-SIO Seismometer Differential/ABALONES,EarthScope,fdsn,4
YI_2020,1AS10,YI,54.5925,-134.36559,-2115.0,2021-07-27 00:56:00.000,2021-07-31 22:14:00.000000,EDH EL1 EL2 ELZ (200 Hz),200.0,pressure+seismometer,HTI_90_U Hydrophone OBSIP-SIO/ABALONES | L28LB OBSIP-SIO Seismometer Differential/ABALONES,EarthScope,fdsn,4
YI_2020,1AS11,YI,54.68915,-134.44787,-2254.0,2021-07-27 00:00:00.000,2021-08-01 23:59:59.000000,EDH EL1 EL2 ELZ (200 Hz); LDH LL1 LL2 LLZ (1 Hz); VPB (0.1 Hz),200.0,pressure+seismometer,Geospace GS-11D/Quanterra Q330 Linear Phase Compos | HTI-90-U Hydrophone;/Quanterra Q330 Linear Phase C | Quanterra Q330 Linear Phase Composite,EarthScope,fdsn,5
YI_2020,1AS12,YI,54.75005,-134.50013,-2168.0,2021-07-27 02:32:00.000,2021-07-31 19:24:00.000000,EDH EL1 EL2 ELZ (200 Hz),200.0,pressure+seismometer,HTI_90_U Hydrophone OBSIP-SIO/ABALONES | L28LB OBSIP-SIO Seismometer Differential/ABALONES,EarthScope,fdsn,4
YI_2020,1AS13,YI,54.89944,-134.62875,-1945.0,2021-07-27 03:18:00.000,2021-07-31 17:27:59.000000,EDH EL1 EL2 ELZ (200 Hz),200.0,pressure+seismometer,HTI_90_U Hydrophone OBSIP-SIO/ABALONES | L28LB OBSIP-SIO Seismometer Differential/ABALONES,EarthScope,fdsn,4
YI_2020,1AS14,YI,54.97911,-134.69775,-1903.0,2021-07-27 00:00:00.000,2021-08-01 23:59:59.000000,EDH EL1 EL2 ELZ (200 Hz); LDH LL1 LL2 LLZ (1 Hz); VPB (0.1 Hz),200.0,pressure+seismometer,Geospace GS-11D/Quanterra Q330 Linear Phase Compos | HTI-90-U Hydrophone;/Quanterra Q330 Linear Phase C | Quanterra Q330 Linear Phase Composite,EarthScope,fdsn,5
YI_2020,1AS15,YI,55.07571,-134.78178,-2066.0,2021-07-27 05:11:00.000,2021-07-31 14:49:00.000000,EDH EL1 EL2 ELZ (200 Hz),200.0,pressure+seismometer,HTI_90_U Hydrophone OBSIP-SIO/ABALONES | L28LB OBSIP-SIO Seismometer Differential/ABALONES,EarthScope,fdsn,4
YI_2020,1AS16,YI,55.17238,-134.86631,-1502.0,2021-07-27 06:06:00.000,2021-07-31 13:16:00.000000,EDH EL1 EL2 ELZ (200 Hz),200.0,pressure+seismometer,HTI_90_U Hydrophone OBSIP-SIO/ABALONES | L28LB OBSIP-SIO Seismometer Differential/ABALONES,EarthScope,fdsn,4
YI_2020,1AS17,YI,55.26865,-134.95125,-1669.0,2021-07-27 00:00:00.000,2021-08-03 23:59:59.000000,EDH EL1 EL2 ELZ (200 Hz); LDH LL1 LL2 LLZ (1 Hz); VPB (0.1 Hz),200.0,pressure+seismometer,Geospace GS-11D/Quanterra Q330 Linear Phase Compos | HTI-90-U Hydrophone;/Quanterra Q330 Linear Phase C | Quanterra Q330 Linear Phase Composite,EarthScope,fdsn,7
YI_2020,1AS18,YI,55.36504,-135.03668,-1437.0,2021-07-27 07:53:00.000,2021-08-02 06:48:00.000000,EDH EL1 EL2 ELZ (200 Hz),200.0,pressure+seismometer,HTI_90_U Hydrophone OBSIP-SIO/ABALONES | L28LB OBSIP-SIO Seismometer Differential/ABALONES,EarthScope,fdsn,5
YI_2020,1AS19,YI,55.461298,-135.12277,-955.0,2021-07-27 08:26:00.000,2021-08-02 08:01:00.000000,EDH EL1 EL2 ELZ (200 Hz),200.0,pressure+seismometer,HTI_90_U Hydrophone OBSIP-SIO/ABALONES | L28LB OBSIP-SIO Seismometer Differential/ABALONES,EarthScope,fdsn,5
YI_2020,1AS20,YI,55.55737,-135.20902,-1465.0,2021-07-27 00:00:00.000,2021-08-03 23:59:59.000000,EDH EL1 EL2 ELZ (200 Hz); LDH LL1 LL2 LLZ (1 Hz); VPB (0.1 Hz),200.0,pressure+seismometer,Geospace GS-11D/Quanterra Q330 Linear Phase Compos | HTI-90-U Hydrophone;/Quanterra Q330 Linear Phase C | Quanterra Q330 Linear Phase Composite,EarthScope,fdsn,7
YI_2020,1AS21,YI,55.65351,-135.29534,-795.0,2021-07-27 10:08:00.000,2021-08-02 10:47:00.000000,EDH EL1 EL2 ELZ (200 Hz),200.0,pressure+seismometer,HTI_90_U Hydrophone OBSIP-SIO/ABALONES | L28LB OBSIP-SIO Seismometer Differential/ABALONES,EarthScope,fdsn,6
YI_2020,1AS22,YI,55.749735,-135.38254,-733.0,2021-07-27 11:07:00.000,2021-08-02 11:56:59.000000,EDH EL1 EL2 ELZ (200 Hz),200.0,pressure+seismometer,HTI_90_U Hydrophone OBSIP-SIO/ABALONES | L28LB OBSIP-SIO Seismometer Differential/ABALONES,EarthScope,fdsn,6
YI_2020,1AS23,YI,55.84562,-135.4699,-1229.0,2021-07-27 00:00:00.000,2021-08-03 23:59:59.000000,EDH EL1 EL2 ELZ (200 Hz); LDH LL1 LL2 LLZ (1 Hz); VPB (0.1 Hz),200.0,pressure+seismometer,Geospace GS-11D/Quanterra Q330 Linear Phase Compos | HTI-90-U Hydrophone;/Quanterra Q330 Linear Phase C | Quanterra Q330 Linear Phase Composite,EarthScope,fdsn,7
YI_2020,1AS24,YI,55.9427,-135.5574,-928.0,2021-07-27 12:41:00.000,2021-08-02 14:51:59.000000,EDH EL1 EL2 ELZ (200 Hz),200.0,pressure+seismometer,HTI_90_U Hydrophone OBSIP-SIO/ABALONES | L28LB OBSIP-SIO Seismometer Differential/ABALONES,EarthScope,fdsn,6
YI_2020,1AS25,YI,56.037517,-135.64616,-1067.0,2021-07-27 13:39:00.000,2021-08-02 16:02:00.000000,EDH EL1 EL2 ELZ (200 Hz),200.0,pressure+seismometer,HTI_90_U Hydrophone OBSIP-SIO/ABALONES | L28LB OBSIP-SIO Seismometer Differential/ABALONES,EarthScope,fdsn,6
YI_2020,1AS26,YI,56.13342,-135.73487,-1349.0,2021-07-25 00:00:00.000,2021-08-03 23:59:59.000000,EDH EL1 EL2 ELZ (200 Hz); LDH LL1 LL2 LLZ (1 Hz); VPB (0.1 Hz),200.0,pressure+seismometer,Geospace GS-11D/Quanterra Q330 Linear Phase Compos | HTI-90-U Hydrophone;/Quanterra Q330 Linear Phase C | Quanterra Q330 Linear Phase Composite,EarthScope,fdsn,9
YI_2020,1AS27,YI,56.22945,-135.82404,-1590.0,2021-07-27 15:00:00.000,2021-08-02 18:35:59.000000,EDH EL1 EL2 ELZ (200 Hz),200.0,pressure+seismometer,HTI_90_U Hydrophone OBSIP-SIO/ABALONES | L28LB OBSIP-SIO Seismometer Differential/ABALONES,EarthScope,fdsn,6
YI_2020,1BS01,YI,52.45609,-132.1885,-1855.0,2021-07-19 14:54:00.000,2021-07-26 07:35:00.000000,EDH EL1 EL2 ELZ (200 Hz),200.0,pressure+seismometer,HTI_90_U Hydrophone OBSIP-SIO/ABALONES | L28LB OBSIP-SIO Seismometer Differential/ABALONES,EarthScope,fdsn,6
YI_2020,1BS02,YI,52.5456,-132.28721,-1876.0,2021-07-19 15:44:00.000,2021-07-26 09:03:59.000000,EDH EL1 EL2 ELZ (200 Hz),200.0,pressure+seismometer,HTI_90_U Hydrophone OBSIP-SIO/ABALONES | L28LB OBSIP-SIO Seismometer Differential/ABALONES,EarthScope,fdsn,6
YI_2020,1BS03,YI,52.5625,-132.3088,-1841.0,2021-07-19 17:05:00.000,2021-07-26 10:36:04.000000,EDH EL1 EL2 ELZ (200 Hz),200.0,pressure+seismometer,HTI_90_U Hydrophone OBSIP-SIO/ABALONES | L28LB OBSIP-SIO Seismometer Differential/ABALONES,EarthScope,fdsn,6
YI_2020,1BS04,YI,52.7247,-132.4856,-1439.2,2021-07-19 00:00:00.000,2021-07-27 23:59:59.000000,EDH EL1 EL2 ELZ (200 Hz); LDH LL1 LL2 LLZ (1 Hz); VPB (0.1 Hz),200.0,pressure+seismometer,Geospace GS-11D/Quanterra Q330 Linear Phase Compos | HTI-90-U Hydrophone;/Quanterra Q330 Linear Phase C | Quanterra Q330 Linear Phase Composite,EarthScope,fdsn,8
YI_2020,1BS05,YI,52.8135,-132.5862,-1046.0,2021-07-19 18:03:00.000,2021-07-26 03:38:00.000000,EDH EL1 EL2 ELZ (200 Hz),200.0,pressure+seismometer,HTI_90_U Hydrophone OBSIP-SIO/ABALONES | L28LB OBSIP-SIO Seismometer Differential/ABALONES,EarthScope,fdsn,6
YI_2020,1BS06,YI,52.9034,-132.6854,-1187.0,2021-07-19 18:48:00.000,2021-07-22 08:37:59.000000,EDH EL1 EL2 ELZ (200 Hz),200.0,pressure+seismometer,HTI_90_U Hydrophone OBSIP-SIO/ABALONES | L28LB OBSIP-SIO Seismometer Differential/ABALONES,EarthScope,fdsn,2
YI_2020,1BS07,YI,52.9924,-132.7872,-1206.6,2021-07-19 00:00:00.000,2021-07-23 23:59:59.000000,EDH EL1 EL2 ELZ (200 Hz); LDH LL1 LL2 LLZ (1 Hz); VPB (0.1 Hz),200.0,pressure+seismometer,Geospace GS-11D/Quanterra Q330 Linear Phase Compos | HTI-90-U Hydrophone;/Quanterra Q330 Linear Phase C | Quanterra Q330 Linear Phase Composite,EarthScope,fdsn,4
YI_2020,1BS08,YI,53.08166,-132.88877,-1160.0,2021-07-19 20:36:00.000,2021-07-22 11:22:59.000000,EDH EL1 EL2 ELZ (200 Hz),200.0,pressure+seismometer,HTI_90_U Hydrophone OBSIP-SIO/ABALONES | L28LB OBSIP-SIO Seismometer Differential/ABALONES,EarthScope,fdsn,2
YI_2020,1BS09,YI,53.17054,-132.99048,-798.0,2021-07-19 21:44:00.000,2021-07-22 12:36:00.000000,EDH EL1 EL2 ELZ (200 Hz),200.0,pressure+seismometer,HTI_90_U Hydrophone OBSIP-SIO/ABALONES | L28LB OBSIP-SIO Seismometer Differential/ABALONES,EarthScope,fdsn,2
YI_2020,1BS10,YI,53.2593,-133.0926,-717.7,2021-07-19 00:00:00.000,2021-07-23 23:59:59.000000,EDH EL1 EL2 ELZ (200 Hz); LDH LL1 LL2 LLZ (1 Hz); VPB (0.1 Hz),200.0,pressure+seismometer,Geospace GS-11D/Quanterra Q330 Linear Phase Compos | HTI-90-U Hydrophone;/Quanterra Q330 Linear Phase C | Quanterra Q330 Linear Phase Composite,EarthScope,fdsn,4
YI_2020,1BS11,YI,53.3481,-133.19553,-914.0,2021-07-19 23:16:00.000,2021-07-22 15:09:00.000000,EDH EL1 EL2 ELZ (200 Hz),200.0,pressure+seismometer,HTI_90_U Hydrophone OBSIP-SIO/ABALONES | L28LB OBSIP-SIO Seismometer Differential/ABALONES,EarthScope,fdsn,2
YI_2020,1BS12,YI,53.43697,-133.29829,-1657.0,2021-07-20 00:04:00.000,2021-07-22 16:42:00.000000,EDH EL1 EL2 ELZ (200 Hz),200.0,pressure+seismometer,HTI_90_U Hydrophone OBSIP-SIO/ABALONES | L28LB OBSIP-SIO Seismometer Differential/ABALONES,EarthScope,fdsn,2
YI_2020,1BS13,YI,53.5255,-133.4018,-1838.0,2021-07-20 00:00:00.000,2021-07-23 23:59:59.000000,EDH EL1 EL2 ELZ (200 Hz); LDH LL1 LL2 LLZ (1 Hz); VPB (0.1 Hz),200.0,pressure+seismometer,Geospace GS-11D/Quanterra Q330 Linear Phase Compos | HTI-90-U Hydrophone;/Quanterra Q330 Linear Phase C | Quanterra Q330 Linear Phase Composite,EarthScope,fdsn,3
YI_2020,1BS14,YI,53.61399,-133.50603,-1988.0,2021-07-20 01:31:00.000,2021-07-22 19:35:00.000000,EDH EL1 EL2 ELZ (200 Hz),200.0,pressure+seismometer,HTI_90_U Hydrophone OBSIP-SIO/ABALONES | L28LB OBSIP-SIO Seismometer Differential/ABALONES,EarthScope,fdsn,2
YI_2020,1BS15,YI,53.71076,-133.62545,-2107.0,2021-07-20 02:29:00.000,2021-08-01 10:55:59.000000,EDH EL1 EL2 ELZ (200 Hz),200.0,pressure+seismometer,HTI_90_U Hydrophone OBSIP-SIO/ABALONES | L28LB OBSIP-SIO Seismometer Differential/ABALONES,EarthScope,fdsn,12
YI_2020,1BS16,YI,53.80345,-133.717,-1035.8,2021-07-20 00:00:00.000,2021-08-02 23:59:59.000000,EDH EL1 EL2 ELZ (200 Hz); LDH LL1 LL2 LLZ (1 Hz); VPB (0.1 Hz),200.0,pressure+seismometer,Geospace GS-11D/Quanterra Q330 Linear Phase Compos | HTI-90-U Hydrophone;/Quanterra Q330 Linear Phase C | Quanterra Q330 Linear Phase Composite,EarthScope,fdsn,13
YI_2020,2S01,YI,53.5928,-133.19121,-702.0,2021-08-01 12:31:00.000,2021-08-07 10:26:59.000000,EDH EL1 EL2 ELZ (200 Hz),200.0,pressure+seismometer,HTI_90_U Hydrophone OBSIP-SIO/ABALONES | L28LB OBSIP-SIO Seismometer Differential/ABALONES,EarthScope,fdsn,5
YI_2020,2S02,YI,53.69006,-133.26993,-426.0,2021-08-01 00:00:00.000,2021-08-08 23:59:59.000000,EDH EL1 EL2 ELZ (200 Hz); LDH LL1 LL2 LLZ (1 Hz); VPB (0.1 Hz),200.0,pressure+seismometer,Geospace GS-11D/Quanterra Q330 Linear Phase Compos | HTI-90-U Hydrophone;/Quanterra Q330 Linear Phase C | Quanterra Q330 Linear Phase Composite,EarthScope,fdsn,7
YI_2020,2S03,YI,53.78734,-133.34932,-237.0,2021-08-01 13:51:00.000,2021-08-07 08:13:59.000000,EDH EL1 EL2 ELZ (200 Hz),200.0,pressure+seismometer,HTI_90_U Hydrophone OBSIP-SIO/ABALONES | L28LB OBSIP-SIO Seismometer Differential/ABALONES,EarthScope,fdsn,5
YI_2020,2S04,YI,53.8843,-133.4289,-180.0,2021-08-01 14:52:00.000,2021-08-07 07:10:00.000000,EDH EL1 EL2 ELZ (200 Hz),200.0,pressure+seismometer,HTI_90_U Hydrophone OBSIP-SIO/ABALONES | L28LB OBSIP-SIO Seismometer Differential/ABALONES,EarthScope,fdsn,5
YI_2020,2S05,YI,53.9811,-133.5088,-205.0,2021-08-01 15:37:00.000,2021-08-07 05:55:00.000000,EDH EL1 EL2 ELZ (200 Hz),200.0,pressure+seismometer,HTI_90_U Hydrophone OBSIP-SIO/ABALONES | L28LB OBSIP-SIO Seismometer Differential/ABALONES,EarthScope,fdsn,5
YI_2020,2S06,YI,54.07849,-133.58874,-363.0,2021-08-01 00:00:00.000,2021-08-08 23:59:59.000000,EDH EL1 EL2 ELZ (200 Hz); LDH LL1 LL2 LLZ (1 Hz); VPB (0.1 Hz),200.0,pressure+seismometer,Geospace GS-11D/Quanterra Q330 Linear Phase Compos | HTI-90-U Hydrophone;/Quanterra Q330 Linear Phase C | Quanterra Q330 Linear Phase Composite,EarthScope,fdsn,7
YI_2020,2S07,YI,54.17567,-133.66934,-280.0,2021-08-01 17:16:00.000,2021-08-07 03:34:00.000000,EDH EL1 EL2 ELZ (200 Hz),200.0,pressure+seismometer,HTI_90_U Hydrophone OBSIP-SIO/ABALONES | L28LB OBSIP-SIO Seismometer Differential/ABALONES,EarthScope,fdsn,5
YI_2020,2S08,YI,54.27277,-133.75061,-245.0,2021-08-01 18:02:00.000,2021-08-07 02:08:00.000000,EDH EL1 EL2 ELZ (200 Hz),200.0,pressure+seismometer,HTI_90_U Hydrophone OBSIP-SIO/ABALONES | L28LB OBSIP-SIO Seismometer Differential/ABALONES,EarthScope,fdsn,5
YI_2020,2S09,YI,54.369701,-133.83182,-360.0,2021-08-01 18:52:00.000,2021-08-07 00:58:00.000000,EDH EL1 EL2 ELZ (200 Hz),200.0,pressure+seismometer,HTI_90_U Hydrophone OBSIP-SIO/ABALONES | L28LB OBSIP-SIO Seismometer Differential/ABALONES,EarthScope,fdsn,5
YI_2020,2S10,YI,54.46644,-133.91359,-358.0,2021-08-01 00:00:00.000,2021-08-08 23:59:59.000000,EDH EL1 EL2 ELZ (200 Hz); LDH LL1 LL2 LLZ (1 Hz); VPB (0.1 Hz),200.0,pressure+seismometer,Geospace GS-11D/Quanterra Q330 Linear Phase Compos | HTI-90-U Hydrophone;/Quanterra Q330 Linear Phase C | Quanterra Q330 Linear Phase Composite,EarthScope,fdsn,7
YI_2020,2S11,YI,54.56326,-133.99536,-217.0,2021-08-01 20:18:00.000,2021-08-06 22:25:00.000000,EDH EL1 EL2 ELZ (200 Hz),200.0,pressure+seismometer,HTI_90_U Hydrophone OBSIP-SIO/ABALONES | L28LB OBSIP-SIO Seismometer Differential/ABALONES,EarthScope,fdsn,5
YI_2020,2S12,YI,54.66001,-134.07811,-228.0,2021-08-01 21:15:00.000,2021-08-06 21:18:00.000000,EDH EL1 EL2 ELZ (200 Hz),200.0,pressure+seismometer,HTI_90_U Hydrophone OBSIP-SIO/ABALONES | L28LB OBSIP-SIO Seismometer Differential/ABALONES,EarthScope,fdsn,5
YI_2020,2S13,YI,54.75674,-134.1609,-235.0,2021-08-01 22:08:00.000,2021-08-06 20:09:00.000000,EDH EL1 EL2 ELZ (200 Hz),200.0,pressure+seismometer,HTI_90_U Hydrophone OBSIP-SIO/ABALONES | L28LB OBSIP-SIO Seismometer Differential/ABALONES,EarthScope,fdsn,4
YI_2020,2S14,YI,54.85319,-134.24463,-234.0,2021-08-01 00:00:00.000,2021-08-07 23:59:59.000000,EDH EL1 EL2 ELZ (200 Hz); LDH LL1 LL2 LLZ (1 Hz); VPB (0.1 Hz),200.0,pressure+seismometer,Geospace GS-11D/Quanterra Q330 Linear Phase Compos | HTI-90-U Hydrophone;/Quanterra Q330 Linear Phase C | Quanterra Q330 Linear Phase Composite,EarthScope,fdsn,6
YI_2020,2S15,YI,54.94966,-134.32801,-267.0,2021-08-01 23:54:00.000,2021-08-06 18:04:00.000000,EDH EL1 EL2 ELZ (200 Hz),200.0,pressure+seismometer,HTI_90_U Hydrophone OBSIP-SIO/ABALONES | L28LB OBSIP-SIO Seismometer Differential/ABALONES,EarthScope,fdsn,4
YI_2020,2S16,YI,55.046105,-134.4127,-634.0,2021-08-02 01:00:00.000,2021-08-06 17:00:59.000000,EDH EL1 EL2 ELZ (200 Hz),200.0,pressure+seismometer,HTI_90_U Hydrophone OBSIP-SIO/ABALONES | L28LB OBSIP-SIO Seismometer Differential/ABALONES,EarthScope,fdsn,4
YI_2020,2S17,YI,55.14272,-134.49667,-810.0,2021-08-02 01:51:00.000,2021-08-06 15:45:59.000000,EDH EL1 EL2 ELZ (200 Hz),200.0,pressure+seismometer,HTI_90_U Hydrophone OBSIP-SIO/ABALONES | L28LB OBSIP-SIO Seismometer Differential/ABALONES,EarthScope,fdsn,4
YI_2020,2S18,YI,55.23933,-134.5818,-349.0,2021-08-02 00:00:00.000,2021-08-07 23:59:59.000000,EDH EL1 EL2 ELZ (200 Hz); LDH LL1 LL2 LLZ (1 Hz); VPB (0.1 Hz),200.0,pressure+seismometer,Geospace GS-11D/Quanterra Q330 Linear Phase Compos | HTI-90-U Hydrophone;/Quanterra Q330 Linear Phase C | Quanterra Q330 Linear Phase Composite,EarthScope,fdsn,5
YI_2020,2S19,YI,55.33562,-134.6673,-253.0,2021-07-28 01:19:00.000,2021-08-06 13:24:59.000000,EDH EL1 EL2 ELZ (200 Hz),200.0,pressure+seismometer,HTI_90_U Hydrophone OBSIP-SIO/ABALONES | L28LB OBSIP-SIO Seismometer Differential/ABALONES,EarthScope,fdsn,9
YI_2020,2S20,YI,55.43205,-134.75352,-215.0,2021-07-28 00:06:00.000,2021-08-06 12:18:59.000000,EDH EL1 EL2 ELZ (200 Hz),200.0,pressure+seismometer,HTI_90_U Hydrophone OBSIP-SIO/ABALONES | L28LB OBSIP-SIO Seismometer Differential/ABALONES,EarthScope,fdsn,9
YI_2020,2S21,YI,55.52829,-134.83959,-295.0,2021-07-27 23:09:00.000,2021-08-06 11:13:00.000000,EDH EL1 EL2 ELZ (200 Hz),200.0,pressure+seismometer,HTI_90_U Hydrophone OBSIP-SIO/ABALONES | L28LB OBSIP-SIO Seismometer Differential/ABALONES,EarthScope,fdsn,9
YI_2020,2S22,YI,55.62442,-134.92575,-219.0,2021-07-27 00:00:00.000,2021-08-07 23:59:59.000000,EDH EL1 EL2 ELZ (200 Hz); LDH LL1 LL2 LLZ (1 Hz); VPB (0.1 Hz),200.0,pressure+seismometer,Geospace GS-11D/Quanterra Q330 Linear Phase Compos | HTI-90-U Hydrophone;/Quanterra Q330 Linear Phase C | Quanterra Q330 Linear Phase Composite,EarthScope,fdsn,11
YI_2020,2S23,YI,55.72041,-135.01281,-198.0,2021-07-27 21:38:00.000,2021-08-06 08:59:59.000000,EDH EL1 EL2 ELZ (200 Hz),200.0,pressure+seismometer,HTI_90_U Hydrophone OBSIP-SIO/ABALONES | L28LB OBSIP-SIO Seismometer Differential/ABALONES,EarthScope,fdsn,9
YI_2020,2S24,YI,55.81652,-135.10048,-191.0,2021-07-27 20:34:00.000,2021-08-06 08:03:59.000000,EDH EL1 EL2 ELZ (200 Hz),200.0,pressure+seismometer,HTI_90_U Hydrophone OBSIP-SIO/ABALONES | L28LB OBSIP-SIO Seismometer Differential/ABALONES,EarthScope,fdsn,9
YI_2020,2S25,YI,55.91235,-135.18829,-189.0,2021-07-27 19:40:00.000,2021-08-06 06:59:59.000000,EDH EL1 EL2 ELZ (200 Hz),200.0,pressure+seismometer,HTI_90_U Hydrophone OBSIP-SIO/ABALONES | L28LB OBSIP-SIO Seismometer Differential/ABALONES,EarthScope,fdsn,9
YI_2020,2S26,YI,56.00851,-135.27646,-351.0,2021-07-25 00:00:00.000,2021-08-07 23:59:59.000000,EDH EL1 EL2 ELZ (200 Hz); LDH LL1 LL2 LLZ (1 Hz); VPB (0.1 Hz),200.0,pressure+seismometer,Geospace GS-11D/Quanterra Q330 Linear Phase Compos | HTI-90-U Hydrophone;/Quanterra Q330 Linear Phase C | Quanterra Q330 Linear Phase Composite,EarthScope,fdsn,13
YI_2020,2S27,YI,56.10469,-135.36529,-312.0,2021-07-27 18:19:00.000,2021-08-06 04:46:00.000000,EDH EL1 EL2 ELZ (200 Hz),200.0,pressure+seismometer,HTI_90_U Hydrophone OBSIP-SIO/ABALONES | L28LB OBSIP-SIO Seismometer Differential/ABALONES,EarthScope,fdsn,9
YI_2020,2S28,YI,56.20022,-135.45502,-229.0,2021-07-27 17:21:00.000,2021-08-06 03:33:00.000000,EDH EL1 EL2 ELZ (200 Hz),200.0,pressure+seismometer,HTI_90_U Hydrophone OBSIP-SIO/ABALONES | L28LB OBSIP-SIO Seismometer Differential/ABALONES,EarthScope,fdsn,9
YI_2020,2S29,YI,56.29332,-135.54249,-218.0,2021-07-27 16:27:00.000,2021-08-06 01:57:00.000000,EDH EL1 EL2 ELZ (200 Hz),200.0,pressure+seismometer,HTI_90_U Hydrophone OBSIP-SIO/ABALONES | L28LB OBSIP-SIO Seismometer Differential/ABALONES,EarthScope,fdsn,9
YI_2020,3S01,YI,52.35865,-133.07017,-2754.0,2021-07-21 22:06:00.000,2021-07-25 08:20:59.000000,EDH EL1 EL2 ELZ (200 Hz),200.0,pressure+seismometer,HTI_90_U Hydrophone OBSIP-SIO/ABALONES | L28LB OBSIP-SIO Seismometer Differential/ABALONES,EarthScope,fdsn,3
YI_2020,3S02,YI,52.39146,-132.99277,-2803.0,2021-07-21 22:42:00.000,2021-07-25 09:45:00.000000,EDH EL1 EL2 ELZ (200 Hz),200.0,pressure+seismometer,HTI_90_U Hydrophone OBSIP-SIO/ABALONES | L28LB OBSIP-SIO Seismometer Differential/ABALONES,EarthScope,fdsn,3
YI_2020,3S03,YI,52.42396,-132.9149,-2860.0,2021-07-21 00:00:00.000,2021-07-26 23:59:59.000000,EDH EL1 EL2 ELZ (200 Hz); LDH LL1 LL2 LLZ (1 Hz); VPB (0.1 Hz),200.0,pressure+seismometer,Geospace GS-11D/Quanterra Q330 Linear Phase Compos | HTI-90-U Hydrophone;/Quanterra Q330 Linear Phase C | Quanterra Q330 Linear Phase Composite,EarthScope,fdsn,5
YI_2020,3S04,YI,52.4565,-132.83726,-2907.0,2021-07-21 23:31:00.000,2021-07-25 12:30:59.000000,EDH EL1 EL2 ELZ (200 Hz),200.0,pressure+seismometer,HTI_90_U Hydrophone OBSIP-SIO/ABALONES | L28LB OBSIP-SIO Seismometer Differential/ABALONES,EarthScope,fdsn,3
YI_2020,3S05,YI,52.4891,-132.75847,-2915.0,2021-07-22 00:02:00.000,2021-07-25 14:01:00.000000,EDH EL1 EL2 ELZ (200 Hz),200.0,pressure+seismometer,HTI_90_U Hydrophone OBSIP-SIO/ABALONES | L28LB OBSIP-SIO Seismometer Differential/ABALONES,EarthScope,fdsn,3
YI_2020,3S06,YI,52.52136,-132.68044,-2929.0,2021-07-22 00:00:00.000,2021-07-26 23:59:59.000000,EDH EL1 EL2 ELZ (200 Hz); LDH LL1 LL2 LLZ (1 Hz); VPB (0.1 Hz),200.0,pressure+seismometer,Geospace GS-11D/Quanterra Q330 Linear Phase Compos | HTI-90-U Hydrophone;/Quanterra Q330 Linear Phase C | Quanterra Q330 Linear Phase Composite,EarthScope,fdsn,4
YI_2020,3S07,YI,52.55372,-132.60227,-2930.0,2021-07-22 01:25:00.000,2021-07-25 16:42:59.000000,EDH EL1 EL2 ELZ (200 Hz),200.0,pressure+seismometer,HTI_90_U Hydrophone OBSIP-SIO/ABALONES | L28LB OBSIP-SIO Seismometer Differential/ABALONES,EarthScope,fdsn,3
YI_2020,3S08,YI,52.58596,-132.52355,-2515.0,2021-07-22 01:52:00.000,2021-07-25 17:34:00.000000,EDH EL1 EL2 ELZ (200 Hz),200.0,pressure+seismometer,HTI_90_U Hydrophone OBSIP-SIO/ABALONES | L28LB OBSIP-SIO Seismometer Differential/ABALONES,EarthScope,fdsn,3
YI_2020,3S09,YI,52.61824,-132.44512,-1729.0,2021-07-22 00:00:00.000,2021-07-26 23:59:59.000000,EDH EL1 EL2 ELZ (200 Hz); LDH LL1 LL2 LLZ (1 Hz); VPB (0.1 Hz),200.0,pressure+seismometer,Geospace GS-11D/Quanterra Q330 Linear Phase Compos | HTI-90-U Hydrophone;/Quanterra Q330 Linear Phase C | Quanterra Q330 Linear Phase Composite,EarthScope,fdsn,4
YI_2020,3S10,YI,52.65045,-132.36625,-1453.0,2021-07-22 02:49:00.000,2021-07-25 19:48:00.000000,EDH EL1 EL2 ELZ (200 Hz),200.0,pressure+seismometer,HTI_90_U Hydrophone OBSIP-SIO/ABALONES | L28LB OBSIP-SIO Seismometer Differential/ABALONES,EarthScope,fdsn,3
YI_2020,3S11,YI,52.68239,-132.28766,-1553.0,2021-07-22 03:20:00.000,2021-07-25 21:00:00.000000,EDH EL1 EL2 ELZ (200 Hz),200.0,pressure+seismometer,HTI_90_U Hydrophone OBSIP-SIO/ABALONES | L28LB OBSIP-SIO Seismometer Differential/ABALONES,EarthScope,fdsn,3
YI_2020,3S12,YI,52.71262,-132.21429,-1593.0,2021-07-22 00:00:00.000,2021-07-26 23:59:59.000000,EDH EL1 EL2 ELZ (200 Hz); LDH LL1 LL2 LLZ (1 Hz); VPB (0.1 Hz),200.0,pressure+seismometer,Geospace GS-11D/Quanterra Q330 Linear Phase Compos | HTI-90-U Hydrophone;/Quanterra Q330 Linear Phase C | Quanterra Q330 Linear Phase Composite,EarthScope,fdsn,4
YI_2020,8S01,YI,54.00483,-134.54498,-2813.0,2021-07-20 07:03:00.000,2021-07-24 18:46:00.000000,EDH EL1 EL2 ELZ (200 Hz),200.0,pressure+seismometer,HTI_90_U Hydrophone OBSIP-SIO/ABALONES | L28LB OBSIP-SIO Seismometer Differential/ABALONES,EarthScope,fdsn,4
YI_2020,8S02,YI,54.04136,-134.40581,-2782.0,2021-07-20 07:35:00.000,2021-07-24 17:09:58.000000,EDH EL1 EL2 ELZ (200 Hz),200.0,pressure+seismometer,HTI_90_U Hydrophone OBSIP-SIO/ABALONES | L28LB OBSIP-SIO Seismometer Differential/ABALONES,EarthScope,fdsn,4
YI_2020,8S03,YI,54.07713,-134.26634,-2744.0,2021-07-20 08:15:00.000,2021-07-24 14:34:00.000000,EDH EL1 EL2 ELZ (200 Hz),200.0,pressure+seismometer,HTI_90_U Hydrophone OBSIP-SIO/ABALONES | L28LB OBSIP-SIO Seismometer Differential/ABALONES,EarthScope,fdsn,4
YI_2020,8S04,YI,54.11324,-134.12562,-2136.0,2021-07-20 00:00:00.000,2021-07-25 23:59:59.000000,EDH EL1 EL2 ELZ (200 Hz); LDH LL1 LL2 LLZ (1 Hz); VPB (0.1 Hz),200.0,pressure+seismometer,Geospace GS-11D/Quanterra Q330 Linear Phase Compos | HTI-90-U Hydrophone;/Quanterra Q330 Linear Phase C | Quanterra Q330 Linear Phase Composite,EarthScope,fdsn,5
YI_2020,8S05,YI,54.1493,-133.9846,-1354.0,2021-07-20 08:58:00.000,2021-07-24 11:10:59.000000,EDH EL1 EL2 ELZ (200 Hz),200.0,pressure+seismometer,HTI_90_U Hydrophone OBSIP-SIO/ABALONES | L28LB OBSIP-SIO Seismometer Differential/ABALONES,EarthScope,fdsn,4
YI_2020,8S06,YI,54.16719,-133.91283,-1138.0,2021-07-20 10:22:00.000,2021-07-24 10:03:59.000000,EDH EL1 EL2 ELZ (200 Hz),200.0,pressure+seismometer,HTI_90_U Hydrophone OBSIP-SIO/ABALONES | L28LB OBSIP-SIO Seismometer Differential/ABALONES,EarthScope,fdsn,3
YI_2020,8S07,YI,54.1849,-133.84248,-760.0,2021-07-20 10:45:00.000,2021-07-24 09:02:59.000000,EDH EL1 EL2 ELZ (200 Hz),200.0,pressure+seismometer,HTI_90_U Hydrophone OBSIP-SIO/ABALONES | L28LB OBSIP-SIO Seismometer Differential/ABALONES,EarthScope,fdsn,3
YI_2020,8S08,YI,54.2025,-133.77214,-286.8,2021-07-20 00:00:00.000,2021-07-25 23:59:59.000000,EDH EL1 EL2 ELZ (200 Hz); LDH LL1 LL2 LLZ (1 Hz); VPB (0.1 Hz),200.0,pressure+seismometer,Geospace GS-11D/Quanterra Q330 Linear Phase Compos | HTI-90-U Hydrophone;/Quanterra Q330 Linear Phase C | Quanterra Q330 Linear Phase Composite,EarthScope,fdsn,5
YI_2020,8S09,YI,54.22023,-133.70142,-264.0,2021-07-20 11:27:00.000,2021-07-24 07:23:00.000000,EDH EL1 EL2 ELZ (200 Hz),200.0,pressure+seismometer,HTI_90_U Hydrophone OBSIP-SIO/ABALONES | L28LB OBSIP-SIO Seismometer Differential/ABALONES,EarthScope,fdsn,3
YI_2020,8S10,YI,54.23798,-133.63077,-311.0,2021-07-20 11:50:00.000,2021-07-24 06:36:00.000000,EDH EL1 EL2 ELZ (200 Hz),200.0,pressure+seismometer,HTI_90_U Hydrophone OBSIP-SIO/ABALONES | L28LB OBSIP-SIO Seismometer Differential/ABALONES,EarthScope,fdsn,3
YI_2020,8S11,YI,54.25573,-133.56071,-316.0,2021-07-20 12:14:00.000,2021-07-24 05:42:00.000000,EDH EL1 EL2 ELZ (200 Hz),200.0,pressure+seismometer,HTI_90_U Hydrophone OBSIP-SIO/ABALONES | L28LB OBSIP-SIO Seismometer Differential/ABALONES,EarthScope,fdsn,3
YI_2020,8S12,YI,54.29135,-133.4184,-425.0,2021-07-20 00:00:00.000,2021-07-25 23:59:59.000000,EDH EL1 EL2 ELZ (200 Hz); LDH LL1 LL2 LLZ (1 Hz); VPB (0.1 Hz),200.0,pressure+seismometer,Geospace GS-11D/Quanterra Q330 Linear Phase Compos | HTI-90-U Hydrophone;/Quanterra Q330 Linear Phase C | Quanterra Q330 Linear Phase Composite,EarthScope,fdsn,5
YI_2020,8S13,YI,54.32675,-133.27687,-444.0,2021-07-20 13:36:00.000,2021-07-24 03:30:00.000000,EDH EL1 EL2 ELZ (200 Hz),200.0,pressure+seismometer,HTI_90_U Hydrophone OBSIP-SIO/ABALONES | L28LB OBSIP-SIO Seismometer Differential/ABALONES,EarthScope,fdsn,3
YI_2020,8S14,YI,54.360965,-133.13377,-450.0,2021-07-20 13:59:00.000,2021-07-24 02:21:00.000000,EDH EL1 EL2 ELZ (200 Hz),200.0,pressure+seismometer,HTI_90_U Hydrophone OBSIP-SIO/ABALONES | L28LB OBSIP-SIO Seismometer Differential/ABALONES,EarthScope,fdsn,3
YI_2020,8S15,YI,54.3965,-132.9898,-159.0,2021-07-20 14:37:00.000,2021-07-24 01:15:00.000000,EDH EL1 EL2 ELZ (200 Hz),200.0,pressure+seismometer,HTI_90_U Hydrophone OBSIP-SIO/ABALONES | L28LB OBSIP-SIO Seismometer Differential/ABALONES,EarthScope,fdsn,3
YI_2020,8S16,YI,54.42991,-132.84877,-378.0,2021-07-20 00:00:00.000,2021-07-25 23:59:59.000000,EDH EL1 EL2 ELZ (200 Hz); LDH LL1 LL2 LLZ (1 Hz); VPB (0.1 Hz),200.0,pressure+seismometer,Geospace GS-11D/Quanterra Q330 Linear Phase Compos | HTI-90-U Hydrophone;/Quanterra Q330 Linear Phase C | Quanterra Q330 Linear Phase Composite,EarthScope,fdsn,5
YI_2020,8S17,YI,54.46403,-132.7056,-396.0,2021-07-20 15:55:00.000,2021-07-23 22:46:00.000000,EDH EL1 EL2 ELZ (200 Hz),200.0,pressure+seismometer,HTI_90_U Hydrophone OBSIP-SIO/ABALONES | L28LB OBSIP-SIO Seismometer Differential/ABALONES,EarthScope,fdsn,3
YI_2020,8S18,YI,54.498115,-132.56249,-362.0,2021-07-20 16:33:00.000,2021-07-23 21:46:00.000000,EDH EL1 EL2 ELZ (200 Hz),200.0,pressure+seismometer,HTI_90_U Hydrophone OBSIP-SIO/ABALONES | L28LB OBSIP-SIO Seismometer Differential/ABALONES,EarthScope,fdsn,3
YI_2020,8S19,YI,54.53223,-132.41944,-362.0,2021-07-20 17:11:00.000,2021-07-23 20:42:00.000000,EDH EL1 EL2 ELZ (200 Hz),200.0,pressure+seismometer,HTI_90_U Hydrophone OBSIP-SIO/ABALONES | L28LB OBSIP-SIO Seismometer Differential/ABALONES,EarthScope,fdsn,3
YI_2020,8S20,YI,54.56616,-132.27557,-218.0,2021-07-20 00:00:00.000,2021-07-24 23:59:59.000000,EDH EL1 EL2 ELZ (200 Hz); LDH LL1 LL2 LLZ (1 Hz); VPB (0.1 Hz),200.0,pressure+seismometer,Geospace GS-11D/Quanterra Q330 Linear Phase Compos | HTI-90-U Hydrophone;/Quanterra Q330 Linear Phase C | Quanterra Q330 Linear Phase Composite,EarthScope,fdsn,4
YI_2020,8S21,YI,54.600128,-132.13212,-159.0,2021-07-20 18:24:00.000,2021-07-23 18:41:00.000000,EDH EL1 EL2 ELZ (200 Hz),200.0,pressure+seismometer,HTI_90_U Hydrophone OBSIP-SIO/ABALONES | L28LB OBSIP-SIO Seismometer Differential/ABALONES,EarthScope,fdsn,3
YI_2020,8S22,YI,54.63387,-131.98781,-230.0,2021-07-20 19:13:00.000,2021-07-23 17:35:59.000000,EDH EL1 EL2 ELZ (200 Hz),200.0,pressure+seismometer,HTI_90_U Hydrophone OBSIP-SIO/ABALONES | L28LB OBSIP-SIO Seismometer Differential/ABALONES,EarthScope,fdsn,2
YI_2020,8S23,YI,54.66683,-131.8437,-360.0,2021-07-20 20:08:00.000,2021-07-23 16:42:00.000000,EDH EL1 EL2 ELZ (200 Hz),200.0,pressure+seismometer,HTI_90_U Hydrophone OBSIP-SIO/ABALONES | L28LB OBSIP-SIO Seismometer Differential/ABALONES,EarthScope,fdsn,2
YI_2020,8S24,YI,54.69979,-131.69942,-415.0,2021-07-20 00:00:00.000,2021-07-24 23:59:59.000000,EDH EL1 EL2 ELZ (200 Hz); LDH LL1 LL2 LLZ (1 Hz); VPB (0.1 Hz),200.0,pressure+seismometer,Geospace GS-11D/Quanterra Q330 Linear Phase Compos | HTI-90-U Hydrophone;/Quanterra Q330 Linear Phase C | Quanterra Q330 Linear Phase Composite,EarthScope,fdsn,4
YI_2020,8S25,YI,54.73281,-131.55482,-173.0,2021-07-20 21:40:00.000,2021-07-23 14:47:00.210000,EDH EL1 EL2 ELZ (200 Hz),200.0,pressure+seismometer,HTI_90_U Hydrophone OBSIP-SIO/ABALONES | L28LB OBSIP-SIO Seismometer Differential/ABALONES,EarthScope,fdsn,2
YI_2020,QCB01,YI,56.170532,-135.481313,-270.0,2021-08-28 00:00:00.000,2022-09-17 23:59:59.000000,HDH HH1 HH2 HHZ (100 Hz); LDH LH1 LH2 LHZ (1 Hz); VPB (0.1 Hz),100.0,pressure+seismometer,Guralp CMG3T_120sec WHOI OBSIP/Quanterra Q330 Line | Quanterra Q330 Linear Phase Composite | SIO Differential Pressure Gauge/Quanterra Q330 Lin,EarthScope,fdsn,385
YI_2020,QCB02,YI,55.977393,-135.590397,-882.0,2021-08-28 00:00:00.000,2022-09-17 23:59:59.000000,HDH HH1 HH2 HHZ (100 Hz); LDH LH1 LH2 LHZ (1 Hz); VPB (0.1 Hz),100.0,pressure+seismometer,Guralp CMG3T_120sec WHOI OBSIP/Quanterra Q330 Line | Quanterra Q330 Linear Phase Composite | SIO Differential Pressure Gauge/Quanterra Q330 Lin,EarthScope,fdsn,385
YI_2020,QCB03,YI,56.030347,-135.275692,-365.0,2021-08-28 00:00:00.000,2022-09-18 23:59:59.000000,HDH HH1 HH2 HHZ (100 Hz); LDH LH1 LH2 LHZ (1 Hz); VPB (0.1 Hz),100.0,pressure+seismometer,Guralp CMG3T_120sec WHOI OBSIP/Quanterra Q330 Line | Quanterra Q330 Linear Phase Composite | SIO Differential Pressure Gauge/Quanterra Q330 Lin,EarthScope,fdsn,386
YI_2020,QCB04,YI,55.980497,-135.39896,-277.0,2021-08-28 00:00:00.000,2022-09-17 23:59:59.000000,HDH HH1 HH2 HHZ (100 Hz); LDH LH1 LH2 LHZ (1 Hz); VPB (0.1 Hz),100.0,pressure+seismometer,Guralp CMG3T_120sec WHOI OBSIP/Quanterra Q330 Line | Quanterra Q330 Linear Phase Composite | SIO Differential Pressure Gauge/Quanterra Q330 Lin,EarthScope,fdsn,385
YI_2020,QCB05,YI,55.817685,-135.44411,-1098.0,2021-08-29 00:00:00.000,2022-09-19 23:59:59.000000,HDH HH1 HH2 HHZ (100 Hz); LDH LH1 LH2 LHZ (1 Hz); VPB (0.1 Hz),100.0,pressure+seismometer,Guralp CMG3T_120sec WHOI OBSIP/Quanterra Q330 Line | Quanterra Q330 Linear Phase Composite | SIO Differential Pressure Gauge/Quanterra Q330 Lin,EarthScope,fdsn,386
YI_2020,QCB06,YI,55.823987,-135.265252,-805.0,2021-08-29 00:00:00.000,2022-04-23 23:59:59.000000,EDH HH1 HH2 HHZ (100 Hz),100.0,pressure+seismometer,HTI-90-U Hydrophone;/LDEO_HTI90U_digitizer | Nanometrics Trillium Compact Response/LDEO OBS 201,EarthScope,fdsn,237
YI_2020,QCB08,YI,55.699205,-135.52571,-2515.0,2021-08-29 00:00:00.000,2022-09-19 23:59:59.000000,HDH HH1 HH2 HHZ (100 Hz); LDH LH1 LH2 LHZ (1 Hz); VPB (0.1 Hz),100.0,pressure+seismometer,Guralp CMG3T_120sec WHOI OBSIP/Quanterra Q330 Line | Quanterra Q330 Linear Phase Composite | SIO Differential Pressure Gauge/Quanterra Q330 Lin,EarthScope,fdsn,386
YI_2020,QCB09,YI,55.720193,-135.289973,-683.0,2021-08-29 00:00:00.000,2022-09-18 23:59:59.000000,HDH HH1 HH2 HHZ (100 Hz); LDH LH1 LH2 LHZ (1 Hz); VPB (0.1 Hz),100.0,pressure+seismometer,Guralp CMG3T_120sec WHOI OBSIP/Quanterra Q330 Line | Quanterra Q330 Linear Phase Composite | SIO Differential Pressure Gauge/Quanterra Q330 Lin,EarthScope,fdsn,385
YI_2020,QCB10,YI,55.719913,-135.0405,-199.0,2021-08-29 00:00:00.000,2022-09-17 23:59:59.000000,HDH HH1 HH2 HHZ (100 Hz); LDH LH1 LH2 LHZ (1 Hz); VPB (0.1 Hz),100.0,pressure+seismometer,Guralp CMG3T_120sec WHOI OBSIP/Quanterra Q330 Line | Quanterra Q330 Linear Phase Composite | SIO Differential Pressure Gauge/Quanterra Q330 Lin,EarthScope,fdsn,384
YI_2020,QCB11,YI,55.6112,-135.471805,-2447.0,2021-08-30 00:00:00.000,2022-09-19 23:59:59.000000,HDH HH1 HH2 HHZ (100 Hz); LDH LH1 LH2 LHZ (1 Hz); VPB (0.1 Hz),100.0,pressure+seismometer,Guralp CMG3T_120sec WHOI OBSIP/Quanterra Q330 Line | Quanterra Q330 Linear Phase Composite | SIO Differential Pressure Gauge/Quanterra Q330 Lin,EarthScope,fdsn,385
YI_2020,QCB12,YI,55.60236,-135.248332,-1254.0,2021-08-30 00:00:00.000,2022-09-18 23:59:59.000000,HDH HH1 HH2 HHZ (100 Hz); LDH LH1 LH2 LHZ (1 Hz); VPB (0.1 Hz),100.0,pressure+seismometer,Guralp CMG3T_120sec WHOI OBSIP/Quanterra Q330 Line | Quanterra Q330 Linear Phase Composite | SIO Differential Pressure Gauge/Quanterra Q330 Lin,EarthScope,fdsn,384
YI_2020,QCB13,YI,55.620352,-135.049318,-231.0,2021-08-29 00:00:00.000,2022-09-15 23:59:59.000000,HDH (125 Hz); EDH HH1 HH2 HHZ (100 Hz),125.0,pressure+seismometer,HTI-90-U Hydrophone;/LDEO_HTI90U_digitizer | Nanometrics Trillium Compact Response/LDEO OBS 201 | Parosci APG Pressure/LDEO_APG_logger,EarthScope,fdsn,382
YI_2020,QCB14,YI,55.640382,-134.89986,-207.0,2021-08-29 00:00:00.000,2022-09-15 23:59:59.000000,HDH (125 Hz); EDH HH1 HH2 HHZ (100 Hz),125.0,pressure+seismometer,HTI-90-U Hydrophone;/LDEO_HTI90U_digitizer | Nanometrics Trillium Compact Response/LDEO OBS 201 | Parosci APG Pressure/LDEO_APG_logger,EarthScope,fdsn,382
YI_2020,QCB15,YI,55.491158,-135.150265,-1170.0,2021-08-30 00:00:00.000,2022-09-18 23:59:59.000000,HDH HH1 HH2 HHZ (100 Hz); LDH LH1 LH2 LHZ (1 Hz); VPB (0.1 Hz),100.0,pressure+seismometer,Guralp CMG3T_120sec WHOI OBSIP/Quanterra Q330 Line | Quanterra Q330 Linear Phase Composite | SIO Differential Pressure Gauge/Quanterra Q330 Lin,EarthScope,fdsn,384
YI_2020,QCB16,YI,55.529722,-134.97074,-291.0,2021-08-30 00:00:00.000,2022-09-16 23:59:59.000000,HDH HH1 HH2 HHZ (100 Hz); LDH LH1 LH2 LHZ (1 Hz); VPB (0.1 Hz),100.0,pressure+seismometer,Guralp CMG3T_120sec WHOI OBSIP/Quanterra Q330 Line | Quanterra Q330 Linear Phase Composite | SIO Differential Pressure Gauge/Quanterra Q330 Lin,EarthScope,fdsn,382
YI_2020,QCB17,YI,55.580032,-134.80994,-254.0,2021-08-30 00:00:00.000,2022-09-17 23:59:59.000000,HDH HH1 HH2 HHZ (100 Hz); LDH LH1 LH2 LHZ (1 Hz); VPB (0.1 Hz),100.0,pressure+seismometer,Guralp CMG3T_120sec WHOI OBSIP/Quanterra Q330 Line | Quanterra Q330 Linear Phase Composite | SIO Differential Pressure Gauge/Quanterra Q330 Lin,EarthScope,fdsn,383
YI_2020,QCB18,YI,55.388728,-135.059598,-1322.0,2021-08-30 00:00:00.000,2022-09-18 23:59:59.000000,HDH HH1 HH2 HHZ (100 Hz); LDH LH1 LH2 LHZ (1 Hz); VPB (0.1 Hz),100.0,pressure+seismometer,Guralp CMG3T_120sec WHOI OBSIP/Quanterra Q330 Line | Quanterra Q330 Linear Phase Composite | SIO Differential Pressure Gauge/Quanterra Q330 Lin,EarthScope,fdsn,384
YI_2020,QCB20,YI,55.495892,-134.787668,-297.0,2021-08-31 00:00:00.000,2022-09-15 23:59:59.000000,EDH HH1 HH2 HHZ (100 Hz),100.0,pressure+seismometer,HTI-90-U Hydrophone;/LDEO_HTI90U_digitizer | Nanometrics Trillium Compact Response/LDEO OBS 201,EarthScope,fdsn,380
YI_2020,QCB22,YI,55.352548,-134.880752,-1179.0,2021-08-30 00:00:00.000,2022-09-18 23:59:59.000000,HDH HH1 HH2 HHZ (100 Hz); LDH LH1 LH2 LHZ (1 Hz); VPB (0.1 Hz),100.0,pressure+seismometer,Guralp CMG3T_120sec WHOI OBSIP/Quanterra Q330 Line | Quanterra Q330 Linear Phase Composite | SIO Differential Pressure Gauge/Quanterra Q330 Lin,EarthScope,fdsn,384
YI_2020,QCB23,YI,55.430152,-134.689752,-203.0,2021-08-31 00:00:00.000,2022-09-16 23:59:59.000000,HDH HH1 HH2 HHZ (100 Hz); LDH LH1 LH2 LHZ (1 Hz); VPB (0.1 Hz),100.0,pressure+seismometer,Guralp CMG3T_120sec WHOI OBSIP/Quanterra Q330 Line | Quanterra Q330 Linear Phase Composite | SIO Differential Pressure Gauge/Quanterra Q330 Lin,EarthScope,fdsn,381
YI_2020,QCB24,YI,55.227538,-134.91563,-2024.0,2021-08-30 00:00:00.000,2022-09-19 23:59:59.000000,HDH HH1 HH2 HHZ (100 Hz); LDH LH1 LH2 LHZ (1 Hz); VPB (0.1 Hz),100.0,pressure+seismometer,Guralp CMG3T_120sec WHOI OBSIP/Quanterra Q330 Line | Quanterra Q330 Linear Phase Composite | SIO Differential Pressure Gauge/Quanterra Q330 Lin,EarthScope,fdsn,385
YI_2020,QCB25,YI,55.240613,-134.75176,-1526.0,2021-08-31 00:00:00.000,2022-09-18 23:59:59.000000,HDH HH1 HH2 HHZ (100 Hz); LDH LH1 LH2 LHZ (1 Hz); VPB (0.1 Hz),100.0,pressure+seismometer,Guralp CMG3T_120sec WHOI OBSIP/Quanterra Q330 Line | Quanterra Q330 Linear Phase Composite | SIO Differential Pressure Gauge/Quanterra Q330 Lin,EarthScope,fdsn,383
YI_2020,QCB26,YI,55.352963,-134.658475,-208.0,2021-08-31 00:00:00.000,2022-09-16 23:59:59.000000,HDH HH1 HH2 HHZ (100 Hz); LDH LH1 LH2 LHZ (1 Hz); VPB (0.1 Hz),100.0,pressure+seismometer,Guralp CMG3T_120sec WHOI OBSIP/Quanterra Q330 Line | Quanterra Q330 Linear Phase Composite | SIO Differential Pressure Gauge/Quanterra Q330 Lin,EarthScope,fdsn,381
YI_2020,QCB27,YI,55.265118,-134.580873,-219.0,2021-08-31 00:00:00.000,2022-09-14 23:59:59.000000,HDH (125 Hz); EDH HH1 HH2 HHZ (100 Hz),125.0,pressure+seismometer,HTI-90-U Hydrophone;/LDEO_HTI90U_digitizer | Nanometrics Trillium Compact Response/LDEO OBS 201 | Parosci APG Pressure/LDEO_APG_logger,EarthScope,fdsn,379
YI_2020,QCB28,YI,55.127347,-134.660765,-1791.0,2021-08-31 00:00:00.000,2022-09-14 23:59:59.000000,HDH (125 Hz); EDH HH1 HH2 HHZ (100 Hz),125.0,pressure+seismometer,HTI-90-U Hydrophone;/LDEO_HTI90U_digitizer | Nanometrics Trillium Compact Response/LDEO OBS 201 | Parosci APG Pressure/LDEO_APG_logger,EarthScope,fdsn,379
YL_2009,A01,YL,-21.533899,-175.623505,-1059.0,2009-11-22 06:27:53.000,2010-11-28 22:49:08.000000,BDH BH1 BH2 BHZ (40 Hz),40.0,pressure+seismometer,LDEO DPG/LDEO_new dummy at 40/125 | LDEO OBS Sensor Mk2/LDEO_new dummy at 40/125,EarthScope,fdsn,371
YL_2009,A02W,YL,-21.4895,-175.789993,-2015.0,2009-11-21 00:00:00.000,2010-11-29 23:59:59.000000,HH1 HH2 HHZ (100 Hz); BDH (10 Hz); LDH LH1 LH2 LHZ (1 Hz); VPB (0.1 Hz),100.0,pressure+seismometer,Differential Pressure Gauge/Quanterra Q330 Linear | Guralp CMG3T_120sec WHOI OBSIP/Quanterra Q330 Line | Quanterra Q330 Linear Phase Composite,EarthScope,fdsn,373
YL_2009,A03,YL,-21.4431,-175.896103,-1955.0,2009-11-22 13:11:53.000,2010-11-29 02:55:53.000000,BDH BH1 BH2 BHZ (40 Hz),40.0,pressure+seismometer,LDEO DPG/LDEO_new dummy at 40/125 | LDEO OBS Sensor Mk2/LDEO_new dummy at 40/125,EarthScope,fdsn,371
YL_2009,A04W,YL,-21.3967,-176.033295,-2230.0,2009-11-14 00:00:00.000,2010-11-29 23:59:59.000000,HH1 HH2 HHZ (100 Hz); BDH (10 Hz); LDH LH1 LH2 LHZ (1 Hz); VPB (0.1 Hz),100.0,pressure+seismometer,Differential Pressure Gauge/Quanterra Q330 Linear | Guralp CMG3T_120sec WHOI OBSIP/Quanterra Q330 Line | Quanterra Q330 Linear Phase Composite,EarthScope,fdsn,380
YL_2009,A05,YL,-21.3521,-176.171005,-2368.0,2009-11-23 05:40:54.000,2010-11-29 19:39:49.000000,BDH BH1 BH2 BHZ (40 Hz),40.0,pressure+seismometer,LDEO DPG/LDEO_new dummy at 40/125 | LDEO OBS Sensor Mk2/LDEO_new dummy at 40/125,EarthScope,fdsn,371
YL_2009,A06W,YL,-21.303699,-176.321594,-2137.0,2009-11-22 00:00:00.000,2010-11-30 23:59:59.000000,HH1 HH2 HHZ (100 Hz); BDH (10 Hz); LDH LH1 LH2 LHZ (1 Hz); VPB (0.1 Hz),100.0,pressure+seismometer,Differential Pressure Gauge/Quanterra Q330 Linear | Guralp CMG3T_120sec WHOI OBSIP/Quanterra Q330 Line | Quanterra Q330 Linear Phase Composite,EarthScope,fdsn,373
YL_2009,A07,YL,-21.2743,-176.394302,-2485.0,2009-11-23 12:19:53.000,2010-11-30 01:49:07.000000,BDH BH1 BH2 BHZ (40 Hz),40.0,pressure+seismometer,LDEO DPG/LDEO_new dummy at 40/125 | LDEO OBS Sensor Mk2/LDEO_new dummy at 40/125,EarthScope,fdsn,371
YL_2009,A08W,YL,-21.2269,-176.530106,-2290.0,2009-11-22 00:00:00.000,2010-11-30 23:59:59.000000,HH1 HH2 HHZ (100 Hz); BDH (10 Hz); LDH LH1 LH2 LHZ (1 Hz); VPB (0.1 Hz),100.0,pressure+seismometer,Differential Pressure Gauge/Quanterra Q330 Linear | Guralp CMG3T_120sec WHOI OBSIP/Quanterra Q330 Line | Quanterra Q330 Linear Phase Composite,EarthScope,fdsn,373
YL_2009,A09,YL,-21.1807,-176.668106,-2455.0,2009-11-23 18:08:53.000,2010-11-30 08:37:00.000000,BDH BH1 BH2 BHZ (40 Hz),40.0,pressure+seismometer,LDEO DPG/LDEO_new dummy at 40/125 | LDEO OBS Sensor Mk2/LDEO_new dummy at 40/125,EarthScope,fdsn,371
YL_2009,A10W,YL,-21.126801,-176.806702,-1879.0,2009-11-22 00:00:00.000,2010-11-30 23:59:59.000000,HH1 HH2 HHZ (100 Hz); BDH (10 Hz); LDH LH1 LH2 LHZ (1 Hz); VPB (0.1 Hz),100.0,pressure+seismometer,Differential Pressure Gauge/Quanterra Q330 Linear | Guralp CMG3T_120sec WHOI OBSIP/Quanterra Q330 Line | Quanterra Q330 Linear Phase Composite,EarthScope,fdsn,373
YL_2009,A11,YL,-21.041901,-177.029007,-1990.0,2009-11-24 07:14:53.000,2010-11-30 20:45:41.000000,BDH BH1 BH2 BHZ (40 Hz),40.0,pressure+seismometer,LDEO DPG/LDEO_new dummy at 40/125 | LDEO OBS Sensor Mk2/LDEO_new dummy at 40/125,EarthScope,fdsn,371
YL_2009,A12W,YL,-20.980499,-177.255905,-2574.0,2009-11-23 00:00:00.000,2010-12-01 23:59:59.000000,HH1 HH2 HHZ (100 Hz); BDH (10 Hz); LDH LH1 LH2 LHZ (1 Hz); VPB (0.1 Hz),100.0,pressure+seismometer,Differential Pressure Gauge/Quanterra Q330 Linear | Guralp CMG3T_120sec WHOI OBSIP/Quanterra Q330 Line | Quanterra Q330 Linear Phase Composite,EarthScope,fdsn,373
YL_2009,A13,YL,-20.885401,-177.525894,-2674.0,2009-11-24 13:20:53.000,2010-12-01 02:24:52.000000,BDH BH1 BH2 BHZ (40 Hz),40.0,pressure+seismometer,LDEO DPG/LDEO_new dummy at 40/125 | LDEO OBS Sensor Mk2/LDEO_new dummy at 40/125,EarthScope,fdsn,371
YL_2009,A14W,YL,-20.6658,-178.155304,-884.0,2009-11-23 00:00:00.000,2010-12-01 23:59:59.000000,HH1 HH2 HHZ (100 Hz); BDH (10 Hz); LDH LH1 LH2 LHZ (1 Hz); VPB (0.1 Hz),100.0,pressure+seismometer,Differential Pressure Gauge/Quanterra Q330 Linear | Guralp CMG3T_120sec WHOI OBSIP/Quanterra Q330 Line | Quanterra Q330 Linear Phase Composite,EarthScope,fdsn,373
YL_2009,B01W,YL,-20.0483,-175.018005,-1723.0,2009-11-27 00:00:00.000,2010-11-27 23:59:59.000000,HH1 HH2 HHZ (100 Hz); BDH (10 Hz); LDH LH1 LH2 LHZ (1 Hz); VPB (0.1 Hz),100.0,pressure+seismometer,Differential Pressure Gauge/Quanterra Q330 Linear | Guralp CMG3T_120sec WHOI OBSIP/Quanterra Q330 Line | Quanterra Q330 Linear Phase Composite,EarthScope,fdsn,365
YL_2009,B02,YL,-19.9965,-175.190598,-1495.0,2009-11-27 18:13:44.000,2010-11-27 08:55:40.000000,BDH BH1 BH2 BHZ (40 Hz),40.0,pressure+seismometer,LDEO DPG/LDEO_new dummy at 40/125 | LDEO OBS Sensor Mk2/LDEO_new dummy at 40/125,EarthScope,fdsn,364
YL_2009,B03,YL,-19.941401,-175.385498,-2015.0,2009-11-27 20:28:54.000,2010-11-27 06:43:47.000000,BDH BH1 BH2 BHZ (40 Hz),40.0,pressure+seismometer,LDEO DPG/LDEO_new dummy at 40/125 | LDEO OBS Sensor Mk2/LDEO_new dummy at 40/125,EarthScope,fdsn,364
YL_2009,B04W,YL,-19.8918,-175.5345,-2197.0,2009-11-27 00:00:00.000,2010-11-27 23:59:59.000000,HH1 HH2 HHZ (100 Hz); BDH (10 Hz); LDH LH1 LH2 LHZ (1 Hz); VPB (0.1 Hz),100.0,pressure+seismometer,Differential Pressure Gauge/Quanterra Q330 Linear | Guralp CMG3T_120sec WHOI OBSIP/Quanterra Q330 Line | Quanterra Q330 Linear Phase Composite,EarthScope,fdsn,365
YL_2009,B05W,YL,-19.837799,-175.705093,-2349.0,2009-11-27 00:00:00.000,2010-11-27 23:59:59.000000,HH1 HH2 HHZ (100 Hz); BDH (10 Hz); LDH LH1 LH2 LHZ (1 Hz); VPB (0.1 Hz),100.0,pressure+seismometer,Differential Pressure Gauge/Quanterra Q330 Linear | Guralp CMG3T_120sec WHOI OBSIP/Quanterra Q330 Line | Quanterra Q330 Linear Phase Composite,EarthScope,fdsn,365
YL_2009,B06,YL,-19.792,-175.8414,-2201.0,2009-11-28 04:56:53.000,2010-11-26 21:47:46.000000,BDH BH1 BH2 BHZ (40 Hz),40.0,pressure+seismometer,LDEO DPG/LDEO_new dummy at 40/125 | LDEO OBS Sensor Mk2/LDEO_new dummy at 40/125,EarthScope,fdsn,363
YL_2009,B07W,YL,-19.7442,-175.979507,-2623.0,2009-11-27 00:00:00.000,2010-11-26 23:59:59.000000,HH1 HH2 HHZ (100 Hz); BDH (10 Hz); LDH LH1 LH2 LHZ (1 Hz); VPB (0.1 Hz),100.0,pressure+seismometer,Differential Pressure Gauge/Quanterra Q330 Linear | Guralp CMG3T_120sec WHOI OBSIP/Quanterra Q330 Line | Quanterra Q330 Linear Phase Composite,EarthScope,fdsn,364
YL_2009,B08,YL,-19.7164,-176.065704,-2625.0,2009-11-28 21:15:53.000,2010-11-26 04:59:08.000000,BDH BH1 BH2 BHZ (40 Hz),40.0,pressure+seismometer,LDEO DPG/LDEO_new dummy at 40/125 | LDEO OBS Sensor Mk2/LDEO_new dummy at 40/125,EarthScope,fdsn,362
YL_2009,B09W,YL,-19.6544,-176.195602,-2626.0,2009-11-27 00:00:00.000,2010-11-26 23:59:59.000000,HH1 HH2 HHZ (100 Hz); BDH (10 Hz); LDH LH1 LH2 LHZ (1 Hz); VPB (0.1 Hz),100.0,pressure+seismometer,Differential Pressure Gauge/Quanterra Q330 Linear | Guralp CMG3T_120sec WHOI OBSIP/Quanterra Q330 Line | Quanterra Q330 Linear Phase Composite,EarthScope,fdsn,364
YL_2009,B10,YL,-19.6071,-176.333206,-2237.0,2009-11-29 03:56:53.000,2010-11-25 22:11:03.000000,BDH BH1 BH2 BHZ (40 Hz),40.0,pressure+seismometer,LDEO DPG/LDEO_new dummy at 40/125 | LDEO OBS Sensor Mk2/LDEO_new dummy at 40/125,EarthScope,fdsn,361
YL_2009,B11W,YL,-19.5804,-176.480392,-2060.0,2009-11-29 00:00:00.000,2010-11-25 23:59:59.000000,HH1 HH2 HHZ (100 Hz); BDH (10 Hz); LDH LH1 LH2 LHZ (1 Hz); VPB (0.1 Hz),100.0,pressure+seismometer,Differential Pressure Gauge/Quanterra Q330 Linear | Guralp CMG3T_120sec WHOI OBSIP/Quanterra Q330 Line | Quanterra Q330 Linear Phase Composite,EarthScope,fdsn,361
YL_2009,B12,YL,-19.5012,-176.701401,-2335.0,2009-11-29 08:17:54.000,2010-11-25 17:12:36.000000,BDH BH1 BH2 BHZ (40 Hz),40.0,pressure+seismometer,LDEO DPG/LDEO_new dummy at 40/125 | LDEO OBS Sensor Mk2/LDEO_new dummy at 40/125,EarthScope,fdsn,361
YL_2009,B13,YL,-19.2906,-177.268997,-2077.0,2009-11-30 19:41:53.000,2010-11-24 21:59:33.000000,BDH BH1 BH2 BHZ (40 Hz),40.0,pressure+seismometer,LDEO DPG/LDEO_new dummy at 40/125 | LDEO OBS Sensor Mk2/LDEO_new dummy at 40/125,EarthScope,fdsn,359
YL_2009,B14W,YL,-19.0427,-177.987701,-2219.0,2009-11-27 00:00:00.000,2010-11-24 23:59:59.000000,HH1 HH2 HHZ (100 Hz); BDH (10 Hz); LDH LH1 LH2 LHZ (1 Hz); VPB (0.1 Hz),100.0,pressure+seismometer,Differential Pressure Gauge/Quanterra Q330 Linear | Guralp CMG3T_120sec WHOI OBSIP/Quanterra Q330 Line | Quanterra Q330 Linear Phase Composite,EarthScope,fdsn,362
YL_2009,C01W,YL,-20.5308,-175.220398,-1655.0,2009-11-26 00:00:00.000,2010-11-28 23:59:59.000000,HH1 HH2 HHZ (100 Hz); BDH (10 Hz); LDH LH1 LH2 LHZ (1 Hz); VPB (0.1 Hz),100.0,pressure+seismometer,Differential Pressure Gauge/Quanterra Q330 Linear | Guralp CMG3T_120sec WHOI OBSIP/Quanterra Q330 Line | Quanterra Q330 Linear Phase Composite,EarthScope,fdsn,367
YL_2009,C02,YL,-20.408899,-175.643494,-2062.0,2009-11-27 07:29:54.000,2010-11-27 17:09:59.000000,BDH BH1 BH2 BHZ (40 Hz),40.0,pressure+seismometer,LDEO DPG/LDEO_new dummy at 40/125 | LDEO OBS Sensor Mk2/LDEO_new dummy at 40/125,EarthScope,fdsn,365
YL_2009,C03W,YL,-20.941401,-175.716705,-2084.0,2009-11-25 00:00:00.000,2010-12-02 23:59:59.000000,HH1 HH2 HHZ (100 Hz); BDH (10 Hz); LDH LH1 LH2 LHZ (1 Hz); VPB (0.1 Hz),100.0,pressure+seismometer,Differential Pressure Gauge/Quanterra Q330 Linear | Guralp CMG3T_120sec WHOI OBSIP/Quanterra Q330 Line | Quanterra Q330 Linear Phase Composite,EarthScope,fdsn,372
YL_2009,C04,YL,-20.183599,-175.9198,-2197.0,2009-11-25 21:43:53.000,2010-12-03 12:53:01.000000,BDH BH1 BH2 BHZ (40 Hz),40.0,pressure+seismometer,LDEO DPG/LDEO_new dummy at 40/125 | LDEO OBS Sensor Mk2/LDEO_new dummy at 40/125,EarthScope,fdsn,372
YL_2009,C05W,YL,-20.6012,-175.951904,-2289.0,2009-11-25 00:00:00.000,2010-12-03 23:59:59.000000,HH1 HH2 HHZ (100 Hz); BDH (10 Hz); LDH LH1 LH2 LHZ (1 Hz); VPB (0.1 Hz),100.0,pressure+seismometer,Differential Pressure Gauge/Quanterra Q330 Linear | Guralp CMG3T_120sec WHOI OBSIP/Quanterra Q330 Line | Quanterra Q330 Linear Phase Composite,EarthScope,fdsn,373
YL_2009,C06,YL,-20.947701,-176.054703,-2406.0,2009-11-26 22:36:52.000,2010-12-02 15:25:08.000000,BDH BH1 BH2 BHZ (40 Hz),40.0,pressure+seismometer,LDEO DPG/LDEO_new dummy at 40/125 | LDEO OBS Sensor Mk2/LDEO_new dummy at 40/125,EarthScope,fdsn,370
YL_2009,C07W,YL,-19.992201,-176.097397,-2648.0,2009-11-24 00:00:00.000,2010-12-03 23:59:59.000000,HH1 HH2 HHZ (100 Hz); BDH (10 Hz); LDH LH1 LH2 LHZ (1 Hz); VPB (0.1 Hz),100.0,pressure+seismometer,Differential Pressure Gauge/Quanterra Q330 Linear | Guralp CMG3T_120sec WHOI OBSIP/Quanterra Q330 Line | Quanterra Q330 Linear Phase Composite,EarthScope,fdsn,374
YL_2009,C08W,YL,-20.2521,-176.117096,-2785.0,2009-11-24 00:00:00.000,2010-12-03 23:59:59.000000,HH1 HH2 HHZ (100 Hz); BDH (10 Hz); LDH LH1 LH2 LHZ (1 Hz); VPB (0.1 Hz),100.0,pressure+seismometer,Differential Pressure Gauge/Quanterra Q330 Linear | Guralp CMG3T_120sec WHOI OBSIP/Quanterra Q330 Line | Quanterra Q330 Linear Phase Composite,EarthScope,fdsn,374
YL_2009,C09W,YL,-20.5511,-176.149796,-2537.0,2009-11-24 00:00:00.000,2010-12-03 23:59:59.000000,HH1 HH2 HHZ (100 Hz); BDH (10 Hz); LDH LH1 LH2 LHZ (1 Hz); VPB (0.1 Hz),100.0,pressure+seismometer,Differential Pressure Gauge/Quanterra Q330 Linear | Guralp CMG3T_120sec WHOI OBSIP/Quanterra Q330 Line | Quanterra Q330 Linear Phase Composite,EarthScope,fdsn,374
YL_2009,C10W,YL,-20.771099,-176.194794,-2162.0,2009-11-25 00:00:00.000,2010-12-02 23:59:59.000000,HH1 HH2 HHZ (100 Hz); BDH (10 Hz); LDH LH1 LH2 LHZ (1 Hz); VPB (0.1 Hz),100.0,pressure+seismometer,Differential Pressure Gauge/Quanterra Q330 Linear | Guralp CMG3T_120sec WHOI OBSIP/Quanterra Q330 Line | Quanterra Q330 Linear Phase Composite,EarthScope,fdsn,372
YL_2009,C11W,YL,-21.030899,-176.255005,-2214.0,2009-11-25 00:00:00.000,2010-12-02 23:59:59.000000,HH1 HH2 HHZ (100 Hz); BDH (10 Hz); LDH LH1 LH2 LHZ (1 Hz); VPB (0.1 Hz),100.0,pressure+seismometer,Differential Pressure Gauge/Quanterra Q330 Linear | Guralp CMG3T_120sec WHOI OBSIP/Quanterra Q330 Line | Quanterra Q330 Linear Phase Composite,EarthScope,fdsn,372
YL_2009,C12,YL,-20.058201,-176.2854,-2587.0,2009-11-25 15:09:53.000,2010-12-03 18:23:44.000000,BDH BH1 BH2 BHZ (40 Hz),40.0,pressure+seismometer,LDEO DPG/LDEO_new dummy at 40/125 | LDEO OBS Sensor Mk2/LDEO_new dummy at 40/125,EarthScope,fdsn,373
YL_2009,C13,YL,-20.4536,-176.358093,-2280.0,2009-11-26 03:54:52.000,2010-12-03 05:42:00.000000,BDH BH1 BH2 BHZ (40 Hz),40.0,pressure+seismometer,LDEO DPG/LDEO_new dummy at 40/125 | LDEO OBS Sensor Mk2/LDEO_new dummy at 40/125,EarthScope,fdsn,372
YL_2009,C15,YL,-20.048,-176.715195,-2512.0,2009-11-25 11:04:53.000,2010-12-01 17:53:10.000000,BDH BH1 BH2 BHZ (40 Hz),40.0,pressure+seismometer,LDEO DPG/LDEO_new dummy at 40/125 | LDEO OBS Sensor Mk2/LDEO_new dummy at 40/125,EarthScope,fdsn,371
YL_2009,C16W,YL,-20.5704,-176.828903,-2213.0,2009-11-24 00:00:00.000,2010-12-01 23:59:59.000000,HH1 HH2 HHZ (100 Hz); BDH (10 Hz); LDH LH1 LH2 LHZ (1 Hz); VPB (0.1 Hz),100.0,pressure+seismometer,Differential Pressure Gauge/Quanterra Q330 Linear | Guralp CMG3T_120sec WHOI OBSIP/Quanterra Q330 Line | Quanterra Q330 Linear Phase Composite,EarthScope,fdsn,372
YL_2009,C17W,YL,-20.1308,-177.259796,-2822.0,2009-11-23 00:00:00.000,2010-12-01 23:59:59.000000,HH1 HH2 HHZ (100 Hz); BDH (10 Hz); LDH LH1 LH2 LHZ (1 Hz); VPB (0.1 Hz),100.0,pressure+seismometer,Differential Pressure Gauge/Quanterra Q330 Linear | Guralp CMG3T_120sec WHOI OBSIP/Quanterra Q330 Line | Quanterra Q330 Linear Phase Composite,EarthScope,fdsn,373
YL_2009,F01,YL,-20.795,-173.913193,-3852.0,2009-11-21 14:07:53.000,2010-11-24 21:38:43.000000,BDH BH1 BH2 BHZ (40 Hz),40.0,pressure+seismometer,LDEO DPG/LDEO_new dummy at 40/125 | LDEO OBS Sensor Mk2/LDEO_new dummy at 40/125,EarthScope,fdsn,368
YL_2009,F02W,YL,-21.349199,-174.438797,-2602.0,2009-11-20 00:00:00.000,2010-11-28 23:59:59.000000,HH1 HH2 HHZ (100 Hz); BDH (10 Hz); LDH LH1 LH2 LHZ (1 Hz); VPB (0.1 Hz),100.0,pressure+seismometer,Differential Pressure Gauge/Quanterra Q330 Linear | Guralp CMG3T_120sec WHOI OBSIP/Quanterra Q330 Line | Quanterra Q330 Linear Phase Composite,EarthScope,fdsn,373
YL_2009,LBA01,YL,-20.970699,-176.051697,-2406.0,2009-01-22 00:00:00.000,2009-02-11 23:59:59.000000,EDH EL1 EL2 ELZ (200 Hz); LDH LL1 LL2 LLZ (1 Hz),200.0,pressure+seismometer,Geospace GS-11D/Quanterra Q330 Linear Phase Below | HTI-90-U Hydrophone;/Quanterra Q330 Linear Phase B,EarthScope,fdsn,20
YL_2009,LBA02,YL,-20.896799,-176.035995,-2416.0,2009-01-22 00:00:00.000,2009-02-11 23:59:59.000000,EDH EL1 EL2 ELZ (200 Hz); LDH LL1 LL2 LLZ (1 Hz),200.0,pressure+seismometer,Geospace GS-11D/Quanterra Q330 Linear Phase Below | HTI-90-U Hydrophone;/Quanterra Q330 Linear Phase B,EarthScope,fdsn,20
YL_2009,LBA03,YL,-20.823,-176.019897,-2334.0,2009-01-22 00:00:00.000,2009-02-11 23:59:59.000000,EDH EL1 EL2 ELZ (200 Hz); LDH LL1 LL2 LLZ (1 Hz),200.0,pressure+seismometer,Geospace GS-11D/Quanterra Q330 Linear Phase Below | HTI-90-U Hydrophone;/Quanterra Q330 Linear Phase B,EarthScope,fdsn,20
YL_2009,LBA04,YL,-20.7523,-175.985901,-2200.0,2009-01-22 00:00:00.000,2009-02-11 23:59:59.000000,EDH EL1 EL2 ELZ (200 Hz); LDH LL1 LL2 LLZ (1 Hz),200.0,pressure+seismometer,Geospace GS-11D/Quanterra Q330 Linear Phase Below | HTI-90-U Hydrophone;/Quanterra Q330 Linear Phase B,EarthScope,fdsn,20
YL_2009,LBA17,YL,-20.697399,-176.071106,-2300.0,2009-01-23 00:00:00.000,2009-02-25 23:59:59.000000,EDH EL1 EL2 ELZ (200 Hz); LDH LL1 LL2 LLZ (1 Hz),200.0,pressure+seismometer,Geospace GS-11D/Quanterra Q330 Linear Phase Below | HTI-90-U Hydrophone;/Quanterra Q330 Linear Phase B,EarthScope,fdsn,33
YL_2009,LBA18,YL,-20.7227,-176.139999,-2330.0,2009-01-23 00:00:00.000,2009-02-10 23:59:59.000000,EDH EL1 EL2 ELZ (200 Hz); LDH LL1 LL2 LLZ (1 Hz),200.0,pressure+seismometer,Geospace GS-11D/Quanterra Q330 Linear Phase Below | HTI-90-U Hydrophone;/Quanterra Q330 Linear Phase B,EarthScope,fdsn,18
YL_2009,LBA19,YL,-20.770399,-176.089905,-2304.0,2009-01-23 00:00:00.000,2009-02-10 23:59:59.000000,EDH EL1 EL2 ELZ (200 Hz); LDH LL1 LL2 LLZ (1 Hz),200.0,pressure+seismometer,Geospace GS-11D/Quanterra Q330 Linear Phase Below | HTI-90-U Hydrophone;/Quanterra Q330 Linear Phase B,EarthScope,fdsn,18
YL_2009,LBA20,YL,-20.791901,-176.155594,-2217.0,2009-01-23 00:00:00.000,2009-02-11 23:59:59.000000,EDH EL1 EL2 ELZ (200 Hz); LDH LL1 LL2 LLZ (1 Hz),200.0,pressure+seismometer,Geospace GS-11D/Quanterra Q330 Linear Phase Below | HTI-90-U Hydrophone;/Quanterra Q330 Linear Phase B,EarthScope,fdsn,19
YL_2009,LBA21,YL,-20.8456,-176.102493,-2389.0,2009-01-23 00:00:00.000,2009-02-11 23:59:59.000000,EDH EL1 EL2 ELZ (200 Hz); LDH LL1 LL2 LLZ (1 Hz),200.0,pressure+seismometer,Geospace GS-11D/Quanterra Q330 Linear Phase Below | HTI-90-U Hydrophone;/Quanterra Q330 Linear Phase B,EarthScope,fdsn,19
YL_2009,LBA22,YL,-20.8701,-176.177094,-2099.0,2009-01-23 00:00:00.000,2009-02-11 23:59:59.000000,EDH EL1 EL2 ELZ (200 Hz); LDH LL1 LL2 LLZ (1 Hz),200.0,pressure+seismometer,Geospace GS-11D/Quanterra Q330 Linear Phase Below | HTI-90-U Hydrophone;/Quanterra Q330 Linear Phase B,EarthScope,fdsn,19
YL_2009,LBA25,YL,-20.899599,-176.222794,-2247.0,2009-01-23 00:00:00.000,2009-02-10 23:59:59.000000,EDH EL1 EL2 ELZ (200 Hz); LDH LL1 LL2 LLZ (1 Hz),200.0,pressure+seismometer,Geospace GS-11D/Quanterra Q330 Linear Phase Below | HTI-90-U Hydrophone;/Quanterra Q330 Linear Phase B,EarthScope,fdsn,18
YL_2009,LBA26,YL,-20.927299,-176.280106,-2422.0,2009-01-23 00:00:00.000,2009-02-10 23:59:59.000000,EDH EL1 EL2 ELZ (200 Hz); LDH LL1 LL2 LLZ (1 Hz),200.0,pressure+seismometer,Geospace GS-11D/Quanterra Q330 Linear Phase Below | HTI-90-U Hydrophone;/Quanterra Q330 Linear Phase B,EarthScope,fdsn,18
YL_2009,LBA27,YL,-20.8533,-176.263504,-2483.0,2009-01-23 00:00:00.000,2009-02-10 23:59:59.000000,EDH EL1 EL2 ELZ (200 Hz); LDH LL1 LL2 LLZ (1 Hz),200.0,pressure+seismometer,Geospace GS-11D/Quanterra Q330 Linear Phase Below | HTI-90-U Hydrophone;/Quanterra Q330 Linear Phase B,EarthScope,fdsn,18
YL_2009,LBA28,YL,-20.8258,-176.205994,-2143.0,2009-01-23 00:00:00.000,2009-02-10 23:59:59.000000,EDH EL1 EL2 ELZ (200 Hz); LDH LL1 LL2 LLZ (1 Hz),200.0,pressure+seismometer,Geospace GS-11D/Quanterra Q330 Linear Phase Below | HTI-90-U Hydrophone;/Quanterra Q330 Linear Phase B,EarthScope,fdsn,18
YL_2009,LBA29,YL,-20.7798,-176.244904,-2359.0,2009-01-23 00:00:00.000,2009-02-10 23:59:59.000000,EDH EL1 EL2 ELZ (200 Hz); LDH LL1 LL2 LLZ (1 Hz),200.0,pressure+seismometer,Geospace GS-11D/Quanterra Q330 Linear Phase Below | HTI-90-U Hydrophone;/Quanterra Q330 Linear Phase B,EarthScope,fdsn,18
YL_2009,LBA30,YL,-20.752199,-176.187805,-2129.0,2009-01-23 00:00:00.000,2009-02-10 23:59:59.000000,EDH EL1 EL2 ELZ (200 Hz); LDH LL1 LL2 LLZ (1 Hz),200.0,pressure+seismometer,Geospace GS-11D/Quanterra Q330 Linear Phase Below | HTI-90-U Hydrophone;/Quanterra Q330 Linear Phase B,EarthScope,fdsn,18
YL_2009,LBA46,YL,-20.51,-176.245895,-2375.0,2009-01-24 00:00:00.000,2009-02-26 23:59:59.000000,EDH EL1 EL2 ELZ (200 Hz); LDH LL1 LL2 LLZ (1 Hz),200.0,pressure+seismometer,Geospace GS-11D/Quanterra Q330 Linear Phase Below | HTI-90-U Hydrophone;/Quanterra Q330 Linear Phase B,EarthScope,fdsn,33
YL_2009,LBA47,YL,-20.583599,-176.261902,-2273.0,2009-01-24 00:00:00.000,2009-02-26 23:59:59.000000,EDH EL1 EL2 ELZ (200 Hz); LDH LL1 LL2 LLZ (1 Hz),200.0,pressure+seismometer,Geospace GS-11D/Quanterra Q330 Linear Phase Below | HTI-90-U Hydrophone;/Quanterra Q330 Linear Phase B,EarthScope,fdsn,33
YL_2009,LBA48,YL,-20.658001,-176.278107,-2367.0,2009-01-24 00:00:00.000,2009-03-02 23:59:59.000000,EDH EL1 EL2 ELZ (200 Hz); LDH LL1 LL2 LLZ (1 Hz),200.0,pressure+seismometer,Geospace GS-11D/Quanterra Q330 Linear Phase Below | HTI-90-U Hydrophone;/Quanterra Q330 Linear Phase B,EarthScope,fdsn,37
YL_2009,LBA49,YL,-20.7325,-176.294006,-2365.0,2009-01-24 00:00:00.000,2009-02-10 23:59:59.000000,EDH EL1 EL2 ELZ (200 Hz); LDH LL1 LL2 LLZ (1 Hz),200.0,pressure+seismometer,Geospace GS-11D/Quanterra Q330 Linear Phase Below | HTI-90-U Hydrophone;/Quanterra Q330 Linear Phase B,EarthScope,fdsn,17
YL_2009,LBA50,YL,-20.8064,-176.309906,-2432.0,2009-01-24 00:00:00.000,2009-02-10 23:59:59.000000,EDH EL1 EL2 ELZ (200 Hz); LDH LL1 LL2 LLZ (1 Hz),200.0,pressure+seismometer,Geospace GS-11D/Quanterra Q330 Linear Phase Below | HTI-90-U Hydrophone;/Quanterra Q330 Linear Phase B,EarthScope,fdsn,17
YL_2009,LBA60,YL,-20.306999,-176.297806,-2298.0,2009-02-09 00:00:00.000,2009-02-25 23:59:59.000000,EDH EL1 EL2 ELZ (200 Hz); LDH LL1 LL2 LLZ (1 Hz),200.0,pressure+seismometer,Geospace GS-11D/Quanterra Q330 Linear Phase Below | HTI-90-U Hydrophone;/Quanterra Q330 Linear Phase B,EarthScope,fdsn,16
YL_2009,LBA61,YL,-20.2309,-176.292999,-2390.0,2009-02-09 00:00:00.000,2009-02-25 23:59:59.000000,EDH EL1 EL2 ELZ (200 Hz); LDH LL1 LL2 LLZ (1 Hz),200.0,pressure+seismometer,Geospace GS-11D/Quanterra Q330 Linear Phase Below | HTI-90-U Hydrophone;/Quanterra Q330 Linear Phase B,EarthScope,fdsn,16
YL_2009,LBA62,YL,-20.163099,-176.278397,-2607.0,2009-02-09 00:00:00.000,2009-02-25 23:59:59.000000,EDH EL1 EL2 ELZ (200 Hz); LDH LL1 LL2 LLZ (1 Hz),200.0,pressure+seismometer,Geospace GS-11D/Quanterra Q330 Linear Phase Below | HTI-90-U Hydrophone;/Quanterra Q330 Linear Phase B,EarthScope,fdsn,16
YL_2009,LBA63,YL,-20.082399,-176.260895,-2623.0,2009-02-09 00:00:00.000,2009-02-25 23:59:59.000000,EDH EL1 EL2 ELZ (200 Hz); LDH LL1 LL2 LLZ (1 Hz),200.0,pressure+seismometer,Geospace GS-11D/Quanterra Q330 Linear Phase Below | HTI-90-U Hydrophone;/Quanterra Q330 Linear Phase B,EarthScope,fdsn,16
YL_2009,LBA64,YL,-20.134501,-176.193298,-2466.0,2009-02-09 00:00:00.000,2009-02-25 23:59:59.000000,EDH EL1 EL2 ELZ (200 Hz); LDH LL1 LL2 LLZ (1 Hz),200.0,pressure+seismometer,Geospace GS-11D/Quanterra Q330 Linear Phase Below | HTI-90-U Hydrophone;/Quanterra Q330 Linear Phase B,EarthScope,fdsn,16
YL_2009,LBA65,YL,-20.2082,-176.209106,-2489.0,2009-02-09 00:00:00.000,2009-02-27 23:59:59.000000,EDH EL1 EL2 ELZ (200 Hz); LDH LL1 LL2 LLZ (1 Hz),200.0,pressure+seismometer,Geospace GS-11D/Quanterra Q330 Linear Phase Below | HTI-90-U Hydrophone;/Quanterra Q330 Linear Phase B,EarthScope,fdsn,18
YL_2009,LBA74,YL,-20.1243,-176.035797,-2504.0,2009-02-09 00:00:00.000,2009-02-26 23:59:59.000000,EDH EL1 EL2 ELZ (200 Hz); LDH LL1 LL2 LLZ (1 Hz),200.0,pressure+seismometer,Geospace GS-11D/Quanterra Q330 Linear Phase Below | HTI-90-U Hydrophone;/Quanterra Q330 Linear Phase B,EarthScope,fdsn,17
YL_2009,LBA75,YL,-20.174999,-175.981094,-2352.0,2009-02-10 00:00:00.000,2009-02-26 23:59:59.000000,EDH EL1 EL2 ELZ (200 Hz); LDH LL1 LL2 LLZ (1 Hz),200.0,pressure+seismometer,Geospace GS-11D/Quanterra Q330 Linear Phase Below | HTI-90-U Hydrophone;/Quanterra Q330 Linear Phase B,EarthScope,fdsn,16
YL_2009,LBA76,YL,-20.200199,-176.048203,-2382.0,2009-02-09 00:00:00.000,2009-02-27 23:59:59.000000,EDH EL1 EL2 ELZ (200 Hz); LDH LL1 LL2 LLZ (1 Hz),200.0,pressure+seismometer,Geospace GS-11D/Quanterra Q330 Linear Phase Below | HTI-90-U Hydrophone;/Quanterra Q330 Linear Phase B,EarthScope,fdsn,18
YL_2009,LBA77,YL,-20.2488,-175.997406,-2432.0,2009-02-10 00:00:00.000,2009-02-26 23:59:59.000000,EDH EL1 EL2 ELZ (200 Hz); LDH LL1 LL2 LLZ (1 Hz),200.0,pressure+seismometer,Geospace GS-11D/Quanterra Q330 Linear Phase Below | HTI-90-U Hydrophone;/Quanterra Q330 Linear Phase B,EarthScope,fdsn,16
YL_2009,LBA78,YL,-20.273701,-176.069901,-2445.0,2009-02-10 00:00:00.000,2009-02-27 23:59:59.000000,EDH EL1 EL2 ELZ (200 Hz); LDH LL1 LL2 LLZ (1 Hz),200.0,pressure+seismometer,Geospace GS-11D/Quanterra Q330 Linear Phase Below | HTI-90-U Hydrophone;/Quanterra Q330 Linear Phase B,EarthScope,fdsn,17
YL_2009,LBA79,YL,-20.348499,-176.083099,-2392.0,2009-02-10 00:00:00.000,2009-02-27 23:59:59.000000,EDH EL1 EL2 ELZ (200 Hz); LDH LL1 LL2 LLZ (1 Hz),200.0,pressure+seismometer,Geospace GS-11D/Quanterra Q330 Linear Phase Below | HTI-90-U Hydrophone;/Quanterra Q330 Linear Phase B,EarthScope,fdsn,17
YL_2009,LBA80,YL,-20.3214,-176.018402,-2416.0,2009-02-10 00:00:00.000,2009-02-26 23:59:59.000000,EDH EL1 EL2 ELZ (200 Hz); LDH LL1 LL2 LLZ (1 Hz),200.0,pressure+seismometer,Geospace GS-11D/Quanterra Q330 Linear Phase Below | HTI-90-U Hydrophone;/Quanterra Q330 Linear Phase B,EarthScope,fdsn,16
YL_2009,LBA81,YL,-20.373501,-175.951004,-2132.0,2009-02-10 00:00:00.000,2009-02-24 23:59:59.000000,EDH EL1 EL2 ELZ (200 Hz); LDH LL1 LL2 LLZ (1 Hz),200.0,pressure+seismometer,Geospace GS-11D/Quanterra Q330 Linear Phase Below | HTI-90-U Hydrophone;/Quanterra Q330 Linear Phase B,EarthScope,fdsn,14
YL_2009,LBA82,YL,-20.292801,-175.944199,-2150.0,2009-02-10 00:00:00.000,2009-02-24 23:59:59.000000,EDH EL1 EL2 ELZ (200 Hz); LDH LL1 LL2 LLZ (1 Hz),200.0,pressure+seismometer,Geospace GS-11D/Quanterra Q330 Linear Phase Below | HTI-90-U Hydrophone;/Quanterra Q330 Linear Phase B,EarthScope,fdsn,14
YL_2009,LBA83,YL,-20.2248,-175.919098,-2207.0,2009-02-10 00:00:00.000,2009-02-24 23:59:59.000000,EDH EL1 EL2 ELZ (200 Hz); LDH LL1 LL2 LLZ (1 Hz),200.0,pressure+seismometer,Geospace GS-11D/Quanterra Q330 Linear Phase Below | HTI-90-U Hydrophone;/Quanterra Q330 Linear Phase B,EarthScope,fdsn,14
YL_2009,LBA84,YL,-20.152399,-175.903397,-2254.0,2009-02-10 00:00:00.000,2009-02-24 23:59:59.000000,EDH EL1 EL2 ELZ (200 Hz); LDH LL1 LL2 LLZ (1 Hz),200.0,pressure+seismometer,Geospace GS-11D/Quanterra Q330 Linear Phase Below | HTI-90-U Hydrophone;/Quanterra Q330 Linear Phase B,EarthScope,fdsn,14
YL_2009,N01W,YL,-19.0243,-175.485504,-2325.0,2009-11-27 00:00:00.000,2010-11-26 23:59:59.000000,HH1 HH2 HHZ (100 Hz); BDH (10 Hz); LDH LH1 LH2 LHZ (1 Hz); VPB (0.1 Hz),100.0,pressure+seismometer,Differential Pressure Gauge/Quanterra Q330 Linear | Guralp CMG3T_120sec WHOI OBSIP/Quanterra Q330 Line | Quanterra Q330 Linear Phase Composite,EarthScope,fdsn,364
YL_2009,N02W,YL,-18.749001,-176.403198,-2717.0,2009-11-28 00:00:00.000,2010-11-25 23:59:59.000000,HH1 HH2 HHZ (100 Hz); BDH (10 Hz); LDH LH1 LH2 LHZ (1 Hz); VPB (0.1 Hz),100.0,pressure+seismometer,Differential Pressure Gauge/Quanterra Q330 Linear | Guralp CMG3T_120sec WHOI OBSIP/Quanterra Q330 Line | Quanterra Q330 Linear Phase Composite,EarthScope,fdsn,362
YL_2009,N03W,YL,-18.4034,-177.034897,-2304.0,2009-11-28 00:00:00.000,2010-11-25 23:59:59.000000,HH1 HH2 HHZ (100 Hz); BDH (10 Hz); LDH LH1 LH2 LHZ (1 Hz); VPB (0.1 Hz),100.0,pressure+seismometer,Differential Pressure Gauge/Quanterra Q330 Linear | Guralp CMG3T_120sec WHOI OBSIP/Quanterra Q330 Line | Quanterra Q330 Linear Phase Composite,EarthScope,fdsn,362
YL_2009,S01W,YL,-21.951799,-176.039307,-1980.0,2009-11-22 00:00:00.000,2010-11-29 23:59:59.000000,HH1 HH2 HHZ (100 Hz); BDH (10 Hz); LDH LH1 LH2 LHZ (1 Hz); VPB (0.1 Hz),100.0,pressure+seismometer,Differential Pressure Gauge/Quanterra Q330 Linear | Guralp CMG3T_120sec WHOI OBSIP/Quanterra Q330 Line | Quanterra Q330 Linear Phase Composite,EarthScope,fdsn,372
YL_2009,S02W,YL,-21.799101,-176.897995,-2043.0,2009-11-23 00:00:00.000,2010-11-30 23:59:59.000000,HH1 HH2 HHZ (100 Hz); BDH (10 Hz); LDH LH1 LH2 LHZ (1 Hz); VPB (0.1 Hz),100.0,pressure+seismometer,Differential Pressure Gauge/Quanterra Q330 Linear | Guralp CMG3T_120sec WHOI OBSIP/Quanterra Q330 Line | Quanterra Q330 Linear Phase Composite,EarthScope,fdsn,372
YM_2006,01,YM,24.3216,122.017799,-2878.0,2008-05-08 00:00:00.000,2009-06-21 23:59:59.000000,BDH BH1 BH2 BHZ (40 Hz),40.0,pressure+seismometer,LDEO DPG/LDEO_new dummy at 40/125 | LDEO OBS Sensor Mk2/LDEO_new dummy at 40/125,EarthScope,fdsn,409
YM_2006,02,YM,24.1646,122.239601,-2312.0,2008-05-08 00:00:00.000,2009-06-23 23:59:59.000000,BDH BH1 BH2 BHZ (40 Hz),40.0,pressure+seismometer,LDEO DPG/LDEO_new dummy at 40/125 | LDEO OBS Sensor Mk2/LDEO_new dummy at 40/125,EarthScope,fdsn,411
YM_2006,04,YM,23.884399,122.706596,-3659.0,2008-05-08 00:00:00.000,2009-06-11 23:59:59.000000,BDH BH1 BH2 BHZ (40 Hz),40.0,pressure+seismometer,LDEO DPG/LDEO_new dummy at 40/125 | LDEO OBS Sensor Mk2/LDEO_new dummy at 40/125,EarthScope,fdsn,399
YM_2006,06,YM,23.7897,122.210297,-2219.0,2007-11-13 19:11:30.000,2008-05-07 11:10:40.000000,BDH BH1 BH2 BHZ (40 Hz),40.0,pressure+seismometer,LDEO DPG/LDEO_new dummy at 40/125 | LDEO OBS Sensor Mk2/LDEO_new dummy at 40/125,EarthScope,fdsn,175
YM_2006,09,YM,23.6369,121.802002,-3710.0,2008-05-09 08:31:42.000,2009-05-28 08:26:03.000000,BDH BH1 BH2 BHZ (40 Hz),40.0,pressure+seismometer,LDEO DPG/LDEO_new dummy at 40/125 | LDEO OBS Sensor Mk2/LDEO_new dummy at 40/125,EarthScope,fdsn,383
YM_2006,10,YM,23.617701,122.104103,-3175.0,2007-11-13 23:14:37.000,2009-05-28 04:15:02.000000,BDH BH1 BH2 BHZ (40 Hz),40.0,pressure+seismometer,LDEO DPG/LDEO_new dummy at 40/125 | LDEO OBS Sensor Mk2/LDEO_new dummy at 40/125,EarthScope,fdsn,561
YM_2006,11,YM,23.5065,122.412903,-3352.0,2008-05-08 00:00:00.000,2009-06-30 23:59:59.000000,BDH BH1 BH2 BHZ (40 Hz),40.0,pressure+seismometer,LDEO DPG/LDEO_new dummy at 40/125 | LDEO OBS Sensor Mk2/LDEO_new dummy at 40/125,EarthScope,fdsn,418
YM_2006,12,YM,23.405899,122.687202,-4139.0,2008-05-08 00:00:00.000,2009-06-30 23:59:59.000000,BDH BH1 BH2 BHZ (40 Hz),40.0,pressure+seismometer,LDEO DPG/LDEO_new dummy at 40/125 | LDEO OBS Sensor Mk2/LDEO_new dummy at 40/125,EarthScope,fdsn,418
YM_2006,18,YM,23.1696,122.0159,-4277.0,2007-11-14 07:13:41.000,2009-06-30 23:59:59.000000,BDH BH1 BH2 BHZ (40 Hz),40.0,pressure+seismometer,LDEO DPG/LDEO_new dummy at 40/125 | LDEO OBS Sensor Mk2/LDEO_new dummy at 40/125,EarthScope,fdsn,594
YM_2006,19,YM,23.0914,122.150803,-4966.0,2008-05-09 22:07:42.000,2009-05-29 02:45:21.000000,BDH BH1 BH2 BHZ (40 Hz),40.0,pressure+seismometer,LDEO DPG/LDEO_new dummy at 40/125 | LDEO OBS Sensor Mk2/LDEO_new dummy at 40/125,EarthScope,fdsn,384
YM_2006,22,YM,22.961599,121.973198,-4677.0,2007-11-14 12:03:43.000,2008-05-06 19:58:36.000000,BDH BH1 BH2 BHZ (40 Hz),40.0,pressure+seismometer,LDEO DPG/LDEO_new dummy at 40/125 | LDEO OBS Sensor Mk2/LDEO_new dummy at 40/125,EarthScope,fdsn,174
YM_2006,25,YM,22.835199,121.543198,-1755.0,2008-05-11 00:00:00.000,2009-06-29 23:59:59.000000,BDH BH1 BH2 BHZ (40 Hz),40.0,pressure+seismometer,LDEO DPG/LDEO_new dummy at 40/125 | LDEO OBS Sensor Mk2/LDEO_new dummy at 40/125,EarthScope,fdsn,414
YM_2006,26,YM,22.7103,121.854897,-4376.0,2007-11-14 00:00:00.000,2008-05-24 23:59:59.000000,BDH BH1 BH2 BHZ (40 Hz),40.0,pressure+seismometer,LDEO DPG/LDEO_new dummy at 40/125 | LDEO OBS Sensor Mk2/LDEO_new dummy at 40/125,EarthScope,fdsn,192
YM_2006,27,YM,22.472601,122.264099,-4714.0,2008-05-10 10:52:42.000,2009-05-29 10:47:05.000000,BDH BH1 BH2 BHZ (40 Hz),40.0,pressure+seismometer,LDEO DPG/LDEO_new dummy at 40/125 | LDEO OBS Sensor Mk2/LDEO_new dummy at 40/125,EarthScope,fdsn,383
YM_2006,28,YM,22.3466,122.482597,-4876.0,2008-05-10 06:04:43.000,2009-04-25 18:06:08.000000,BDH BH1 BH2 BHZ (40 Hz),40.0,pressure+seismometer,LDEO DPG/LDEO_new dummy at 40/125 | LDEO OBS Sensor Mk2/LDEO_new dummy at 40/125,EarthScope,fdsn,350
YM_2006,30,YM,22.242901,121.755402,-3834.0,2007-11-15 03:16:40.000,2008-05-09 13:18:02.000000,BDH BH1 BH2 BHZ (40 Hz),40.0,pressure+seismometer,LDEO DPG/LDEO_new dummy at 40/125 | LDEO OBS Sensor Mk2/LDEO_new dummy at 40/125,EarthScope,fdsn,176
YM_2006,33,YM,21.969801,120.105499,-1243.0,2008-01-25 00:00:00.000,2009-05-29 23:59:59.000000,BDH BH1 BH2 BHZ (40 Hz),40.0,pressure+seismometer,LDEO DPG/LDEO_new dummy at 40/125 | LDEO OBS Sensor Mk2/LDEO_new dummy at 40/125,EarthScope,fdsn,490
YM_2006,35,YM,21.923,122.107201,-4794.0,2008-05-11 13:04:42.000,2009-05-30 12:59:03.000000,BDH BH1 BH2 BHZ (40 Hz),40.0,pressure+seismometer,LDEO DPG/LDEO_new dummy at 40/125 | LDEO OBS Sensor Mk2/LDEO_new dummy at 40/125,EarthScope,fdsn,383
YM_2006,37,YM,21.6698,119.495399,-2785.0,2008-05-12 10:52:42.000,2009-01-28 10:23:27.000000,BDH BH1 BH2 BHZ (40 Hz),40.0,pressure+seismometer,LDEO DPG/LDEO_new dummy at 40/125 | LDEO OBS Sensor Mk2/LDEO_new dummy at 40/125,EarthScope,fdsn,260
YM_2006,38,YM,21.609501,120.128799,-2738.0,2008-05-12 05:19:42.000,2009-05-31 05:14:05.000000,BDH BH1 BH2 BHZ (40 Hz),40.0,pressure+seismometer,LDEO DPG/LDEO_new dummy at 40/125 | LDEO OBS Sensor Mk2/LDEO_new dummy at 40/125,EarthScope,fdsn,383
YM_2006,39,YM,21.599701,121.364098,-2508.0,2008-05-11 21:25:51.000,2009-05-30 21:20:11.000000,BDH BH1 BH2 BHZ (40 Hz),40.0,pressure+seismometer,LDEO DPG/LDEO_new dummy at 40/125 | LDEO OBS Sensor Mk2/LDEO_new dummy at 40/125,EarthScope,fdsn,383
YM_2020,D101,YM,53.236433,-175.143535,-3716.0,2020-09-13 00:00:00.000,2020-09-19 23:59:59.000000,EDH EL1 EL2 ELZ (200 Hz); LDH LL1 LL2 LLZ (1 Hz); VPB (0.1 Hz),200.0,pressure+seismometer,Geospace GS-11D/Quanterra Q330 Linear Phase Compos | HTI-90-U Hydrophone;/Quanterra Q330 Linear Phase C | Quanterra Q330 Linear Phase Composite,EarthScope,fdsn,6
YM_2020,D102,YM,53.105088,-175.091358,-3707.0,2020-09-13 00:00:00.000,2020-09-19 23:59:59.000000,EDH EL1 EL2 ELZ (200 Hz); LDH LL1 LL2 LLZ (1 Hz); VPB (0.1 Hz),200.0,pressure+seismometer,Geospace GS-11D/Quanterra Q330 Linear Phase Compos | HTI-90-U Hydrophone;/Quanterra Q330 Linear Phase C | Quanterra Q330 Linear Phase Composite,EarthScope,fdsn,6
YM_2020,D103,YM,52.973275,-175.040277,-3623.0,2020-09-13 00:00:00.000,2020-09-19 23:59:59.000000,EDH EL1 EL2 ELZ (200 Hz); LDH LL1 LL2 LLZ (1 Hz); VPB (0.1 Hz),200.0,pressure+seismometer,Geospace GS-11D/Quanterra Q330 Linear Phase Compos | HTI-90-U Hydrophone;/Quanterra Q330 Linear Phase C | Quanterra Q330 Linear Phase Composite,EarthScope,fdsn,6
YM_2020,D104,YM,52.85141,-174.992043,-3551.0,2020-09-13 00:00:00.000,2020-09-19 23:59:59.000000,EDH EL1 EL2 ELZ (200 Hz); LDH LL1 LL2 LLZ (1 Hz); VPB (0.1 Hz),200.0,pressure+seismometer,Geospace GS-11D/Quanterra Q330 Linear Phase Compos | HTI-90-U Hydrophone;/Quanterra Q330 Linear Phase C | Quanterra Q330 Linear Phase Composite,EarthScope,fdsn,6
YM_2020,D105,YM,52.729012,-174.945297,-3366.0,2020-09-15 15:16:00.000,2020-09-18 18:45:00.440000,EDH EL1 EL2 ELZ (200 Hz),200.0,pressure+seismometer,HTI_90_U Hydrophone OBSIP-SIO/ABALONES | L28LB OBSIP-SIO Seismometer Differential/ABALONES,EarthScope,fdsn,3
YM_2020,D106,YM,52.62441,-174.90507,-3178.0,2020-09-15 16:02:00.000,2020-09-18 20:43:59.996200,EDH EL1 EL2 ELZ (200 Hz),200.0,pressure+seismometer,HTI_90_U Hydrophone OBSIP-SIO/ABALONES | L28LB OBSIP-SIO Seismometer Differential/ABALONES,EarthScope,fdsn,3
YM_2020,D107,YM,52.519488,-174.864817,-2941.0,2020-09-15 17:10:00.000,2020-09-18 22:33:00.390000,EDH EL1 EL2 ELZ (200 Hz),200.0,pressure+seismometer,HTI_90_U Hydrophone OBSIP-SIO/ABALONES | L28LB OBSIP-SIO Seismometer Differential/ABALONES,EarthScope,fdsn,3
YM_2020,D108,YM,52.414017,-174.824678,-2363.0,2020-09-06 00:00:00.000,2020-09-20 23:59:59.000000,EDH EL1 EL2 ELZ (200 Hz); LDH LL1 LL2 LLZ (1 Hz); VPB (0.1 Hz),200.0,pressure+seismometer,Geospace GS-11D/Quanterra Q330 Linear Phase Compos | HTI-90-U Hydrophone;/Quanterra Q330 Linear Phase C | Quanterra Q330 Linear Phase Composite,EarthScope,fdsn,14
YM_2020,D109,YM,52.30888,-174.784983,-456.0,2020-09-06 00:00:00.000,2020-09-20 23:59:59.000000,EDH EL1 EL2 ELZ (200 Hz); LDH LL1 LL2 LLZ (1 Hz); VPB (0.1 Hz),200.0,pressure+seismometer,Geospace GS-11D/Quanterra Q330 Linear Phase Compos | HTI-90-U Hydrophone;/Quanterra Q330 Linear Phase C | Quanterra Q330 Linear Phase Composite,EarthScope,fdsn,14
YM_2020,D111,YM,51.950412,-174.648277,-100.0,2020-09-13 00:00:00.000,2020-09-21 23:59:59.000000,EDH EL1 EL2 ELZ (200 Hz); LDH LL1 LL2 LLZ (1 Hz); VPB (0.1 Hz),200.0,pressure+seismometer,Geospace GS-11D/Quanterra Q330 Linear Phase Compos | HTI-90-U Hydrophone;/Quanterra Q330 Linear Phase C | Quanterra Q330 Linear Phase Composite,EarthScope,fdsn,8
YM_2020,D112,YM,51.844132,-174.609328,-186.0,2020-09-14 00:00:00.000,2020-09-21 23:59:59.000000,EDH EL1 EL2 ELZ (200 Hz); LDH LL1 LL2 LLZ (1 Hz); VPB (0.1 Hz),200.0,pressure+seismometer,Geospace GS-11D/Quanterra Q330 Linear Phase Compos | HTI-90-U Hydrophone;/Quanterra Q330 Linear Phase C | Quanterra Q330 Linear Phase Composite,EarthScope,fdsn,7
YM_2020,D113,YM,51.740087,-174.570057,-1358.0,2020-09-14 00:00:00.000,2020-09-21 23:59:59.000000,EDH EL1 EL2 ELZ (200 Hz); LDH LL1 LL2 LLZ (1 Hz); VPB (0.1 Hz),200.0,pressure+seismometer,Geospace GS-11D/Quanterra Q330 Linear Phase Compos | HTI-90-U Hydrophone;/Quanterra Q330 Linear Phase C | Quanterra Q330 Linear Phase Composite,EarthScope,fdsn,7
YM_2020,D114,YM,51.635063,-174.531375,-3121.0,2020-09-16 03:17:00.000,2020-09-20 04:23:00.170000,EDH EL1 EL2 ELZ (200 Hz),200.0,pressure+seismometer,HTI_90_U Hydrophone OBSIP-SIO/ABALONES | L28LB OBSIP-SIO Seismometer Differential/ABALONES,EarthScope,fdsn,4
YM_2020,D115,YM,51.512468,-174.484743,-4540.0,2020-09-16 03:44:00.000,2020-09-20 02:18:00.700000,EDH EL1 EL2 ELZ (200 Hz),200.0,pressure+seismometer,HTI_90_U Hydrophone OBSIP-SIO/ABALONES | L28LB OBSIP-SIO Seismometer Differential/ABALONES,EarthScope,fdsn,3
YM_2020,D116,YM,51.38971,-174.441273,-4674.0,2020-09-16 04:39:00.000,2020-09-19 23:35:00.800000,EDH EL1 EL2 ELZ (200 Hz),200.0,pressure+seismometer,HTI_90_U Hydrophone OBSIP-SIO/ABALONES | L28LB OBSIP-SIO Seismometer Differential/ABALONES,EarthScope,fdsn,3
YM_2020,D117,YM,51.266927,-174.396195,-4645.0,2020-09-14 00:00:00.000,2020-09-20 23:59:59.000000,EDH EL1 EL2 ELZ (200 Hz); LDH LL1 LL2 LLZ (1 Hz); VPB (0.1 Hz),200.0,pressure+seismometer,Geospace GS-11D/Quanterra Q330 Linear Phase Compos | HTI-90-U Hydrophone;/Quanterra Q330 Linear Phase C | Quanterra Q330 Linear Phase Composite,EarthScope,fdsn,6
YM_2020,D118,YM,51.135605,-174.348408,-4649.0,2020-09-14 00:00:00.000,2020-09-20 23:59:59.000000,EDH EL1 EL2 ELZ (200 Hz); LDH LL1 LL2 LLZ (1 Hz); VPB (0.1 Hz),200.0,pressure+seismometer,Geospace GS-11D/Quanterra Q330 Linear Phase Compos | HTI-90-U Hydrophone;/Quanterra Q330 Linear Phase C | Quanterra Q330 Linear Phase Composite,EarthScope,fdsn,6
YM_2020,D206,YM,51.923637,-176.27966,-166.0,2020-09-06 00:00:00.000,2020-09-14 23:59:59.000000,EDH EL1 EL2 ELZ (200 Hz); LDH LL1 LL2 LLZ (1 Hz); VPB (0.1 Hz),200.0,pressure+seismometer,Geospace GS-11D/Quanterra Q330 Linear Phase Compos | HTI-90-U Hydrophone;/Quanterra Q330 Linear Phase C | Quanterra Q330 Linear Phase Composite,EarthScope,fdsn,8
YM_2020,S101,YM,52.450698,-172.463255,-163.0,2020-09-05 00:00:00.000,2020-09-13 23:59:59.000000,EDH EL1 EL2 ELZ (200 Hz); LDH LL1 LL2 LLZ (1 Hz); VPB (0.1 Hz),200.0,pressure+seismometer,Geospace GS-11D/Quanterra Q330 Linear Phase Compos | HTI-90-U Hydrophone;/Quanterra Q330 Linear Phase C | Quanterra Q330 Linear Phase Composite,EarthScope,fdsn,8
YM_2020,S102,YM,52.429807,-172.681097,-532.0,2020-09-05 00:00:00.000,2020-09-13 23:59:59.000000,EDH EL1 EL2 ELZ (200 Hz); LDH LL1 LL2 LLZ (1 Hz); VPB (0.1 Hz),200.0,pressure+seismometer,Geospace GS-11D/Quanterra Q330 Linear Phase Compos | HTI-90-U Hydrophone;/Quanterra Q330 Linear Phase C | Quanterra Q330 Linear Phase Composite,EarthScope,fdsn,8
YM_2020,S103,YM,52.407891,-172.898019,-991.0,2020-09-07 16:47:00.000,2020-09-12 18:54:59.989500,EDH EL1 EL2 ELZ (200 Hz),200.0,pressure+seismometer,HTI_90_U Hydrophone OBSIP-SIO/ABALONES | L28LB OBSIP-SIO Seismometer Differential/ABALONES,EarthScope,fdsn,5
YM_2020,S105,YM,52.365492,-173.319321,-672.0,2020-09-07 19:03:00.000,2020-09-12 21:56:00.610000,EDH EL1 EL2 ELZ (200 Hz),200.0,pressure+seismometer,HTI_90_U Hydrophone OBSIP-SIO/ABALONES | L28LB OBSIP-SIO Seismometer Differential/ABALONES,EarthScope,fdsn,5
YM_2020,S106,YM,52.347074,-173.493603,-615.0,2020-09-07 20:14:00.000,2020-09-12 23:15:00.500000,EDH EL1 EL2 ELZ (200 Hz),200.0,pressure+seismometer,HTI_90_U Hydrophone OBSIP-SIO/ABALONES | L28LB OBSIP-SIO Seismometer Differential/ABALONES,EarthScope,fdsn,5
YM_2020,S107,YM,52.329278,-173.667626,-463.0,2020-09-07 21:20:00.000,2020-09-13 00:26:00.480000,EDH EL1 EL2 ELZ (200 Hz),200.0,pressure+seismometer,HTI_90_U Hydrophone OBSIP-SIO/ABALONES | L28LB OBSIP-SIO Seismometer Differential/ABALONES,EarthScope,fdsn,5
YM_2020,S108,YM,52.310393,-173.840783,-112.0,2020-09-07 22:22:00.000,2020-09-13 01:37:59.996500,EDH EL1 EL2 ELZ (200 Hz),200.0,pressure+seismometer,HTI_90_U Hydrophone OBSIP-SIO/ABALONES | L28LB OBSIP-SIO Seismometer Differential/ABALONES,EarthScope,fdsn,5
YM_2020,S109,YM,52.245652,-174.56785,-107.0,2020-09-06 00:00:00.000,2020-09-14 23:59:59.000000,EDH EL1 EL2 ELZ (200 Hz); LDH LL1 LL2 LLZ (1 Hz); VPB (0.1 Hz),200.0,pressure+seismometer,Geospace GS-11D/Quanterra Q330 Linear Phase Compos | HTI-90-U Hydrophone;/Quanterra Q330 Linear Phase C | Quanterra Q330 Linear Phase Composite,EarthScope,fdsn,8
YM_2020,S110,YM,52.223325,-174.632133,-108.0,2020-09-06 00:00:00.000,2020-09-14 23:59:59.000000,EDH EL1 EL2 ELZ (200 Hz); LDH LL1 LL2 LLZ (1 Hz); VPB (0.1 Hz),200.0,pressure+seismometer,Geospace GS-11D/Quanterra Q330 Linear Phase Compos | HTI-90-U Hydrophone;/Quanterra Q330 Linear Phase C | Quanterra Q330 Linear Phase Composite,EarthScope,fdsn,8
YM_2020,S111,YM,52.209365,-174.74842,-124.0,2020-09-06 00:00:00.000,2020-09-20 23:59:59.000000,EDH EL1 EL2 ELZ (200 Hz); LDH LL1 LL2 LLZ (1 Hz); VPB (0.1 Hz),200.0,pressure+seismometer,Geospace GS-11D/Quanterra Q330 Linear Phase Compos | HTI-90-U Hydrophone;/Quanterra Q330 Linear Phase C | Quanterra Q330 Linear Phase Composite,EarthScope,fdsn,14
YM_2020,S112,YM,52.190465,-174.906311,-129.0,2020-09-08 07:46:00.000,2020-09-19 03:46:59.991600,EDH EL1 EL2 ELZ (200 Hz),200.0,pressure+seismometer,HTI_90_U Hydrophone OBSIP-SIO/ABALONES | L28LB OBSIP-SIO Seismometer Differential/ABALONES,EarthScope,fdsn,10
YM_2020,S113,YM,52.172172,-175.06427,-280.0,2020-09-08 09:31:00.000,2020-09-13 10:41:59.993600,EDH EL1 EL2 ELZ (200 Hz),200.0,pressure+seismometer,HTI_90_U Hydrophone OBSIP-SIO/ABALONES | L28LB OBSIP-SIO Seismometer Differential/ABALONES,EarthScope,fdsn,5
YM_2020,S114,YM,52.153269,-175.221988,-186.0,2020-09-08 10:07:00.000,2020-09-13 12:10:59.999800,EDH EL1 EL2 ELZ (200 Hz),200.0,pressure+seismometer,HTI_90_U Hydrophone OBSIP-SIO/ABALONES | L28LB OBSIP-SIO Seismometer Differential/ABALONES,EarthScope,fdsn,5
YM_2020,S115,YM,52.134199,-175.379806,-117.0,2020-09-08 10:52:00.000,2020-09-13 13:25:59.961100,EDH EL1 EL2 ELZ (200 Hz),200.0,pressure+seismometer,HTI_90_U Hydrophone OBSIP-SIO/ABALONES | L28LB OBSIP-SIO Seismometer Differential/ABALONES,EarthScope,fdsn,5
YM_2020,S116,YM,52.109756,-175.580883,-105.0,2020-09-08 11:53:00.000,2020-09-13 14:55:59.977700,EDH EL1 EL2 ELZ (200 Hz),200.0,pressure+seismometer,HTI_90_U Hydrophone OBSIP-SIO/ABALONES | L28LB OBSIP-SIO Seismometer Differential/ABALONES,EarthScope,fdsn,5
YM_2020,S117,YM,52.093713,-175.709204,-133.0,2020-09-08 12:40:00.000,2020-09-13 16:04:59.995500,EDH EL1 EL2 ELZ (200 Hz),200.0,pressure+seismometer,HTI_90_U Hydrophone OBSIP-SIO/ABALONES | L28LB OBSIP-SIO Seismometer Differential/ABALONES,EarthScope,fdsn,5
YM_2020,S118,YM,52.078883,-175.827412,-122.0,2020-09-08 13:45:00.000,2020-09-13 17:13:59.980500,EDH EL1 EL2 ELZ (200 Hz),200.0,pressure+seismometer,HTI_90_U Hydrophone OBSIP-SIO/ABALONES | L28LB OBSIP-SIO Seismometer Differential/ABALONES,EarthScope,fdsn,5
YM_2020,S119,YM,52.018713,-176.3159,-183.0,2020-09-06 00:00:00.000,2020-09-14 23:59:59.000000,EDH EL1 EL2 ELZ (200 Hz); LDH LL1 LL2 LLZ (1 Hz); VPB (0.1 Hz),200.0,pressure+seismometer,Geospace GS-11D/Quanterra Q330 Linear Phase Compos | HTI-90-U Hydrophone;/Quanterra Q330 Linear Phase C | Quanterra Q330 Linear Phase Composite,EarthScope,fdsn,8
YM_2020,S120,YM,51.999798,-176.450975,-120.0,2020-09-06 00:00:00.000,2020-09-14 23:59:59.000000,EDH EL1 EL2 ELZ (200 Hz); LDH LL1 LL2 LLZ (1 Hz); VPB (0.1 Hz),200.0,pressure+seismometer,Geospace GS-11D/Quanterra Q330 Linear Phase Compos | HTI-90-U Hydrophone;/Quanterra Q330 Linear Phase C | Quanterra Q330 Linear Phase Composite,EarthScope,fdsn,8
YM_2020,S121,YM,51.942132,-176.884862,-403.0,2020-09-06 00:00:00.000,2020-09-15 23:59:59.000000,EDH EL1 EL2 ELZ (200 Hz); LDH LL1 LL2 LLZ (1 Hz); VPB (0.1 Hz),200.0,pressure+seismometer,Geospace GS-11D/Quanterra Q330 Linear Phase Compos | HTI-90-U Hydrophone;/Quanterra Q330 Linear Phase C | Quanterra Q330 Linear Phase Composite,EarthScope,fdsn,9
YM_2020,S122,YM,51.929997,-176.977935,-196.0,2020-09-07 00:00:00.000,2020-09-15 23:59:59.000000,EDH EL1 EL2 ELZ (200 Hz); LDH LL1 LL2 LLZ (1 Hz); VPB (0.1 Hz),200.0,pressure+seismometer,Geospace GS-11D/Quanterra Q330 Linear Phase Compos | HTI-90-U Hydrophone;/Quanterra Q330 Linear Phase C | Quanterra Q330 Linear Phase Composite,EarthScope,fdsn,8
YM_2020,S123,YM,51.889031,-177.275071,-790.0,2020-09-08 22:55:00.000,2020-09-14 05:09:59.973100,EDH EL1 EL2 ELZ (200 Hz),200.0,pressure+seismometer,HTI_90_U Hydrophone OBSIP-SIO/ABALONES | L28LB OBSIP-SIO Seismometer Differential/ABALONES,EarthScope,fdsn,5
YM_2020,S124,YM,51.88071,-177.33058,-1209.0,2020-09-09 00:55:00.000,2020-09-14 06:08:00.340000,EDH EL1 EL2 ELZ (200 Hz),200.0,pressure+seismometer,HTI_90_U Hydrophone OBSIP-SIO/ABALONES | L28LB OBSIP-SIO Seismometer Differential/ABALONES,EarthScope,fdsn,5
YM_2020,S125,YM,51.854334,-177.509304,-453.0,2020-09-09 01:14:00.000,2020-09-14 07:11:59.993900,EDH EL1 EL2 ELZ (200 Hz),200.0,pressure+seismometer,HTI_90_U Hydrophone OBSIP-SIO/ABALONES | L28LB OBSIP-SIO Seismometer Differential/ABALONES,EarthScope,fdsn,5
YM_2020,S126,YM,51.764595,-178.147434,-122.0,2020-09-09 02:29:00.000,2020-09-14 12:19:59.972200,EDH EL1 EL2 ELZ (200 Hz),200.0,pressure+seismometer,HTI_90_U Hydrophone OBSIP-SIO/ABALONES | L28LB OBSIP-SIO Seismometer Differential/ABALONES,EarthScope,fdsn,5
YM_2020,S127,YM,51.742511,-178.291314,-575.0,2020-09-09 07:29:00.000,2020-09-14 13:38:59.997600,EDH EL1 EL2 ELZ (200 Hz),200.0,pressure+seismometer,HTI_90_U Hydrophone OBSIP-SIO/ABALONES | L28LB OBSIP-SIO Seismometer Differential/ABALONES,EarthScope,fdsn,5
YM_2020,S128,YM,51.712293,-178.488425,-963.0,2020-09-07 00:00:00.000,2020-09-15 23:59:59.000000,EDH EL1 EL2 ELZ (200 Hz); LDH LL1 LL2 LLZ (1 Hz); VPB (0.1 Hz),200.0,pressure+seismometer,Geospace GS-11D/Quanterra Q330 Linear Phase Compos | HTI-90-U Hydrophone;/Quanterra Q330 Linear Phase C | Quanterra Q330 Linear Phase Composite,EarthScope,fdsn,8
YM_2020,S129,YM,51.683208,-178.685538,-1041.0,2020-09-07 00:00:00.000,2020-09-15 23:59:59.000000,EDH EL1 EL2 ELZ (200 Hz); LDH LL1 LL2 LLZ (1 Hz); VPB (0.1 Hz),200.0,pressure+seismometer,Geospace GS-11D/Quanterra Q330 Linear Phase Compos | HTI-90-U Hydrophone;/Quanterra Q330 Linear Phase C | Quanterra Q330 Linear Phase Composite,EarthScope,fdsn,8
YM_2020,S130,YM,51.651008,-178.896225,-624.0,2020-09-07 00:00:00.000,2020-09-15 23:59:59.000000,EDH EL1 EL2 ELZ (200 Hz); LDH LL1 LL2 LLZ (1 Hz); VPB (0.1 Hz),200.0,pressure+seismometer,Geospace GS-11D/Quanterra Q330 Linear Phase Compos | HTI-90-U Hydrophone;/Quanterra Q330 Linear Phase C | Quanterra Q330 Linear Phase Composite,EarthScope,fdsn,8
YN_2009,OBS01,YN,47.555302,-128.8246,-2647.0,2009-08-22 00:00:00.000,2009-09-16 23:59:59.000000,EDH EL1 EL2 ELZ (200 Hz); LDH LL1 LL2 LLZ (1 Hz),200.0,pressure+seismometer,Geospace GS-11D/Quanterra Q330 Linear Phase Below | HTI-90-U Hydrophone;/Quanterra Q330 Linear Phase B,EarthScope,fdsn,25
YN_2009,OBS02,YN,47.644798,-128.8116,-2646.0,2009-08-22 00:00:00.000,2009-09-16 23:59:59.000000,EDH EL1 EL2 ELZ (200 Hz); LDH LL1 LL2 LLZ (1 Hz),200.0,pressure+seismometer,Geospace GS-11D/Quanterra Q330 Linear Phase Below | HTI-90-U Hydrophone;/Quanterra Q330 Linear Phase B,EarthScope,fdsn,25
YN_2009,OBS03,YN,47.734699,-128.798706,-2652.0,2009-08-22 00:00:00.000,2009-09-15 23:59:59.000000,EDH EL1 EL2 ELZ (200 Hz); LDH LL1 LL2 LLZ (1 Hz),200.0,pressure+seismometer,Geospace GS-11D/Quanterra Q330 Linear Phase Below | HTI-90-U Hydrophone;/Quanterra Q330 Linear Phase B,EarthScope,fdsn,24
YN_2009,OBS04,YN,47.823601,-128.785797,-2583.0,2009-08-22 00:00:00.000,2009-09-15 23:59:59.000000,EDH EL1 EL2 ELZ (200 Hz); LDH LL1 LL2 LLZ (1 Hz),200.0,pressure+seismometer,Geospace GS-11D/Quanterra Q330 Linear Phase Below | HTI-90-U Hydrophone;/Quanterra Q330 Linear Phase B,EarthScope,fdsn,24
YN_2009,OBS05,YN,47.913399,-128.772598,-2615.0,2009-08-22 00:00:00.000,2009-09-15 23:59:59.000000,EDH EL1 EL2 ELZ (200 Hz); LDH LL1 LL2 LLZ (1 Hz),200.0,pressure+seismometer,Geospace GS-11D/Quanterra Q330 Linear Phase Below | HTI-90-U Hydrophone;/Quanterra Q330 Linear Phase B,EarthScope,fdsn,24
YN_2009,OBS06,YN,48.003201,-128.760101,-2582.0,2009-08-22 00:00:00.000,2009-09-15 23:59:59.000000,EDH EL1 EL2 ELZ (200 Hz); LDH LL1 LL2 LLZ (1 Hz),200.0,pressure+seismometer,Geospace GS-11D/Quanterra Q330 Linear Phase Below | HTI-90-U Hydrophone;/Quanterra Q330 Linear Phase B,EarthScope,fdsn,24
YN_2009,OBS07,YN,48.092201,-128.746994,-2571.0,2009-08-22 00:00:00.000,2009-09-12 23:59:59.000000,EDH EL1 EL2 ELZ (200 Hz); LDH LL1 LL2 LLZ (1 Hz),200.0,pressure+seismometer,Geospace GS-11D/Quanterra Q330 Linear Phase Below | HTI-90-U Hydrophone;/Quanterra Q330 Linear Phase B,EarthScope,fdsn,21
YN_2009,OBS08,YN,48.181999,-128.734406,-2546.0,2009-08-22 00:00:00.000,2009-09-12 23:59:59.000000,EDH EL1 EL2 ELZ (200 Hz); LDH LL1 LL2 LLZ (1 Hz),200.0,pressure+seismometer,Geospace GS-11D/Quanterra Q330 Linear Phase Below | HTI-90-U Hydrophone;/Quanterra Q330 Linear Phase B,EarthScope,fdsn,21
YN_2009,OBS09,YN,48.271999,-128.721497,-2502.0,2009-08-22 00:00:00.000,2009-09-12 23:59:59.000000,EDH EL1 EL2 ELZ (200 Hz); LDH LL1 LL2 LLZ (1 Hz),200.0,pressure+seismometer,Geospace GS-11D/Quanterra Q330 Linear Phase Below | HTI-90-U Hydrophone;/Quanterra Q330 Linear Phase B,EarthScope,fdsn,21
YN_2009,OBS10,YN,48.361099,-128.708099,-2480.0,2009-08-22 00:00:00.000,2009-09-13 23:59:59.000000,EDH EL1 EL2 ELZ (200 Hz); LDH LL1 LL2 LLZ (1 Hz),200.0,pressure+seismometer,Geospace GS-11D/Quanterra Q330 Linear Phase Below | HTI-90-U Hydrophone;/Quanterra Q330 Linear Phase B,EarthScope,fdsn,22
YN_2009,OBS11,YN,47.695599,-128.900803,-2544.0,2009-08-25 13:10:00.000,2009-09-16 11:53:00.000000,EDH EL1 EL2 ELZ (200 Hz),200.0,pressure+seismometer,HTI_90_U Hydrophone OBSIP-SIO/ABALONES-4x4 | L28LB OBSIP-SIO Seismometer Differential/ABALONES-,EarthScope,fdsn,21
YN_2009,OBS12,YN,47.874401,-128.872803,-2460.0,2009-08-25 20:00:00.000,2009-09-16 14:27:59.000000,EDH EL1 EL2 ELZ (200 Hz),200.0,pressure+seismometer,HTI_90_U Hydrophone OBSIP-SIO/ABALONES-4x4 | L28LB OBSIP-SIO Seismometer Differential/ABALONES-,EarthScope,fdsn,21
YN_2009,OBS13,YN,48.0355,-128.849792,-2449.0,2009-08-26 07:09:00.000,2009-09-12 14:37:59.000000,EDH EL1 EL2 ELZ (200 Hz),200.0,pressure+seismometer,HTI_90_U Hydrophone OBSIP-SIO/ABALONES-4x4 | L28LB OBSIP-SIO Seismometer Differential/ABALONES-,EarthScope,fdsn,17
YN_2009,OBS14,YN,48.233398,-128.821793,-2502.0,2009-08-24 13:56:00.000,2009-09-13 01:59:59.000000,EDH EL1 EL2 ELZ (200 Hz),200.0,pressure+seismometer,HTI_90_U Hydrophone OBSIP-SIO/ABALONES-4x4 | L28LB OBSIP-SIO Seismometer Differential/ABALONES-,EarthScope,fdsn,19
YN_2009,OBS15,YN,47.723099,-129.326599,-2756.0,2009-08-25 05:52:00.000,2009-09-14 11:55:59.000000,EDH EL1 EL2 ELZ (200 Hz),200.0,pressure+seismometer,HTI_90_U Hydrophone OBSIP-SIO/ABALONES-4x4 | L28LB OBSIP-SIO Seismometer Differential/ABALONES-,EarthScope,fdsn,20
YN_2009,OBS16,YN,47.901501,-129.300705,-2570.0,2009-08-24 23:04:00.000,2009-09-15 03:16:59.000000,EDH EL1 EL2 ELZ (200 Hz),200.0,pressure+seismometer,HTI_90_U Hydrophone OBSIP-SIO/ABALONES-4x4 | L28LB OBSIP-SIO Seismometer Differential/ABALONES-,EarthScope,fdsn,21
YN_2009,OBS17,YN,48.243099,-129.253204,-2376.0,2009-08-26 10:47:00.000,2009-09-12 03:33:00.000000,EDH EL1 EL2 ELZ (200 Hz),200.0,pressure+seismometer,HTI_90_U Hydrophone OBSIP-SIO/ABALONES-4x4 | L28LB OBSIP-SIO Seismometer Differential/ABALONES-,EarthScope,fdsn,16
YN_2009,OBS18,YN,48.0816,-129.274796,-2440.0,2009-08-26 14:53:00.000,2009-09-11 20:15:59.000000,EDH EL1 EL2 ELZ (200 Hz),200.0,pressure+seismometer,HTI_90_U Hydrophone OBSIP-SIO/ABALONES-4x4 | L28LB OBSIP-SIO Seismometer Differential/ABALONES-,EarthScope,fdsn,16
YN_2009,OBS19,YN,47.594799,-129.440308,-2626.0,2009-08-23 00:00:00.000,2009-09-14 23:59:59.000000,EDH EL1 EL2 ELZ (200 Hz); LDH LL1 LL2 LLZ (1 Hz),200.0,pressure+seismometer,Geospace GS-11D/Quanterra Q330 Linear Phase Below | HTI-90-U Hydrophone;/Quanterra Q330 Linear Phase B,EarthScope,fdsn,22
YN_2009,OBS20,YN,47.667099,-129.428604,-2421.0,2009-08-23 00:00:00.000,2009-09-14 23:59:59.000000,EDH EL1 EL2 ELZ (200 Hz); LDH LL1 LL2 LLZ (1 Hz),200.0,pressure+seismometer,Geospace GS-11D/Quanterra Q330 Linear Phase Below | HTI-90-U Hydrophone;/Quanterra Q330 Linear Phase B,EarthScope,fdsn,22
YN_2009,OBS21,YN,47.7743,-129.414001,-2465.0,2009-08-23 00:00:00.000,2009-09-14 23:59:59.000000,EDH EL1 EL2 ELZ (200 Hz); LDH LL1 LL2 LLZ (1 Hz),200.0,pressure+seismometer,Geospace GS-11D/Quanterra Q330 Linear Phase Below | HTI-90-U Hydrophone;/Quanterra Q330 Linear Phase B,EarthScope,fdsn,22
YN_2009,OBS22,YN,47.8634,-129.401199,-2562.0,2009-08-23 00:00:00.000,2009-09-14 23:59:59.000000,EDH EL1 EL2 ELZ (200 Hz); LDH LL1 LL2 LLZ (1 Hz),200.0,pressure+seismometer,Geospace GS-11D/Quanterra Q330 Linear Phase Below | HTI-90-U Hydrophone;/Quanterra Q330 Linear Phase B,EarthScope,fdsn,22
YN_2009,OBS23,YN,47.952599,-129.388397,-2548.0,2009-08-23 00:00:00.000,2009-09-15 23:59:59.000000,EDH EL1 EL2 ELZ (200 Hz); LDH LL1 LL2 LLZ (1 Hz),200.0,pressure+seismometer,Geospace GS-11D/Quanterra Q330 Linear Phase Below | HTI-90-U Hydrophone;/Quanterra Q330 Linear Phase B,EarthScope,fdsn,23
YN_2009,OBS24,YN,48.0429,-129.375107,-2512.0,2009-08-24 00:00:00.000,2009-09-12 23:59:59.000000,EDH EL1 EL2 ELZ (200 Hz); LDH LL1 LL2 LLZ (1 Hz),200.0,pressure+seismometer,Geospace GS-11D/Quanterra Q330 Linear Phase Below | HTI-90-U Hydrophone;/Quanterra Q330 Linear Phase B,EarthScope,fdsn,19
YN_2009,OBS25,YN,48.131802,-129.362793,-2593.0,2009-08-24 00:00:00.000,2009-09-12 23:59:59.000000,EDH EL1 EL2 ELZ (200 Hz); LDH LL1 LL2 LLZ (1 Hz),200.0,pressure+seismometer,Geospace GS-11D/Quanterra Q330 Linear Phase Below | HTI-90-U Hydrophone;/Quanterra Q330 Linear Phase B,EarthScope,fdsn,19
YN_2009,OBS26,YN,48.222401,-129.350403,-2696.0,2009-08-24 00:00:00.000,2009-09-11 23:59:59.000000,EDH EL1 EL2 ELZ (200 Hz); LDH LL1 LL2 LLZ (1 Hz),200.0,pressure+seismometer,Geospace GS-11D/Quanterra Q330 Linear Phase Below | HTI-90-U Hydrophone;/Quanterra Q330 Linear Phase B,EarthScope,fdsn,18
YN_2009,OBS27,YN,48.295799,-129.367401,-2590.0,2009-08-26 00:00:00.000,2009-09-11 23:59:59.000000,EDH EL1 EL2 ELZ (200 Hz); LDH LL1 LL2 LLZ (1 Hz),200.0,pressure+seismometer,Geospace GS-11D/Quanterra Q330 Linear Phase Below | HTI-90-U Hydrophone;/Quanterra Q330 Linear Phase B,EarthScope,fdsn,16
YN_2009,OBS28,YN,48.432899,-129.252808,-2519.0,2009-08-24 00:00:00.000,2009-09-11 23:59:59.000000,EDH EL1 EL2 ELZ (200 Hz); LDH LL1 LL2 LLZ (1 Hz),200.0,pressure+seismometer,Geospace GS-11D/Quanterra Q330 Linear Phase Below | HTI-90-U Hydrophone;/Quanterra Q330 Linear Phase B,EarthScope,fdsn,18
YN_2009,OBS29,YN,47.6968,-129.081802,-2605.0,2009-08-25 12:55:00.000,2009-09-14 06:48:00.000000,EDH EL1 EL2 ELZ (200 Hz),200.0,pressure+seismometer,HTI_90_U Hydrophone OBSIP-SIO/ABALONES-4x4 | L28LB OBSIP-SIO Seismometer Differential/ABALONES-,EarthScope,fdsn,19
YN_2009,OBS30,YN,47.760502,-129.0495,-2655.0,2009-08-25 14:05:00.000,2009-09-14 03:02:59.000000,EDH EL1 EL2 ELZ (200 Hz),200.0,pressure+seismometer,HTI_90_U Hydrophone OBSIP-SIO/ABALONES-4x4 | L28LB OBSIP-SIO Seismometer Differential/ABALONES-,EarthScope,fdsn,19
YN_2009,OBS31,YN,47.821602,-129.005295,-2648.0,2009-08-25 19:22:00.000,2009-09-14 04:44:59.000000,EDH EL1 EL2 ELZ (200 Hz),200.0,pressure+seismometer,HTI_90_U Hydrophone OBSIP-SIO/ABALONES-4x4 | L28LB OBSIP-SIO Seismometer Differential/ABALONES-,EarthScope,fdsn,19
YN_2009,OBS32,YN,47.8923,-129.003601,-2571.0,2009-08-25 20:47:00.000,2009-09-16 16:11:59.000000,EDH EL1 EL2 ELZ (200 Hz),200.0,pressure+seismometer,HTI_90_U Hydrophone OBSIP-SIO/ABALONES-4x4 | L28LB OBSIP-SIO Seismometer Differential/ABALONES-,EarthScope,fdsn,21
YN_2009,OBS33,YN,47.953701,-128.960907,-2414.0,2009-08-25 22:50:00.000,2009-09-16 21:49:59.000000,EDH EL1 EL2 ELZ (200 Hz),200.0,pressure+seismometer,HTI_90_U Hydrophone OBSIP-SIO/ABALONES-4x4 | L28LB OBSIP-SIO Seismometer Differential/ABALONES-,EarthScope,fdsn,21
YN_2009,OBS34,YN,48.0219,-128.947205,-2273.0,2009-08-26 06:21:00.000,2009-09-16 23:17:00.000000,EDH EL1 EL2 ELZ (200 Hz),200.0,pressure+seismometer,HTI_90_U Hydrophone OBSIP-SIO/ABALONES-4x4 | L28LB OBSIP-SIO Seismometer Differential/ABALONES-,EarthScope,fdsn,21
YN_2009,OBS35,YN,48.081902,-128.898102,-2514.0,2009-08-24 00:00:00.000,2009-09-12 23:59:59.000000,EDH EL1 EL2 ELZ (200 Hz); LDH LL1 LL2 LLZ (1 Hz),200.0,pressure+seismometer,Geospace GS-11D/Quanterra Q330 Linear Phase Below | HTI-90-U Hydrophone;/Quanterra Q330 Linear Phase B,EarthScope,fdsn,19
YN_2009,OBS36,YN,48.147301,-128.8685,-2513.0,2009-08-24 14:17:00.000,2009-09-13 04:08:00.000000,EDH EL1 EL2 ELZ (200 Hz),200.0,pressure+seismometer,HTI_90_U Hydrophone OBSIP-SIO/ABALONES-4x4 | L28LB OBSIP-SIO Seismometer Differential/ABALONES-,EarthScope,fdsn,19
YN_2009,OBS37,YN,47.880798,-129.062698,-2274.0,2009-08-25 18:37:00.000,2009-09-16 17:31:00.000000,EDH EL1 EL2 ELZ (200 Hz),200.0,pressure+seismometer,HTI_90_U Hydrophone OBSIP-SIO/ABALONES-4x4 | L28LB OBSIP-SIO Seismometer Differential/ABALONES-,EarthScope,fdsn,21
YN_2009,OBS38,YN,47.9221,-129.049606,-2391.0,2009-08-25 21:45:00.000,2009-09-16 20:15:00.000000,EDH EL1 EL2 ELZ (200 Hz),200.0,pressure+seismometer,HTI_90_U Hydrophone OBSIP-SIO/ABALONES-4x4 | L28LB OBSIP-SIO Seismometer Differential/ABALONES-,EarthScope,fdsn,21
YN_2009,OBS39,YN,47.9716,-129.020493,-2318.0,2009-08-26 00:02:00.000,2009-09-15 10:28:00.000000,EDH EL1 EL2 ELZ (200 Hz),200.0,pressure+seismometer,HTI_90_U Hydrophone OBSIP-SIO/ABALONES-4x4 | L28LB OBSIP-SIO Seismometer Differential/ABALONES-,EarthScope,fdsn,20
YN_2009,OBS40,YN,48.009899,-129.002197,-2262.0,2009-08-26 05:17:00.000,2009-09-15 13:24:59.000000,EDH EL1 EL2 ELZ (200 Hz),200.0,pressure+seismometer,HTI_90_U Hydrophone OBSIP-SIO/ABALONES-4x4 | L28LB OBSIP-SIO Seismometer Differential/ABALONES-,EarthScope,fdsn,20
YN_2009,OBS41,YN,48.053001,-128.982193,-2324.0,2009-08-26 08:53:00.000,2009-09-12 12:08:00.000000,EDH EL1 EL2 ELZ (200 Hz),200.0,pressure+seismometer,HTI_90_U Hydrophone OBSIP-SIO/ABALONES-4x4 | L28LB OBSIP-SIO Seismometer Differential/ABALONES-,EarthScope,fdsn,17
YN_2009,OBS42,YN,47.752998,-129.182007,-2645.0,2009-08-25 12:31:00.000,2009-09-14 08:35:00.000000,EDH EL1 EL2 ELZ (200 Hz),200.0,pressure+seismometer,HTI_90_U Hydrophone OBSIP-SIO/ABALONES-4x4 | L28LB OBSIP-SIO Seismometer Differential/ABALONES-,EarthScope,fdsn,19
YN_2009,OBS43,YN,47.816898,-129.149597,-2500.0,2009-08-25 15:06:00.000,2009-09-14 01:09:59.000000,EDH EL1 EL2 ELZ (200 Hz),200.0,pressure+seismometer,HTI_90_U Hydrophone OBSIP-SIO/ABALONES-4x4 | L28LB OBSIP-SIO Seismometer Differential/ABALONES-,EarthScope,fdsn,19
YN_2009,OBS44,YN,47.869999,-129.124695,-2374.0,2009-08-25 16:12:00.000,2009-09-13 23:30:59.000000,EDH EL1 EL2 ELZ (200 Hz),200.0,pressure+seismometer,HTI_90_U Hydrophone OBSIP-SIO/ABALONES-4x4 | L28LB OBSIP-SIO Seismometer Differential/ABALONES-,EarthScope,fdsn,19
YN_2009,OBS45,YN,47.912998,-129.104706,-2215.0,2009-08-25 17:42:00.000,2009-09-16 18:49:59.000000,EDH EL1 EL2 ELZ (200 Hz),200.0,pressure+seismometer,HTI_90_U Hydrophone OBSIP-SIO/ABALONES-4x4 | L28LB OBSIP-SIO Seismometer Differential/ABALONES-,EarthScope,fdsn,22
YN_2009,OBS46,YN,47.956501,-129.083801,-2102.0,2009-08-26 00:47:00.000,2009-09-15 07:03:59.000000,EDH EL1 EL2 ELZ (200 Hz),200.0,pressure+seismometer,HTI_90_U Hydrophone OBSIP-SIO/ABALONES-4x4 | L28LB OBSIP-SIO Seismometer Differential/ABALONES-,EarthScope,fdsn,20
YN_2009,OBS47,YN,47.999401,-129.063705,-2174.0,2009-08-26 03:44:00.000,2009-09-15 11:51:59.000000,EDH EL1 EL2 ELZ (200 Hz),200.0,pressure+seismometer,HTI_90_U Hydrophone OBSIP-SIO/ABALONES-4x4 | L28LB OBSIP-SIO Seismometer Differential/ABALONES-,EarthScope,fdsn,20
YN_2009,OBS48,YN,48.042,-129.043793,-2288.0,2009-08-26 09:29:00.000,2009-09-12 09:05:59.000000,EDH EL1 EL2 ELZ (200 Hz),200.0,pressure+seismometer,HTI_90_U Hydrophone OBSIP-SIO/ABALONES-4x4 | L28LB OBSIP-SIO Seismometer Differential/ABALONES-,EarthScope,fdsn,16
YN_2009,OBS49,YN,48.084801,-129.023605,-2467.0,2009-08-26 09:14:00.000,2009-09-12 10:33:59.000000,EDH EL1 EL2 ELZ (200 Hz),200.0,pressure+seismometer,HTI_90_U Hydrophone OBSIP-SIO/ABALONES-4x4 | L28LB OBSIP-SIO Seismometer Differential/ABALONES-,EarthScope,fdsn,17
YN_2009,OBS50,YN,48.1395,-128.998398,-2647.0,2009-08-24 15:43:00.000,2009-09-13 05:57:59.000000,EDH EL1 EL2 ELZ (200 Hz),200.0,pressure+seismometer,HTI_90_U Hydrophone OBSIP-SIO/ABALONES-4x4 | L28LB OBSIP-SIO Seismometer Differential/ABALONES-,EarthScope,fdsn,19
YN_2009,OBS51,YN,48.2038,-128.968094,-2682.0,2009-08-24 15:55:00.000,2009-09-13 07:41:00.000000,EDH EL1 EL2 ELZ (200 Hz),200.0,pressure+seismometer,HTI_90_U Hydrophone OBSIP-SIO/ABALONES-4x4 | L28LB OBSIP-SIO Seismometer Differential/ABALONES-,EarthScope,fdsn,19
YN_2009,OBS52,YN,47.903599,-129.164093,-2478.0,2009-08-24 22:23:00.000,2009-09-13 20:39:59.000000,EDH EL1 EL2 ELZ (200 Hz),200.0,pressure+seismometer,HTI_90_U Hydrophone OBSIP-SIO/ABALONES-4x4 | L28LB OBSIP-SIO Seismometer Differential/ABALONES-,EarthScope,fdsn,19
YN_2009,OBS53,YN,47.946098,-129.145203,-2414.0,2009-08-24 20:20:00.000,2009-09-13 17:58:59.000000,EDH EL1 EL2 ELZ (200 Hz),200.0,pressure+seismometer,HTI_90_U Hydrophone OBSIP-SIO/ABALONES-4x4 | L28LB OBSIP-SIO Seismometer Differential/ABALONES-,EarthScope,fdsn,19
YN_2009,OBS54,YN,47.987999,-129.126297,-2333.0,2009-08-24 19:33:00.000,2009-09-15 05:25:00.000000,EDH EL1 EL2 ELZ (200 Hz),200.0,pressure+seismometer,HTI_90_U Hydrophone OBSIP-SIO/ABALONES-4x4 | L28LB OBSIP-SIO Seismometer Differential/ABALONES-,EarthScope,fdsn,21
YN_2009,OBS55,YN,48.0317,-129.104797,-2362.0,2009-08-26 03:33:00.000,2009-09-13 14:51:59.000000,EDH EL1 EL2 ELZ (200 Hz),200.0,pressure+seismometer,HTI_90_U Hydrophone OBSIP-SIO/ABALONES-4x4 | L28LB OBSIP-SIO Seismometer Differential/ABALONES-,EarthScope,fdsn,18
YN_2009,OBS56,YN,48.074001,-129.085495,-2479.0,2009-08-26 10:08:00.000,2009-09-12 06:59:59.000000,EDH EL1 EL2 ELZ (200 Hz),200.0,pressure+seismometer,HTI_90_U Hydrophone OBSIP-SIO/ABALONES-4x4 | L28LB OBSIP-SIO Seismometer Differential/ABALONES-,EarthScope,fdsn,16
YN_2009,OBS57,YN,47.806801,-129.267395,-2299.0,2009-08-25 11:37:00.000,2009-09-14 10:13:00.000000,EDH EL1 EL2 ELZ (200 Hz),200.0,pressure+seismometer,HTI_90_U Hydrophone OBSIP-SIO/ABALONES-4x4 | L28LB OBSIP-SIO Seismometer Differential/ABALONES-,EarthScope,fdsn,19
YN_2009,OBS58,YN,47.870399,-129.233902,-2427.0,2009-08-23 00:00:00.000,2009-09-13 23:59:59.000000,EDH EL1 EL2 ELZ (200 Hz); LDH LL1 LL2 LLZ (1 Hz),200.0,pressure+seismometer,Geospace GS-11D/Quanterra Q330 Linear Phase Below | HTI-90-U Hydrophone;/Quanterra Q330 Linear Phase B,EarthScope,fdsn,21
YN_2009,OBS59,YN,47.935101,-129.206604,-2195.0,2009-08-24 21:14:00.000,2009-09-13 19:16:59.000000,EDH EL1 EL2 ELZ (200 Hz),200.0,pressure+seismometer,HTI_90_U Hydrophone OBSIP-SIO/ABALONES-4x4 | L28LB OBSIP-SIO Seismometer Differential/ABALONES-,EarthScope,fdsn,19
YN_2009,OBS60,YN,47.999901,-129.176193,-2182.0,2009-08-24 00:00:00.000,2009-09-13 23:59:59.000000,EDH EL1 EL2 ELZ (200 Hz); LDH LL1 LL2 LLZ (1 Hz),200.0,pressure+seismometer,Geospace GS-11D/Quanterra Q330 Linear Phase Below | HTI-90-U Hydrophone;/Quanterra Q330 Linear Phase B,EarthScope,fdsn,20
YN_2009,OBS61,YN,48.064301,-129.146301,-2415.0,2009-08-24 18:32:00.000,2009-09-12 05:31:00.000000,EDH EL1 EL2 ELZ (200 Hz),200.0,pressure+seismometer,HTI_90_U Hydrophone OBSIP-SIO/ABALONES-4x4 | L28LB OBSIP-SIO Seismometer Differential/ABALONES-,EarthScope,fdsn,18
YN_2009,OBS62,YN,48.129101,-129.116302,-2592.0,2009-08-24 17:59:00.000,2009-09-13 13:00:59.000000,EDH EL1 EL2 ELZ (200 Hz),200.0,pressure+seismometer,HTI_90_U Hydrophone OBSIP-SIO/ABALONES-4x4 | L28LB OBSIP-SIO Seismometer Differential/ABALONES-,EarthScope,fdsn,19
YN_2009,OBS63,YN,48.1936,-129.086105,-2573.0,2009-08-24 17:16:00.000,2009-09-13 10:55:00.000000,EDH EL1 EL2 ELZ (200 Hz),200.0,pressure+seismometer,HTI_90_U Hydrophone OBSIP-SIO/ABALONES-4x4 | L28LB OBSIP-SIO Seismometer Differential/ABALONES-,EarthScope,fdsn,19
YN_2009,OBS64,YN,48.243599,-129.033997,-2541.0,2009-08-24 16:33:00.000,2009-09-13 09:24:00.000000,EDH EL1 EL2 ELZ (200 Hz),200.0,pressure+seismometer,HTI_90_U Hydrophone OBSIP-SIO/ABALONES-4x4 | L28LB OBSIP-SIO Seismometer Differential/ABALONES-,EarthScope,fdsn,19
YO_2014,100,YO,35.924999,-75.193703,-35.0,2014-09-28 00:00:00.000,2014-10-05 23:59:59.000000,EDH EL1 EL2 ELZ (200 Hz); LDH LL1 LL2 LLZ (1 Hz),200.0,pressure+seismometer,Geospace GS-11D/Quanterra Q330 Linear Phase Below | HTI-90-U Hydrophone;/Quanterra Q330 Linear Phase B,EarthScope,fdsn,7
YO_2014,101,YO,35.925999,-75.191597,-35.0,2014-09-28 23:40:00.000,2014-10-05 13:40:00.000000,EDH EL1 EL2 ELZ (200 Hz),200.0,pressure+seismometer,HTI_90_U Hydrophone OBSIP-SIO/ABALONES-4x4 | L28LB OBSIP-SIO Seismometer Differential/ABALONES-,EarthScope,fdsn,6
YO_2014,102,YO,35.868301,-75.042297,-40.0,2014-09-28 00:00:00.000,2014-10-05 23:59:59.000000,EDH EL1 EL2 ELZ (200 Hz); LDH LL1 LL2 LLZ (1 Hz),200.0,pressure+seismometer,Geospace GS-11D/Quanterra Q330 Linear Phase Below | HTI-90-U Hydrophone;/Quanterra Q330 Linear Phase B,EarthScope,fdsn,7
YO_2014,103,YO,35.807598,-74.880898,-96.0,2014-09-28 00:00:00.000,2014-10-05 23:59:59.000000,EDH EL1 EL2 ELZ (200 Hz); LDH LL1 LL2 LLZ (1 Hz),200.0,pressure+seismometer,Geospace GS-11D/Quanterra Q330 Linear Phase Below | HTI-90-U Hydrophone;/Quanterra Q330 Linear Phase B,EarthScope,fdsn,7
YO_2014,104,YO,35.7547,-74.739799,-878.0,2014-09-28 00:00:00.000,2014-10-05 23:59:59.000000,EDH EL1 EL2 ELZ (200 Hz); LDH LL1 LL2 LLZ (1 Hz),200.0,pressure+seismometer,Geospace GS-11D/Quanterra Q330 Linear Phase Below | HTI-90-U Hydrophone;/Quanterra Q330 Linear Phase B,EarthScope,fdsn,7
YO_2014,105,YO,35.692902,-74.5998,-1604.0,2014-09-28 19:38:00.000,2014-10-06 01:52:59.000000,EDH EL1 EL2 ELZ (200 Hz),200.0,pressure+seismometer,HTI_90_U Hydrophone OBSIP-SIO/ABALONES-4x4 | L28LB OBSIP-SIO Seismometer Differential/ABALONES-,EarthScope,fdsn,7
YO_2014,106,YO,35.638199,-74.449501,-2368.0,2014-09-28 18:32:00.000,2014-10-06 03:53:59.000000,EDH EL1 EL2 ELZ (200 Hz),200.0,pressure+seismometer,HTI_90_U Hydrophone OBSIP-SIO/ABALONES-4x4 | L28LB OBSIP-SIO Seismometer Differential/ABALONES-,EarthScope,fdsn,7
YO_2014,107,YO,35.583302,-74.300102,-2614.0,2014-09-28 17:48:00.000,2014-10-06 06:04:00.000000,EDH EL1 EL2 ELZ (200 Hz),200.0,pressure+seismometer,HTI_90_U Hydrophone OBSIP-SIO/ABALONES-4x4 | L28LB OBSIP-SIO Seismometer Differential/ABALONES-,EarthScope,fdsn,7
YO_2014,108,YO,35.527599,-74.150497,-2829.0,2014-09-28 00:00:00.000,2014-10-06 23:59:59.000000,EDH EL1 EL2 ELZ (200 Hz); LDH LL1 LL2 LLZ (1 Hz),200.0,pressure+seismometer,Geospace GS-11D/Quanterra Q330 Linear Phase Below | HTI-90-U Hydrophone;/Quanterra Q330 Linear Phase B,EarthScope,fdsn,8
YO_2014,109,YO,35.471802,-74.0019,-3036.0,2014-09-28 00:00:00.000,2014-10-06 23:59:59.000000,EDH EL1 EL2 ELZ (200 Hz); LDH LL1 LL2 LLZ (1 Hz),200.0,pressure+seismometer,Geospace GS-11D/Quanterra Q330 Linear Phase Below | HTI-90-U Hydrophone;/Quanterra Q330 Linear Phase B,EarthScope,fdsn,8
YO_2014,110,YO,35.419601,-73.852699,-3271.0,2014-09-28 00:00:00.000,2014-10-06 23:59:59.000000,EDH EL1 EL2 ELZ (200 Hz); LDH LL1 LL2 LLZ (1 Hz),200.0,pressure+seismometer,Geospace GS-11D/Quanterra Q330 Linear Phase Below | HTI-90-U Hydrophone;/Quanterra Q330 Linear Phase B,EarthScope,fdsn,8
YO_2014,111,YO,35.362301,-73.704697,-3427.0,2014-09-28 00:00:00.000,2014-10-06 23:59:59.000000,EDH EL1 EL2 ELZ (200 Hz); LDH LL1 LL2 LLZ (1 Hz),200.0,pressure+seismometer,Geospace GS-11D/Quanterra Q330 Linear Phase Below | HTI-90-U Hydrophone;/Quanterra Q330 Linear Phase B,EarthScope,fdsn,8
YO_2014,112,YO,35.305,-73.557602,-3600.0,2014-09-28 12:40:00.000,2014-10-06 17:41:00.000000,EDH EL1 EL2 ELZ (200 Hz),200.0,pressure+seismometer,HTI_90_U Hydrophone OBSIP-SIO/ABALONES-4x4 | L28LB OBSIP-SIO Seismometer Differential/ABALONES-,EarthScope,fdsn,8
YO_2014,113,YO,35.247398,-73.409897,-3774.0,2014-09-28 11:55:00.000,2014-10-06 20:03:59.000000,EDH EL1 EL2 ELZ (200 Hz),200.0,pressure+seismometer,HTI_90_U Hydrophone OBSIP-SIO/ABALONES-4x4 | L28LB OBSIP-SIO Seismometer Differential/ABALONES-,EarthScope,fdsn,8
YO_2014,114,YO,35.190201,-73.262604,-3937.0,2014-09-28 09:59:00.000,2014-10-06 22:26:59.000000,EDH EL1 EL2 ELZ (200 Hz),200.0,pressure+seismometer,HTI_90_U Hydrophone OBSIP-SIO/ABALONES-4x4 | L28LB OBSIP-SIO Seismometer Differential/ABALONES-,EarthScope,fdsn,8
YO_2014,115,YO,35.132999,-73.115997,-4080.0,2014-09-28 00:00:00.000,2014-10-07 23:59:59.000000,EDH EL1 EL2 ELZ (200 Hz); LDH LL1 LL2 LLZ (1 Hz),200.0,pressure+seismometer,Geospace GS-11D/Quanterra Q330 Linear Phase Below | HTI-90-U Hydrophone;/Quanterra Q330 Linear Phase B,EarthScope,fdsn,9
YO_2014,116,YO,35.075298,-72.969101,-4190.0,2014-09-28 00:00:00.000,2014-10-07 23:59:59.000000,EDH EL1 EL2 ELZ (200 Hz); LDH LL1 LL2 LLZ (1 Hz),200.0,pressure+seismometer,Geospace GS-11D/Quanterra Q330 Linear Phase Below | HTI-90-U Hydrophone;/Quanterra Q330 Linear Phase B,EarthScope,fdsn,9
YO_2014,117,YO,35.017399,-72.822502,-4265.0,2014-09-28 00:00:00.000,2014-10-07 23:59:59.000000,EDH EL1 EL2 ELZ (200 Hz); LDH LL1 LL2 LLZ (1 Hz),200.0,pressure+seismometer,Geospace GS-11D/Quanterra Q330 Linear Phase Below | HTI-90-U Hydrophone;/Quanterra Q330 Linear Phase B,EarthScope,fdsn,9
YO_2014,118,YO,34.959099,-72.676399,-4340.0,2014-09-28 00:00:00.000,2014-10-07 23:59:59.000000,EDH EL1 EL2 ELZ (200 Hz); LDH LL1 LL2 LLZ (1 Hz),200.0,pressure+seismometer,Geospace GS-11D/Quanterra Q330 Linear Phase Below | HTI-90-U Hydrophone;/Quanterra Q330 Linear Phase B,EarthScope,fdsn,9
YO_2014,119,YO,34.9002,-72.530701,-4395.0,2014-09-28 05:14:00.000,2014-10-07 10:55:59.000000,EDH EL1 EL2 ELZ (200 Hz),200.0,pressure+seismometer,HTI_90_U Hydrophone OBSIP-SIO/ABALONES-4x4 | L28LB OBSIP-SIO Seismometer Differential/ABALONES-,EarthScope,fdsn,9
YO_2014,120,YO,34.841099,-72.3853,-4441.0,2014-09-28 03:05:00.000,2014-10-07 13:32:59.000000,EDH EL1 EL2 ELZ (200 Hz),200.0,pressure+seismometer,HTI_90_U Hydrophone OBSIP-SIO/ABALONES-4x4 | L28LB OBSIP-SIO Seismometer Differential/ABALONES-,EarthScope,fdsn,9
YO_2014,121,YO,34.7822,-72.240799,-4447.0,2014-09-28 01:42:00.000,2014-10-07 16:21:00.000000,EDH EL1 EL2 ELZ (200 Hz),200.0,pressure+seismometer,HTI_90_U Hydrophone OBSIP-SIO/ABALONES-4x4 | L28LB OBSIP-SIO Seismometer Differential/ABALONES-,EarthScope,fdsn,9
YO_2014,122,YO,34.7229,-72.095802,-4433.0,2014-09-28 00:00:00.000,2014-10-07 23:59:59.000000,EDH EL1 EL2 ELZ (200 Hz); LDH LL1 LL2 LLZ (1 Hz),200.0,pressure+seismometer,Geospace GS-11D/Quanterra Q330 Linear Phase Below | HTI-90-U Hydrophone;/Quanterra Q330 Linear Phase B,EarthScope,fdsn,9
YO_2014,123,YO,34.6632,-71.950798,-4388.0,2014-09-28 00:00:00.000,2014-10-07 23:59:59.000000,EDH EL1 EL2 ELZ (200 Hz); LDH LL1 LL2 LLZ (1 Hz),200.0,pressure+seismometer,Geospace GS-11D/Quanterra Q330 Linear Phase Below | HTI-90-U Hydrophone;/Quanterra Q330 Linear Phase B,EarthScope,fdsn,9
YO_2014,124,YO,34.603401,-71.806297,-4416.0,2014-09-28 00:00:00.000,2014-10-07 23:59:59.000000,EDH EL1 EL2 ELZ (200 Hz); LDH LL1 LL2 LLZ (1 Hz),200.0,pressure+seismometer,Geospace GS-11D/Quanterra Q330 Linear Phase Below | HTI-90-U Hydrophone;/Quanterra Q330 Linear Phase B,EarthScope,fdsn,9
YO_2014,125,YO,34.5434,-71.662598,-4491.0,2014-09-27 00:00:00.000,2014-10-08 23:59:59.000000,EDH EL1 EL2 ELZ (200 Hz); LDH LL1 LL2 LLZ (1 Hz),200.0,pressure+seismometer,Geospace GS-11D/Quanterra Q330 Linear Phase Below | HTI-90-U Hydrophone;/Quanterra Q330 Linear Phase B,EarthScope,fdsn,11
YO_2014,203,YO,34.265099,-76.464203,-33.0,2014-09-17 21:51:00.000,2014-09-22 05:06:59.000000,EDH EL1 EL2 ELZ (200 Hz),200.0,pressure+seismometer,HTI_90_U Hydrophone OBSIP-SIO/ABALONES-4x4 | L28LB OBSIP-SIO Seismometer Differential/ABALONES-,EarthScope,fdsn,4
YO_2014,204,YO,34.172001,-76.253304,-40.0,2014-09-17 21:27:00.000,2014-09-22 02:56:59.000000,EDH EL1 EL2 ELZ (200 Hz),200.0,pressure+seismometer,HTI_90_U Hydrophone OBSIP-SIO/ABALONES-4x4 | L28LB OBSIP-SIO Seismometer Differential/ABALONES-,EarthScope,fdsn,4
YO_2014,205,YO,34.076302,-76.044197,-381.0,2014-09-17 00:00:00.000,2014-09-22 23:59:59.000000,EDH EL1 EL2 ELZ (200 Hz); LDH LL1 LL2 LLZ (1 Hz),200.0,pressure+seismometer,Geospace GS-11D/Quanterra Q330 Linear Phase Below | HTI-90-U Hydrophone;/Quanterra Q330 Linear Phase B,EarthScope,fdsn,5
YO_2014,206,YO,33.9856,-75.829803,-864.0,2014-09-17 00:00:00.000,2014-09-21 23:59:59.000000,EDH EL1 EL2 ELZ (200 Hz); LDH LL1 LL2 LLZ (1 Hz),200.0,pressure+seismometer,Geospace GS-11D/Quanterra Q330 Linear Phase Below | HTI-90-U Hydrophone;/Quanterra Q330 Linear Phase B,EarthScope,fdsn,4
YO_2014,207,YO,33.888901,-75.621002,-2977.0,2014-09-17 00:00:00.000,2014-09-21 23:59:59.000000,EDH EL1 EL2 ELZ (200 Hz); LDH LL1 LL2 LLZ (1 Hz),200.0,pressure+seismometer,Geospace GS-11D/Quanterra Q330 Linear Phase Below | HTI-90-U Hydrophone;/Quanterra Q330 Linear Phase B,EarthScope,fdsn,4
YO_2014,208,YO,33.764301,-75.341103,-3203.0,2014-09-17 11:05:00.000,2014-09-21 11:42:00.000000,EDH EL1 EL2 ELZ (200 Hz),200.0,pressure+seismometer,HTI_90_U Hydrophone OBSIP-SIO/ABALONES-4x4 | L28LB OBSIP-SIO Seismometer Differential/ABALONES-,EarthScope,fdsn,4
YO_2014,209,YO,33.700699,-75.199898,-3381.0,2014-09-17 10:12:00.000,2014-09-21 09:02:59.000000,EDH EL1 EL2 ELZ (200 Hz),200.0,pressure+seismometer,HTI_90_U Hydrophone OBSIP-SIO/ABALONES-4x4 | L28LB OBSIP-SIO Seismometer Differential/ABALONES-,EarthScope,fdsn,3
YO_2014,210,YO,33.641602,-75.055199,-3553.0,2014-09-17 09:15:00.000,2014-09-21 05:44:00.000000,EDH EL1 EL2 ELZ (200 Hz),200.0,pressure+seismometer,HTI_90_U Hydrophone OBSIP-SIO/ABALONES-4x4 | L28LB OBSIP-SIO Seismometer Differential/ABALONES-,EarthScope,fdsn,3
YO_2014,211,YO,33.577499,-74.914803,-3717.0,2014-09-17 08:25:00.000,2014-09-21 03:06:00.000000,EDH EL1 EL2 ELZ (200 Hz),200.0,pressure+seismometer,HTI_90_U Hydrophone OBSIP-SIO/ABALONES-4x4 | L28LB OBSIP-SIO Seismometer Differential/ABALONES-,EarthScope,fdsn,3
YO_2014,212,YO,33.507,-74.780899,-3893.0,2014-09-17 06:58:00.000,2014-09-20 23:58:59.000000,EDH EL1 EL2 ELZ (200 Hz),200.0,pressure+seismometer,HTI_90_U Hydrophone OBSIP-SIO/ABALONES-4x4 | L28LB OBSIP-SIO Seismometer Differential/ABALONES-,EarthScope,fdsn,3
YO_2014,213,YO,33.443401,-74.640099,-4068.0,2014-09-17 00:00:00.000,2014-09-20 23:59:59.000000,EDH EL1 EL2 ELZ (200 Hz); LDH LL1 LL2 LLZ (1 Hz),200.0,pressure+seismometer,Geospace GS-11D/Quanterra Q330 Linear Phase Below | HTI-90-U Hydrophone;/Quanterra Q330 Linear Phase B,EarthScope,fdsn,3
YO_2014,214,YO,33.378899,-74.5009,-4242.0,2014-09-17 00:00:00.000,2014-09-20 23:59:59.000000,EDH EL1 EL2 ELZ (200 Hz); LDH LL1 LL2 LLZ (1 Hz),200.0,pressure+seismometer,Geospace GS-11D/Quanterra Q330 Linear Phase Below | HTI-90-U Hydrophone;/Quanterra Q330 Linear Phase B,EarthScope,fdsn,3
YO_2014,215,YO,33.314701,-74.360703,-4379.0,2014-09-17 00:00:00.000,2014-09-20 23:59:59.000000,EDH EL1 EL2 ELZ (200 Hz); LDH LL1 LL2 LLZ (1 Hz),200.0,pressure+seismometer,Geospace GS-11D/Quanterra Q330 Linear Phase Below | HTI-90-U Hydrophone;/Quanterra Q330 Linear Phase B,EarthScope,fdsn,3
YO_2014,216,YO,33.2444,-74.220398,-4494.0,2014-09-17 00:00:00.000,2014-09-20 23:59:59.000000,EDH EL1 EL2 ELZ (200 Hz); LDH LL1 LL2 LLZ (1 Hz),200.0,pressure+seismometer,Geospace GS-11D/Quanterra Q330 Linear Phase Below | HTI-90-U Hydrophone;/Quanterra Q330 Linear Phase B,EarthScope,fdsn,3
YO_2014,217,YO,33.185299,-74.083603,-4572.0,2014-09-16 22:33:00.000,2014-09-20 10:38:59.000000,EDH EL1 EL2 ELZ (200 Hz),200.0,pressure+seismometer,HTI_90_U Hydrophone OBSIP-SIO/ABALONES-4x4 | L28LB OBSIP-SIO Seismometer Differential/ABALONES-,EarthScope,fdsn,3
YO_2014,218,YO,33.119701,-73.944504,-4682.0,2014-09-16 21:17:00.000,2014-09-20 07:28:59.000000,EDH EL1 EL2 ELZ (200 Hz),200.0,pressure+seismometer,HTI_90_U Hydrophone OBSIP-SIO/ABALONES-4x4 | L28LB OBSIP-SIO Seismometer Differential/ABALONES-,EarthScope,fdsn,3
YO_2014,219,YO,33.054901,-73.806198,-4770.0,2014-09-16 20:20:00.000,2014-09-20 04:25:00.000000,EDH EL1 EL2 ELZ (200 Hz),200.0,pressure+seismometer,HTI_90_U Hydrophone OBSIP-SIO/ABALONES-4x4 | L28LB OBSIP-SIO Seismometer Differential/ABALONES-,EarthScope,fdsn,3
YO_2014,220,YO,32.9911,-73.670998,-4893.0,2014-09-16 18:23:00.000,2014-09-20 01:06:00.000000,EDH EL1 EL2 ELZ (200 Hz),200.0,pressure+seismometer,HTI_90_U Hydrophone OBSIP-SIO/ABALONES-4x4 | L28LB OBSIP-SIO Seismometer Differential/ABALONES-,EarthScope,fdsn,3
YO_2014,221,YO,32.925598,-73.532303,-4993.0,2014-09-16 18:08:00.000,2014-09-19 21:37:59.000000,EDH EL1 EL2 ELZ (200 Hz),200.0,pressure+seismometer,HTI_90_U Hydrophone OBSIP-SIO/ABALONES-4x4 | L28LB OBSIP-SIO Seismometer Differential/ABALONES-,EarthScope,fdsn,3
YO_2014,222,YO,32.8442,-73.359901,-5073.0,2014-09-16 00:00:00.000,2014-09-19 23:59:59.000000,EDH EL1 EL2 ELZ (200 Hz); LDH LL1 LL2 LLZ (1 Hz),200.0,pressure+seismometer,Geospace GS-11D/Quanterra Q330 Linear Phase Below | HTI-90-U Hydrophone;/Quanterra Q330 Linear Phase B,EarthScope,fdsn,3
YO_2014,223,YO,32.761902,-73.187599,-5134.0,2014-09-16 00:00:00.000,2014-09-19 23:59:59.000000,EDH EL1 EL2 ELZ (200 Hz); LDH LL1 LL2 LLZ (1 Hz),200.0,pressure+seismometer,Geospace GS-11D/Quanterra Q330 Linear Phase Below | HTI-90-U Hydrophone;/Quanterra Q330 Linear Phase B,EarthScope,fdsn,3
YO_2014,224,YO,32.68,-73.015602,-5197.0,2014-09-16 00:00:00.000,2014-09-19 23:59:59.000000,EDH EL1 EL2 ELZ (200 Hz); LDH LL1 LL2 LLZ (1 Hz),200.0,pressure+seismometer,Geospace GS-11D/Quanterra Q330 Linear Phase Below | HTI-90-U Hydrophone;/Quanterra Q330 Linear Phase B,EarthScope,fdsn,3
YO_2014,225,YO,32.598701,-72.843498,-4130.0,2014-09-16 00:00:00.000,2014-09-19 23:59:59.000000,EDH EL1 EL2 ELZ (200 Hz); LDH LL1 LL2 LLZ (1 Hz),200.0,pressure+seismometer,Geospace GS-11D/Quanterra Q330 Linear Phase Below | HTI-90-U Hydrophone;/Quanterra Q330 Linear Phase B,EarthScope,fdsn,3
YO_2014,2404,YO,33.827801,-75.4804,-3044.0,2014-09-17 00:00:00.000,2014-09-21 23:59:59.000000,EDH EL1 EL2 ELZ (200 Hz); LDH LL1 LL2 LLZ (1 Hz),200.0,pressure+seismometer,Geospace GS-11D/Quanterra Q330 Linear Phase Below | HTI-90-U Hydrophone;/Quanterra Q330 Linear Phase B,EarthScope,fdsn,4
YO_2014,301,YO,32.870201,-73.737503,-4858.0,2014-09-16 09:15:00.000,2014-09-24 22:27:59.000000,EDH EL1 EL2 ELZ (200 Hz),200.0,pressure+seismometer,HTI_90_U Hydrophone OBSIP-SIO/ABALONES-4x4 | L28LB OBSIP-SIO Seismometer Differential/ABALONES-,EarthScope,fdsn,8
YO_2014,302,YO,33.123199,-73.605499,-4864.0,2014-09-16 08:18:00.000,2014-09-25 02:08:59.000000,EDH EL1 EL2 ELZ (200 Hz),200.0,pressure+seismometer,HTI_90_U Hydrophone OBSIP-SIO/ABALONES-4x4 | L28LB OBSIP-SIO Seismometer Differential/ABALONES-,EarthScope,fdsn,8
YO_2014,303,YO,33.255402,-73.539902,-4974.0,2014-09-16 07:16:00.000,2014-09-25 04:55:00.000000,EDH EL1 EL2 ELZ (200 Hz),200.0,pressure+seismometer,HTI_90_U Hydrophone OBSIP-SIO/ABALONES-4x4 | L28LB OBSIP-SIO Seismometer Differential/ABALONES-,EarthScope,fdsn,8
YO_2014,304,YO,33.387699,-73.474503,-4748.0,2014-09-16 06:20:00.000,2014-09-25 07:40:59.000000,EDH EL1 EL2 ELZ (200 Hz),200.0,pressure+seismometer,HTI_90_U Hydrophone OBSIP-SIO/ABALONES-4x4 | L28LB OBSIP-SIO Seismometer Differential/ABALONES-,EarthScope,fdsn,9
YO_2014,305,YO,33.519402,-73.408699,-4695.0,2014-09-16 04:33:00.000,2014-09-25 10:28:59.000000,EDH EL1 EL2 ELZ (200 Hz),200.0,pressure+seismometer,HTI_90_U Hydrophone OBSIP-SIO/ABALONES-4x4 | L28LB OBSIP-SIO Seismometer Differential/ABALONES-,EarthScope,fdsn,9
YO_2014,306,YO,33.651402,-73.342697,-4659.0,2014-09-16 00:00:00.000,2014-09-25 23:59:59.000000,EDH EL1 EL2 ELZ (200 Hz); LDH LL1 LL2 LLZ (1 Hz),200.0,pressure+seismometer,Geospace GS-11D/Quanterra Q330 Linear Phase Below | HTI-90-U Hydrophone;/Quanterra Q330 Linear Phase B,EarthScope,fdsn,9
YO_2014,307,YO,33.7864,-73.283401,-4743.0,2014-09-16 00:00:00.000,2014-09-25 23:59:59.000000,EDH EL1 EL2 ELZ (200 Hz); LDH LL1 LL2 LLZ (1 Hz),200.0,pressure+seismometer,Geospace GS-11D/Quanterra Q330 Linear Phase Below | HTI-90-U Hydrophone;/Quanterra Q330 Linear Phase B,EarthScope,fdsn,9
YO_2014,308,YO,33.915001,-73.210403,-4646.0,2014-09-16 00:00:00.000,2014-09-25 23:59:59.000000,EDH EL1 EL2 ELZ (200 Hz); LDH LL1 LL2 LLZ (1 Hz),200.0,pressure+seismometer,Geospace GS-11D/Quanterra Q330 Linear Phase Below | HTI-90-U Hydrophone;/Quanterra Q330 Linear Phase B,EarthScope,fdsn,9
YO_2014,309,YO,34.047001,-73.143997,-4515.0,2014-09-16 00:00:00.000,2014-09-26 23:59:59.000000,EDH EL1 EL2 ELZ (200 Hz); LDH LL1 LL2 LLZ (1 Hz),200.0,pressure+seismometer,Geospace GS-11D/Quanterra Q330 Linear Phase Below | HTI-90-U Hydrophone;/Quanterra Q330 Linear Phase B,EarthScope,fdsn,10
YO_2014,310,YO,34.178699,-73.076698,-4453.0,2014-09-15 00:00:00.000,2014-09-26 23:59:59.000000,EDH EL1 EL2 ELZ (200 Hz); LDH LL1 LL2 LLZ (1 Hz),200.0,pressure+seismometer,Geospace GS-11D/Quanterra Q330 Linear Phase Below | HTI-90-U Hydrophone;/Quanterra Q330 Linear Phase B,EarthScope,fdsn,11
YO_2014,311,YO,34.311699,-73.011497,-4439.0,2014-09-15 22:14:00.000,2014-09-26 06:03:00.000000,EDH EL1 EL2 ELZ (200 Hz),200.0,pressure+seismometer,HTI_90_U Hydrophone OBSIP-SIO/ABALONES-4x4 | L28LB OBSIP-SIO Seismometer Differential/ABALONES-,EarthScope,fdsn,10
YO_2014,312,YO,34.442902,-72.9422,-4502.0,2014-09-15 20:57:00.000,2014-09-26 12:48:59.000000,EDH EL1 EL2 ELZ (200 Hz),200.0,pressure+seismometer,HTI_90_U Hydrophone OBSIP-SIO/ABALONES-4x4 | L28LB OBSIP-SIO Seismometer Differential/ABALONES-,EarthScope,fdsn,10
YO_2014,313,YO,34.574501,-72.874901,-4497.0,2014-09-15 18:11:00.000,2014-09-26 15:27:59.000000,EDH EL1 EL2 ELZ (200 Hz),200.0,pressure+seismometer,HTI_90_U Hydrophone OBSIP-SIO/ABALONES-4x4 | L28LB OBSIP-SIO Seismometer Differential/ABALONES-,EarthScope,fdsn,10
YO_2014,314,YO,34.7057,-72.807297,-4404.0,2014-09-15 15:44:00.000,2014-09-26 18:07:59.000000,EDH EL1 EL2 ELZ (200 Hz),200.0,pressure+seismometer,HTI_90_U Hydrophone OBSIP-SIO/ABALONES-4x4 | L28LB OBSIP-SIO Seismometer Differential/ABALONES-,EarthScope,fdsn,11
YO_2014,315,YO,34.837299,-72.740196,-4343.0,2014-09-15 00:00:00.000,2014-09-26 23:59:59.000000,EDH EL1 EL2 ELZ (200 Hz); LDH LL1 LL2 LLZ (1 Hz),200.0,pressure+seismometer,Geospace GS-11D/Quanterra Q330 Linear Phase Below | HTI-90-U Hydrophone;/Quanterra Q330 Linear Phase B,EarthScope,fdsn,11
YO_2014,316,YO,34.9585,-72.675797,-4333.0,2014-09-15 00:00:00.000,2014-09-26 23:59:59.000000,EDH EL1 EL2 ELZ (200 Hz); LDH LL1 LL2 LLZ (1 Hz),200.0,pressure+seismometer,Geospace GS-11D/Quanterra Q330 Linear Phase Below | HTI-90-U Hydrophone;/Quanterra Q330 Linear Phase B,EarthScope,fdsn,11
YO_2014,317,YO,35.104801,-72.601303,-4323.0,2014-09-15 00:00:00.000,2014-09-27 23:59:59.000000,EDH EL1 EL2 ELZ (200 Hz); LDH LL1 LL2 LLZ (1 Hz),200.0,pressure+seismometer,Geospace GS-11D/Quanterra Q330 Linear Phase Below | HTI-90-U Hydrophone;/Quanterra Q330 Linear Phase B,EarthScope,fdsn,12
YO_2014,318,YO,35.249802,-72.524696,-4301.0,2014-09-15 00:00:00.000,2014-09-27 23:59:59.000000,EDH EL1 EL2 ELZ (200 Hz); LDH LL1 LL2 LLZ (1 Hz),200.0,pressure+seismometer,Geospace GS-11D/Quanterra Q330 Linear Phase Below | HTI-90-U Hydrophone;/Quanterra Q330 Linear Phase B,EarthScope,fdsn,12
YO_2014,319,YO,35.3951,-72.447197,-4225.0,2014-09-15 00:00:00.000,2014-09-27 23:59:59.000000,EDH EL1 EL2 ELZ (200 Hz); LDH LL1 LL2 LLZ (1 Hz),200.0,pressure+seismometer,Geospace GS-11D/Quanterra Q330 Linear Phase Below | HTI-90-U Hydrophone;/Quanterra Q330 Linear Phase B,EarthScope,fdsn,12
YO_2014,320,YO,35.541199,-72.371399,-4175.0,2014-09-15 11:16:00.000,2014-09-27 11:30:59.000000,EDH EL1 EL2 ELZ (200 Hz),200.0,pressure+seismometer,HTI_90_U Hydrophone OBSIP-SIO/ABALONES-4x4 | L28LB OBSIP-SIO Seismometer Differential/ABALONES-,EarthScope,fdsn,12
YO_2014,321,YO,35.686501,-72.294296,-4078.0,2014-09-15 00:00:00.000,2014-09-27 23:59:59.000000,EDH EL1 EL2 ELZ (200 Hz); LDH LL1 LL2 LLZ (1 Hz),200.0,pressure+seismometer,Geospace GS-11D/Quanterra Q330 Linear Phase Below | HTI-90-U Hydrophone;/Quanterra Q330 Linear Phase B,EarthScope,fdsn,12
YO_2014,401,YO,33.3979,-75.8339,-2900.0,2014-09-22 16:21:00.000,2014-10-02 13:55:59.000000,EDH EL1 EL2 ELZ (200 Hz),200.0,pressure+seismometer,HTI_90_U Hydrophone OBSIP-SIO/ABALONES-4x4 | L28LB OBSIP-SIO Seismometer Differential/ABALONES-,EarthScope,fdsn,9
YO_2014,402,YO,33.567299,-75.725403,-3012.0,2014-09-22 16:43:00.000,2014-10-02 16:33:00.000000,EDH EL1 EL2 ELZ (200 Hz),200.0,pressure+seismometer,HTI_90_U Hydrophone OBSIP-SIO/ABALONES-4x4 | L28LB OBSIP-SIO Seismometer Differential/ABALONES-,EarthScope,fdsn,9
YO_2014,403,YO,33.737301,-75.623901,-3073.0,2014-09-22 17:39:00.000,2014-10-02 19:10:59.000000,EDH EL1 EL2 ELZ (200 Hz),200.0,pressure+seismometer,HTI_90_U Hydrophone OBSIP-SIO/ABALONES-4x4 | L28LB OBSIP-SIO Seismometer Differential/ABALONES-,EarthScope,fdsn,10
YO_2014,404,YO,33.9002,-75.518097,-3001.0,2014-09-22 18:42:00.000,2014-10-02 21:43:59.000000,EDH EL1 EL2 ELZ (200 Hz),200.0,pressure+seismometer,HTI_90_U Hydrophone OBSIP-SIO/ABALONES-4x4 | L28LB OBSIP-SIO Seismometer Differential/ABALONES-,EarthScope,fdsn,10
YO_2014,405,YO,34.067799,-75.4123,-2967.0,2014-09-22 19:53:00.000,2014-10-03 00:15:59.000000,EDH EL1 EL2 ELZ (200 Hz),200.0,pressure+seismometer,HTI_90_U Hydrophone OBSIP-SIO/ABALONES-4x4 | L28LB OBSIP-SIO Seismometer Differential/ABALONES-,EarthScope,fdsn,10
YO_2014,406,YO,34.235298,-75.304298,-3024.0,2014-09-22 00:00:00.000,2014-10-03 23:59:59.000000,EDH EL1 EL2 ELZ (200 Hz); LDH LL1 LL2 LLZ (1 Hz),200.0,pressure+seismometer,Geospace GS-11D/Quanterra Q330 Linear Phase Below | HTI-90-U Hydrophone;/Quanterra Q330 Linear Phase B,EarthScope,fdsn,11
YO_2014,407,YO,34.404301,-75.197701,-2979.0,2014-09-22 00:00:00.000,2014-10-03 23:59:59.000000,EDH EL1 EL2 ELZ (200 Hz); LDH LL1 LL2 LLZ (1 Hz),200.0,pressure+seismometer,Geospace GS-11D/Quanterra Q330 Linear Phase Below | HTI-90-U Hydrophone;/Quanterra Q330 Linear Phase B,EarthScope,fdsn,11
YO_2014,408,YO,34.568501,-75.089996,-2907.0,2014-09-22 00:00:00.000,2014-10-03 23:59:59.000000,EDH EL1 EL2 ELZ (200 Hz); LDH LL1 LL2 LLZ (1 Hz),200.0,pressure+seismometer,Geospace GS-11D/Quanterra Q330 Linear Phase Below | HTI-90-U Hydrophone;/Quanterra Q330 Linear Phase B,EarthScope,fdsn,11
YO_2014,409,YO,34.623199,-74.780296,-3156.0,2014-09-23 00:00:00.000,2014-10-03 23:59:59.000000,EDH EL1 EL2 ELZ (200 Hz); LDH LL1 LL2 LLZ (1 Hz),200.0,pressure+seismometer,Geospace GS-11D/Quanterra Q330 Linear Phase Below | HTI-90-U Hydrophone;/Quanterra Q330 Linear Phase B,EarthScope,fdsn,10
YO_2014,410,YO,34.723099,-74.995903,-2885.0,2014-09-23 03:29:00.000,2014-10-04 00:33:59.000000,EDH EL1 EL2 ELZ (200 Hz),200.0,pressure+seismometer,HTI_90_U Hydrophone OBSIP-SIO/ABALONES-4x4 | L28LB OBSIP-SIO Seismometer Differential/ABALONES-,EarthScope,fdsn,10
YO_2014,411,YO,34.806599,-74.757004,-2973.0,2014-09-23 05:46:00.000,2014-10-04 03:08:00.000000,EDH EL1 EL2 ELZ (200 Hz),200.0,pressure+seismometer,HTI_90_U Hydrophone OBSIP-SIO/ABALONES-4x4 | L28LB OBSIP-SIO Seismometer Differential/ABALONES-,EarthScope,fdsn,10
YO_2014,412,YO,34.876801,-74.895699,-2852.0,2014-09-23 07:03:00.000,2014-10-04 05:16:00.000000,EDH EL1 EL2 ELZ (200 Hz),200.0,pressure+seismometer,HTI_90_U Hydrophone OBSIP-SIO/ABALONES-4x4 | L28LB OBSIP-SIO Seismometer Differential/ABALONES-,EarthScope,fdsn,10
YO_2014,413,YO,35.000401,-74.724701,-2828.0,2014-09-23 08:19:00.000,2014-10-04 07:58:59.000000,EDH EL1 EL2 ELZ (200 Hz),200.0,pressure+seismometer,HTI_90_U Hydrophone OBSIP-SIO/ABALONES-4x4 | L28LB OBSIP-SIO Seismometer Differential/ABALONES-,EarthScope,fdsn,10
YO_2014,414,YO,35.033798,-74.794197,-2734.0,2014-09-23 10:07:00.000,2014-10-04 09:50:00.000000,EDH EL1 EL2 ELZ (200 Hz),200.0,pressure+seismometer,HTI_90_U Hydrophone OBSIP-SIO/ABALONES-4x4 | L28LB OBSIP-SIO Seismometer Differential/ABALONES-,EarthScope,fdsn,10
YO_2014,415,YO,35.196999,-74.688202,-2600.0,2014-09-23 00:00:00.000,2014-10-04 23:59:59.000000,EDH EL1 EL2 ELZ (200 Hz); LDH LL1 LL2 LLZ (1 Hz),200.0,pressure+seismometer,Geospace GS-11D/Quanterra Q330 Linear Phase Below | HTI-90-U Hydrophone;/Quanterra Q330 Linear Phase B,EarthScope,fdsn,11
YO_2014,416,YO,35.330799,-74.599503,-2445.0,2014-09-23 00:00:00.000,2014-10-04 23:59:59.000000,EDH EL1 EL2 ELZ (200 Hz); LDH LL1 LL2 LLZ (1 Hz),200.0,pressure+seismometer,Geospace GS-11D/Quanterra Q330 Linear Phase Below | HTI-90-U Hydrophone;/Quanterra Q330 Linear Phase B,EarthScope,fdsn,11
YO_2014,417,YO,35.368198,-74.656898,-2248.0,2014-09-23 00:00:00.000,2014-10-04 23:59:59.000000,EDH EL1 EL2 ELZ (200 Hz); LDH LL1 LL2 LLZ (1 Hz),200.0,pressure+seismometer,Geospace GS-11D/Quanterra Q330 Linear Phase Below | HTI-90-U Hydrophone;/Quanterra Q330 Linear Phase B,EarthScope,fdsn,11
YO_2014,418,YO,35.465599,-74.513603,-2290.0,2014-09-23 00:00:00.000,2014-10-04 23:59:59.000000,EDH EL1 EL2 ELZ (200 Hz); LDH LL1 LL2 LLZ (1 Hz),200.0,pressure+seismometer,Geospace GS-11D/Quanterra Q330 Linear Phase Below | HTI-90-U Hydrophone;/Quanterra Q330 Linear Phase B,EarthScope,fdsn,11
YO_2014,420,YO,35.874802,-74.561203,-1925.0,2014-09-23 17:01:00.000,2014-10-05 03:10:00.000000,EDH EL1 EL2 ELZ (200 Hz),200.0,pressure+seismometer,HTI_90_U Hydrophone OBSIP-SIO/ABALONES-4x4 | L28LB OBSIP-SIO Seismometer Differential/ABALONES-,EarthScope,fdsn,11
YO_2014,421,YO,36.052898,-74.529503,-1810.0,2014-09-23 16:31:00.000,2014-10-05 05:46:59.000000,EDH EL1 EL2 ELZ (200 Hz),200.0,pressure+seismometer,HTI_90_U Hydrophone OBSIP-SIO/ABALONES-4x4 | L28LB OBSIP-SIO Seismometer Differential/ABALONES-,EarthScope,fdsn,11
YO_2014,422,YO,36.244701,-74.494301,-1631.0,2014-09-23 18:02:00.000,2014-10-05 08:25:59.000000,EDH EL1 EL2 ELZ (200 Hz),200.0,pressure+seismometer,HTI_90_U Hydrophone OBSIP-SIO/ABALONES-4x4 | L28LB OBSIP-SIO Seismometer Differential/ABALONES-,EarthScope,fdsn,11
YO_2014,A01,YO,33.9366,-75.726601,-1755.0,2014-04-11 00:00:00.000,2015-04-03 23:59:59.000000,HH1 HH2 HHZ (100 Hz); BDH (20 Hz); LDH LH1 LH2 LHZ (1 Hz),100.0,pressure+seismometer,Guralp CMG3T_120sec WHOI OBSIP/Quanterra Q330 Line | SIO Differential Pressure Gauge/Quanterra Q330 Lin,EarthScope,fdsn,357
YO_2014,A02,YO,34.357498,-75.448799,-2779.0,2014-04-08 00:00:00.000,2015-04-05 23:59:59.000000,HH1 HH2 HHZ (100 Hz); BDH (20 Hz); LDH LH1 LH2 LHZ (1 Hz),100.0,pressure+seismometer,Guralp CMG3T_120sec WHOI OBSIP/Quanterra Q330 Line | SIO Differential Pressure Gauge/Quanterra Q330 Lin,EarthScope,fdsn,362
YO_2014,A03,YO,34.691101,-75.210899,-2638.0,2014-04-08 00:00:00.000,2015-04-05 23:59:59.000000,HH1 HH2 HHZ (100 Hz); BDH (20 Hz); LDH LH1 LH2 LHZ (1 Hz),100.0,pressure+seismometer,Guralp CMG3T_120sec WHOI OBSIP/Quanterra Q330 Line | SIO Differential Pressure Gauge/Quanterra Q330 Lin,EarthScope,fdsn,362
YO_2014,A04,YO,35.034901,-75.000397,-2293.0,2014-04-06 00:00:00.000,2015-04-01 23:59:59.000000,HH1 HH2 HHZ (100 Hz); BDH (20 Hz); LDH LH1 LH2 LHZ (1 Hz),100.0,pressure+seismometer,Guralp CMG3T_120sec WHOI OBSIP/Quanterra Q330 Line | SIO Differential Pressure Gauge/Quanterra Q330 Lin,EarthScope,fdsn,360
YO_2014,A05B,YO,35.3358,-74.664497,-2231.0,2014-04-05 00:00:00.000,2015-04-01 23:59:59.000000,HH1 HH2 HHZ (100 Hz); BDH (20 Hz); LDH LH1 LH2 LHZ (1 Hz),100.0,pressure+seismometer,Guralp CMG3T_120sec WHOI OBSIP/Quanterra Q330 Line | SIO Differential Pressure Gauge/Quanterra Q330 Lin,EarthScope,fdsn,361
YO_2014,A06B,YO,35.804501,-74.648804,-1325.0,2014-04-03 00:00:00.000,2015-03-30 23:59:59.000000,HH1 HH2 HHZ (100 Hz); BDH (20 Hz); LDH LH1 LH2 LHZ (1 Hz),100.0,pressure+seismometer,Guralp CMG3T_120sec WHOI OBSIP/Quanterra Q330 Line | SIO Differential Pressure Gauge/Quanterra Q330 Lin,EarthScope,fdsn,361
YO_2014,B01,YO,33.792801,-75.408096,-3124.0,2014-04-11 00:00:00.000,2015-04-04 23:59:59.000000,HH1 HH2 HHZ (100 Hz); BDH (20 Hz); LDH LH1 LH2 LHZ (1 Hz),100.0,pressure+seismometer,Guralp CMG3T_120sec WHOI OBSIP/Quanterra Q330 Line | SIO Differential Pressure Gauge/Quanterra Q330 Lin,EarthScope,fdsn,358
YO_2014,B02B,YO,34.134701,-75.015701,-3338.0,2014-04-09 00:00:00.000,2015-04-05 23:59:59.000000,HH1 HH2 HHZ (100 Hz); BDH (20 Hz); LDH LH1 LH2 LHZ (1 Hz),100.0,pressure+seismometer,Guralp CMG3T_120sec WHOI OBSIP/Quanterra Q330 Line | SIO Differential Pressure Gauge/Quanterra Q330 Lin,EarthScope,fdsn,361
YO_2014,B05B,YO,35.1759,-74.3451,-2961.0,2014-04-05 00:00:00.000,2015-03-31 23:59:59.000000,HH1 HH2 HHZ (100 Hz); BDH (20 Hz); LDH LH1 LH2 LHZ (1 Hz),100.0,pressure+seismometer,Guralp CMG3T_120sec WHOI OBSIP/Quanterra Q330 Line | SIO Differential Pressure Gauge/Quanterra Q330 Lin,EarthScope,fdsn,360
YO_2014,B06,YO,35.615898,-74.3722,-2517.0,2014-04-03 00:00:00.000,2015-03-30 23:59:59.000000,HH1 HH2 HHZ (100 Hz); BDH (20 Hz); LDH LH1 LH2 LHZ (1 Hz),100.0,pressure+seismometer,Guralp CMG3T_120sec WHOI OBSIP/Quanterra Q330 Line | SIO Differential Pressure Gauge/Quanterra Q330 Lin,EarthScope,fdsn,361
YO_2014,C01,YO,33.665901,-75.118103,-3485.0,2014-04-11 00:00:00.000,2015-04-04 23:59:59.000000,HH1 HH2 HHZ (100 Hz); BDH (20 Hz); LDH LH1 LH2 LHZ (1 Hz),100.0,pressure+seismometer,Guralp CMG3T_120sec WHOI OBSIP/Quanterra Q330 Line | SIO Differential Pressure Gauge/Quanterra Q330 Lin,EarthScope,fdsn,358
YO_2014,C03,YO,34.464901,-74.888802,-3246.0,2014-04-08 00:00:00.000,2015-04-05 23:59:59.000000,HH1 HH2 HHZ (100 Hz); BDH (20 Hz); LDH LH1 LH2 LHZ (1 Hz),100.0,pressure+seismometer,Guralp CMG3T_120sec WHOI OBSIP/Quanterra Q330 Line | SIO Differential Pressure Gauge/Quanterra Q330 Lin,EarthScope,fdsn,362
YO_2014,C04,YO,34.879799,-74.6465,-3023.0,2014-04-06 00:00:00.000,2015-04-01 23:59:59.000000,HH1 HH2 HHZ (100 Hz); BDH (20 Hz); LDH LH1 LH2 LHZ (1 Hz),100.0,pressure+seismometer,Guralp CMG3T_120sec WHOI OBSIP/Quanterra Q330 Line | SIO Differential Pressure Gauge/Quanterra Q330 Lin,EarthScope,fdsn,360
YO_2014,C06,YO,35.5061,-74.072601,-2933.0,2014-04-03 00:00:00.000,2015-03-30 23:59:59.000000,HH1 HH2 HHZ (100 Hz); BDH (20 Hz); LDH LH1 LH2 LHZ (1 Hz),100.0,pressure+seismometer,Guralp CMG3T_120sec WHOI OBSIP/Quanterra Q330 Line | SIO Differential Pressure Gauge/Quanterra Q330 Lin,EarthScope,fdsn,361
YO_2014,D01,YO,33.539001,-74.849503,-3808.0,2014-04-11 00:00:00.000,2015-04-05 23:59:59.000000,HH1 HH2 HHZ (100 Hz); BDH (20 Hz); LDH LH1 LH2 LHZ (1 Hz),100.0,pressure+seismometer,Guralp CMG3T_120sec WHOI OBSIP/Quanterra Q330 Line | SIO Differential Pressure Gauge/Quanterra Q330 Lin,EarthScope,fdsn,359
YO_2014,D02B,YO,33.990501,-74.712898,-3760.0,2014-04-09 00:00:00.000,2015-04-05 23:59:59.000000,HH1 HH2 HHZ (100 Hz); BDH (20 Hz); LDH LH1 LH2 LHZ (1 Hz),100.0,pressure+seismometer,Guralp CMG3T_120sec WHOI OBSIP/Quanterra Q330 Line | SIO Differential Pressure Gauge/Quanterra Q330 Lin,EarthScope,fdsn,361
YO_2014,D03,YO,34.3559,-74.488701,-3584.0,2014-04-07 00:00:00.000,2015-04-05 23:59:59.000000,HH1 HH2 HHZ (100 Hz); BDH (20 Hz); LDH LH1 LH2 LHZ (1 Hz),100.0,pressure+seismometer,Guralp CMG3T_120sec WHOI OBSIP/Quanterra Q330 Line | SIO Differential Pressure Gauge/Quanterra Q330 Lin,EarthScope,fdsn,363
YO_2014,D04,YO,34.689999,-74.257896,-3417.0,2014-04-06 00:00:00.000,2015-04-01 23:59:59.000000,HH1 HH2 HHZ (100 Hz); BDH (20 Hz); LDH LH1 LH2 LHZ (1 Hz),100.0,pressure+seismometer,Guralp CMG3T_120sec WHOI OBSIP/Quanterra Q330 Line | SIO Differential Pressure Gauge/Quanterra Q330 Lin,EarthScope,fdsn,360
YO_2014,D05B,YO,35.013802,-74.0327,-3335.0,2014-04-05 00:00:00.000,2015-03-31 23:59:59.000000,HH1 HH2 HHZ (100 Hz); BDH (20 Hz); LDH LH1 LH2 LHZ (1 Hz),100.0,pressure+seismometer,Guralp CMG3T_120sec WHOI OBSIP/Quanterra Q330 Line | SIO Differential Pressure Gauge/Quanterra Q330 Lin,EarthScope,fdsn,360
YO_2014,D06,YO,35.392601,-73.765701,-3352.0,2014-04-03 00:00:00.000,2015-03-30 23:59:59.000000,HH1 HH2 HHZ (100 Hz); BDH (20 Hz); LDH LH1 LH2 LHZ (1 Hz),100.0,pressure+seismometer,Guralp CMG3T_120sec WHOI OBSIP/Quanterra Q330 Line | SIO Differential Pressure Gauge/Quanterra Q330 Lin,EarthScope,fdsn,361
YO_2014,X01,YO,36.225201,-74.5793,-1329.0,2014-04-03 00:00:00.000,2015-03-30 23:59:59.000000,HH1 HH2 HHZ (100 Hz); BDH (20 Hz); LDH LH1 LH2 LHZ (1 Hz),100.0,pressure+seismometer,Guralp CMG3T_120sec WHOI OBSIP/Quanterra Q330 Line | SIO Differential Pressure Gauge/Quanterra Q330 Lin,EarthScope,fdsn,361
YO_2014,X02,YO,36.452599,-74.079002,-2548.0,2014-04-02 00:00:00.000,2015-03-30 23:59:59.000000,HH1 HH2 HHZ (100 Hz); BDH (20 Hz); LDH LH1 LH2 LHZ (1 Hz),100.0,pressure+seismometer,Guralp CMG3T_120sec WHOI OBSIP/Quanterra Q330 Line | SIO Differential Pressure Gauge/Quanterra Q330 Lin,EarthScope,fdsn,362
YO_2014,X03,YO,35.893299,-72.719002,-3890.0,2014-04-12 00:00:00.000,2015-04-06 23:59:59.000000,HH1 HH2 HHZ (100 Hz); BDH (20 Hz); LDH LH1 LH2 LHZ (1 Hz),100.0,pressure+seismometer,Guralp CMG3T_120sec WHOI OBSIP/Quanterra Q330 Line | SIO Differential Pressure Gauge/Quanterra Q330 Lin,EarthScope,fdsn,359
YO_2014,X04,YO,34.701099,-71.527496,-4459.0,2014-04-04 00:00:00.000,2015-03-30 23:59:59.000000,HH1 HH2 HHZ (100 Hz); BDH (20 Hz); LDH LH1 LH2 LHZ (1 Hz),100.0,pressure+seismometer,Guralp CMG3T_120sec WHOI OBSIP/Quanterra Q330 Line | SIO Differential Pressure Gauge/Quanterra Q330 Lin,EarthScope,fdsn,360
YO_2014,X05,YO,34.7458,-73.075401,-4388.0,2014-04-04 00:00:00.000,2015-03-31 23:59:59.000000,HH1 HH2 HHZ (100 Hz); BDH (20 Hz); LDH LH1 LH2 LHZ (1 Hz),100.0,pressure+seismometer,Guralp CMG3T_120sec WHOI OBSIP/Quanterra Q330 Line | SIO Differential Pressure Gauge/Quanterra Q330 Lin,EarthScope,fdsn,361
YO_2014,X06,YO,33.6507,-72.205704,-5154.0,2014-04-07 00:00:00.000,2015-04-02 23:59:59.000000,HH1 HH2 HHZ (100 Hz); BDH (20 Hz); LDH LH1 LH2 LHZ (1 Hz),100.0,pressure+seismometer,Guralp CMG3T_120sec WHOI OBSIP/Quanterra Q330 Line | SIO Differential Pressure Gauge/Quanterra Q330 Lin,EarthScope,fdsn,360
YO_2014,X07,YO,33.8036,-73.670502,-4476.0,2014-04-07 00:00:00.000,2015-04-05 23:59:59.000000,HH1 HH2 HHZ (100 Hz); BDH (20 Hz); LDH LH1 LH2 LHZ (1 Hz),100.0,pressure+seismometer,Guralp CMG3T_120sec WHOI OBSIP/Quanterra Q330 Line | SIO Differential Pressure Gauge/Quanterra Q330 Lin,EarthScope,fdsn,363
YO_2014,X08,YO,32.693199,-72.816498,-5271.0,2014-04-09 00:00:00.000,2015-04-02 23:59:59.000000,HH1 HH2 HHZ (100 Hz); BDH (20 Hz); LDH LH1 LH2 LHZ (1 Hz),100.0,pressure+seismometer,Guralp CMG3T_120sec WHOI OBSIP/Quanterra Q330 Line | SIO Differential Pressure Gauge/Quanterra Q330 Lin,EarthScope,fdsn,358
YO_2014,X09,YO,32.516899,-74.3536,-4726.0,2014-04-10 00:00:00.000,2015-04-03 23:59:59.000000,HH1 HH2 HHZ (100 Hz); BDH (20 Hz); LDH LH1 LH2 LHZ (1 Hz),100.0,pressure+seismometer,Guralp CMG3T_120sec WHOI OBSIP/Quanterra Q330 Line | SIO Differential Pressure Gauge/Quanterra Q330 Lin,EarthScope,fdsn,358
YO_2014,X10,YO,33.047501,-76.059898,-2243.0,2014-04-11 00:00:00.000,2015-04-03 23:59:59.000000,HH1 HH2 HHZ (100 Hz); BDH (20 Hz); LDH LH1 LH2 LHZ (1 Hz),100.0,pressure+seismometer,Guralp CMG3T_120sec WHOI OBSIP/Quanterra Q330 Line | SIO Differential Pressure Gauge/Quanterra Q330 Lin,EarthScope,fdsn,357
YR_2021,S001,YR,45.91813,-124.39228,-157.0,2021-05-28 04:04:00.000,2021-06-29 22:53:00.000000,EDH EL1 EL2 ELZ (200 Hz),200.0,pressure+seismometer,HTI_90_U Hydrophone OBSIP-SIO/ABALONES | L28LB OBSIP-SIO Seismometer Differential/ABALONES,EarthScope,fdsn,32
YR_2021,S002,YR,45.90583,-124.56365,-162.0,2021-05-28 03:00:00.000,2021-06-29 21:40:00.000000,EDH EL1 EL2 ELZ (200 Hz),200.0,pressure+seismometer,HTI_90_U Hydrophone OBSIP-SIO/ABALONES | L28LB OBSIP-SIO Seismometer Differential/ABALONES,EarthScope,fdsn,32
YR_2021,S003,YR,45.89334,-124.73523,-336.0,2021-05-28 00:00:00.000,2021-07-01 23:59:59.000000,EDH EL1 EL2 ELZ (200 Hz); LDH LL1 LL2 LLZ (1 Hz); VPB (0.1 Hz),200.0,pressure+seismometer,Geospace GS-11D/Quanterra Q330 Linear Phase Compos | HTI-90-U Hydrophone;/Quanterra Q330 Linear Phase C | Quanterra Q330 Linear Phase Composite,EarthScope,fdsn,34
YR_2021,S004,YR,45.88066,-124.9063,-805.0,2021-05-28 00:53:00.000,2021-06-29 19:02:00.000000,EDH EL1 EL2 ELZ (200 Hz),200.0,pressure+seismometer,HTI_90_U Hydrophone OBSIP-SIO/ABALONES | L28LB OBSIP-SIO Seismometer Differential/ABALONES,EarthScope,fdsn,32
YR_2021,S005,YR,45.86793,-125.07775,-1566.0,2021-05-27 23:51:00.000,2021-06-29 17:48:59.000000,EDH EL1 EL2 ELZ (200 Hz),200.0,pressure+seismometer,HTI_90_U Hydrophone OBSIP-SIO/ABALONES | L28LB OBSIP-SIO Seismometer Differential/ABALONES,EarthScope,fdsn,32
YR_2021,S006,YR,45.8545,-125.24908,-1533.0,2021-05-27 22:46:00.000,2021-06-29 16:21:00.000000,EDH EL1 EL2 ELZ (200 Hz),200.0,pressure+seismometer,HTI_90_U Hydrophone OBSIP-SIO/ABALONES | L28LB OBSIP-SIO Seismometer Differential/ABALONES,EarthScope,fdsn,32
YR_2021,S007,YR,45.84103,-125.42013,-1928.0,2021-05-27 00:00:00.000,2021-06-30 23:59:59.000000,EDH EL1 EL2 ELZ (200 Hz); LDH LL1 LL2 LLZ (1 Hz); VPB (0.1 Hz),200.0,pressure+seismometer,Geospace GS-11D/Quanterra Q330 Linear Phase Compos | HTI-90-U Hydrophone;/Quanterra Q330 Linear Phase C | Quanterra Q330 Linear Phase Composite,EarthScope,fdsn,34
YR_2021,S008,YR,45.8271,-125.59097,-2203.0,2021-05-27 20:48:00.000,2021-06-29 12:58:59.000000,EDH EL1 EL2 ELZ (200 Hz),200.0,pressure+seismometer,HTI_90_U Hydrophone OBSIP-SIO/ABALONES | L28LB OBSIP-SIO Seismometer Differential/ABALONES,EarthScope,fdsn,32
YR_2021,S009,YR,45.81374,-125.76269,-2290.0,2021-05-27 19:45:00.000,2021-06-29 10:52:59.000000,EDH EL1 EL2 ELZ (200 Hz),200.0,pressure+seismometer,HTI_90_U Hydrophone OBSIP-SIO/ABALONES | L28LB OBSIP-SIO Seismometer Differential/ABALONES,EarthScope,fdsn,32
YR_2021,S010,YR,45.79945,-125.93274,-2426.0,2021-05-27 18:37:00.000,2021-06-29 09:00:00.000000,EDH EL1 EL2 ELZ (200 Hz),200.0,pressure+seismometer,HTI_90_U Hydrophone OBSIP-SIO/ABALONES | L28LB OBSIP-SIO Seismometer Differential/ABALONES,EarthScope,fdsn,32
YR_2021,S011,YR,45.05247,-125.89918,-2757.0,2021-05-27 00:00:00.000,2021-06-22 23:59:59.000000,EDH EL1 EL2 ELZ (200 Hz); LDH LL1 LL2 LLZ (1 Hz); VPB (0.1 Hz),200.0,pressure+seismometer,Geospace GS-11D/Quanterra Q330 Linear Phase Compos | HTI-90-U Hydrophone;/Quanterra Q330 Linear Phase C | Quanterra Q330 Linear Phase Composite,EarthScope,fdsn,26
YR_2021,S012,YR,45.05805,-125.74385,-2771.0,2021-05-27 12:37:00.000,2021-06-20 03:48:59.000000,EDH EL1 EL2 ELZ (200 Hz),200.0,pressure+seismometer,HTI_90_U Hydrophone OBSIP-SIO/ABALONES | L28LB OBSIP-SIO Seismometer Differential/ABALONES,EarthScope,fdsn,23
YR_2021,S013,YR,45.06371,-125.58927,-2729.0,2021-05-27 11:28:00.000,2021-06-20 06:01:59.000000,EDH EL1 EL2 ELZ (200 Hz),200.0,pressure+seismometer,HTI_90_U Hydrophone OBSIP-SIO/ABALONES | L28LB OBSIP-SIO Seismometer Differential/ABALONES,EarthScope,fdsn,23
YR_2021,S014,YR,45.06911,-125.43399,-2434.0,2021-05-27 10:09:00.000,2021-06-20 08:21:00.000000,EDH EL1 EL2 ELZ (200 Hz),200.0,pressure+seismometer,HTI_90_U Hydrophone OBSIP-SIO/ABALONES | L28LB OBSIP-SIO Seismometer Differential/ABALONES,EarthScope,fdsn,23
YR_2021,S015,YR,45.07436,-125.27924,-1589.0,2021-05-27 00:00:00.000,2021-06-30 23:59:59.000000,EDH EL1 EL2 ELZ (200 Hz); LDH LL1 LL2 LLZ (1 Hz); VPB (0.1 Hz),200.0,pressure+seismometer,Geospace GS-11D/Quanterra Q330 Linear Phase Compos | HTI-90-U Hydrophone;/Quanterra Q330 Linear Phase C | Quanterra Q330 Linear Phase Composite,EarthScope,fdsn,34
YR_2021,S016,YR,45.07895,-125.12468,-1499.0,2021-05-27 07:29:00.000,2021-06-29 01:04:00.000000,EDH EL1 EL2 ELZ (200 Hz),200.0,pressure+seismometer,HTI_90_U Hydrophone OBSIP-SIO/ABALONES | L28LB OBSIP-SIO Seismometer Differential/ABALONES,EarthScope,fdsn,32
YR_2021,S017,YR,45.08383,-124.96995,-971.0,2021-05-27 06:58:00.000,2021-06-28 23:22:00.000000,EDH EL1 EL2 ELZ (200 Hz),200.0,pressure+seismometer,HTI_90_U Hydrophone OBSIP-SIO/ABALONES | L28LB OBSIP-SIO Seismometer Differential/ABALONES,EarthScope,fdsn,32
YR_2021,S018,YR,45.08826,-124.81495,-644.0,2021-05-27 06:07:00.000,2021-06-28 22:03:00.000000,EDH EL1 EL2 ELZ (200 Hz),200.0,pressure+seismometer,HTI_90_U Hydrophone OBSIP-SIO/ABALONES | L28LB OBSIP-SIO Seismometer Differential/ABALONES,EarthScope,fdsn,32
YR_2021,S019,YR,45.09225,-124.65981,-463.0,2021-05-27 00:00:00.000,2021-06-30 23:59:59.000000,EDH EL1 EL2 ELZ (200 Hz); LDH LL1 LL2 LLZ (1 Hz); VPB (0.1 Hz),200.0,pressure+seismometer,Geospace GS-11D/Quanterra Q330 Linear Phase Compos | HTI-90-U Hydrophone;/Quanterra Q330 Linear Phase C | Quanterra Q330 Linear Phase Composite,EarthScope,fdsn,34
YR_2021,S020,YR,45.09623,-124.50436,-338.0,2021-05-27 04:33:00.000,2021-06-28 19:35:00.000000,EDH EL1 EL2 ELZ (200 Hz),200.0,pressure+seismometer,HTI_90_U Hydrophone OBSIP-SIO/ABALONES | L28LB OBSIP-SIO Seismometer Differential/ABALONES,EarthScope,fdsn,32
YR_2021,S021,YR,45.09969,-124.34912,-241.0,2021-05-27 03:47:00.000,2021-06-28 18:24:00.000000,EDH EL1 EL2 ELZ (200 Hz),200.0,pressure+seismometer,HTI_90_U Hydrophone OBSIP-SIO/ABALONES | L28LB OBSIP-SIO Seismometer Differential/ABALONES,EarthScope,fdsn,32
YR_2021,S022,YR,45.10334,-124.19561,-134.0,2021-05-27 02:44:00.000,2021-06-28 17:12:00.000000,EDH EL1 EL2 ELZ (200 Hz),200.0,pressure+seismometer,HTI_90_U Hydrophone OBSIP-SIO/ABALONES | L28LB OBSIP-SIO Seismometer Differential/ABALONES,EarthScope,fdsn,32
YR_2021,S023,YR,44.51432,-125.7678,-2905.0,2021-05-26 12:57:00.000,2021-06-24 04:27:59.000000,EDH EL1 EL2 ELZ (200 Hz),200.0,pressure+seismometer,HTI_90_U Hydrophone OBSIP-SIO/ABALONES | L28LB OBSIP-SIO Seismometer Differential/ABALONES,EarthScope,fdsn,28
YR_2021,S024,YR,44.50644,-125.66542,-2899.0,2021-05-26 15:06:00.000,2021-06-24 06:23:59.000000,EDH EL1 EL2 ELZ (200 Hz),200.0,pressure+seismometer,HTI_90_U Hydrophone OBSIP-SIO/ABALONES | L28LB OBSIP-SIO Seismometer Differential/ABALONES,EarthScope,fdsn,28
YR_2021,S025,YR,44.49912,-125.56355,-2904.0,2021-05-26 15:52:00.000,2021-06-24 08:14:00.000000,EDH EL1 EL2 ELZ (200 Hz),200.0,pressure+seismometer,HTI_90_U Hydrophone OBSIP-SIO/ABALONES | L28LB OBSIP-SIO Seismometer Differential/ABALONES,EarthScope,fdsn,28
YR_2021,S026,YR,44.43562,-124.74926,-177.0,2021-05-26 00:00:00.000,2021-06-25 23:59:59.000000,EDH EL1 EL2 ELZ (200 Hz); LDH LL1 LL2 LLZ (1 Hz); VPB (0.1 Hz),200.0,pressure+seismometer,Geospace GS-11D/Quanterra Q330 Linear Phase Compos | HTI-90-U Hydrophone;/Quanterra Q330 Linear Phase C | Quanterra Q330 Linear Phase Composite,EarthScope,fdsn,30
YR_2021,S027,YR,44.42708,-124.64768,-125.0,2021-05-26 20:08:00.000,2021-06-24 18:10:00.000000,EDH EL1 EL2 ELZ (200 Hz),200.0,pressure+seismometer,HTI_90_U Hydrophone OBSIP-SIO/ABALONES | L28LB OBSIP-SIO Seismometer Differential/ABALONES,EarthScope,fdsn,28
YR_2021,S028,YR,44.41919,-124.5461,-124.0,2021-05-26 20:49:00.000,2021-06-24 18:54:00.000000,EDH EL1 EL2 ELZ (200 Hz),200.0,pressure+seismometer,HTI_90_U Hydrophone OBSIP-SIO/ABALONES | L28LB OBSIP-SIO Seismometer Differential/ABALONES,EarthScope,fdsn,28
YR_2021,S029,YR,44.41008,-124.4439,-82.0,2021-05-26 21:36:00.000,2021-06-24 19:49:00.000000,EDH EL1 EL2 ELZ (200 Hz),200.0,pressure+seismometer,HTI_90_U Hydrophone OBSIP-SIO/ABALONES | L28LB OBSIP-SIO Seismometer Differential/ABALONES,EarthScope,fdsn,28
YR_2021,S030,YR,44.40172,-124.34309,-74.0,2021-05-26 00:00:00.000,2021-06-26 23:59:59.000000,EDH EL1 EL2 ELZ (200 Hz); LDH LL1 LL2 LLZ (1 Hz); VPB (0.1 Hz),200.0,pressure+seismometer,Geospace GS-11D/Quanterra Q330 Linear Phase Compos | HTI-90-U Hydrophone;/Quanterra Q330 Linear Phase C | Quanterra Q330 Linear Phase Composite,EarthScope,fdsn,31
YR_2021,S031,YR,42.19655,-125.7184,-2677.0,2021-05-24 17:53:00.000,2021-06-23 12:40:59.000000,EDH EL1 EL2 ELZ (200 Hz),200.0,pressure+seismometer,HTI_90_U Hydrophone OBSIP-SIO/ABALONES | L28LB OBSIP-SIO Seismometer Differential/ABALONES,EarthScope,fdsn,29
YR_2021,S032,YR,42.19637,-125.61707,-3036.0,2021-05-24 00:00:00.000,2021-06-24 23:59:59.000000,EDH EL1 EL2 ELZ (200 Hz); LDH LL1 LL2 LLZ (1 Hz); VPB (0.1 Hz),200.0,pressure+seismometer,Geospace GS-11D/Quanterra Q330 Linear Phase Compos | HTI-90-U Hydrophone;/Quanterra Q330 Linear Phase C | Quanterra Q330 Linear Phase Composite,EarthScope,fdsn,31
YR_2021,S033,YR,42.196318,-125.51562,-3088.0,2021-05-24 20:10:00.000,2021-06-23 08:57:00.000000,EDH EL1 EL2 ELZ (200 Hz),200.0,pressure+seismometer,HTI_90_U Hydrophone OBSIP-SIO/ABALONES | L28LB OBSIP-SIO Seismometer Differential/ABALONES,EarthScope,fdsn,29
YR_2021,S034,YR,42.195776,-125.41385,-3089.0,2021-05-24 21:22:00.000,2021-06-23 06:57:59.000000,EDH EL1 EL2 ELZ (200 Hz),200.0,pressure+seismometer,HTI_90_U Hydrophone OBSIP-SIO/ABALONES | L28LB OBSIP-SIO Seismometer Differential/ABALONES,EarthScope,fdsn,29
YR_2021,S035,YR,42.19533,-125.31192,-3088.0,2021-05-24 22:22:00.000,2021-06-23 05:11:00.000000,EDH EL1 EL2 ELZ (200 Hz),200.0,pressure+seismometer,HTI_90_U Hydrophone OBSIP-SIO/ABALONES | L28LB OBSIP-SIO Seismometer Differential/ABALONES,EarthScope,fdsn,29
YR_2021,S036,YR,42.19464,-125.21015,-2442.0,2021-05-24 00:00:00.000,2021-06-24 23:59:59.000000,EDH EL1 EL2 ELZ (200 Hz); LDH LL1 LL2 LLZ (1 Hz); VPB (0.1 Hz),200.0,pressure+seismometer,Geospace GS-11D/Quanterra Q330 Linear Phase Compos | HTI-90-U Hydrophone;/Quanterra Q330 Linear Phase C | Quanterra Q330 Linear Phase Composite,EarthScope,fdsn,31
YR_2021,S037,YR,42.19381,-125.1081,-1994.0,2021-05-25 00:21:00.000,2021-06-23 01:38:59.000000,EDH EL1 EL2 ELZ (200 Hz),200.0,pressure+seismometer,HTI_90_U Hydrophone OBSIP-SIO/ABALONES | L28LB OBSIP-SIO Seismometer Differential/ABALONES,EarthScope,fdsn,29
YR_2021,S038,YR,42.19356,-125.00715,-1453.0,2021-05-25 01:03:00.000,2021-06-22 23:30:00.000000,EDH EL1 EL2 ELZ (200 Hz),200.0,pressure+seismometer,HTI_90_U Hydrophone OBSIP-SIO/ABALONES | L28LB OBSIP-SIO Seismometer Differential/ABALONES,EarthScope,fdsn,28
YR_2021,S039,YR,42.19248,-124.90524,-985.0,2021-05-25 01:57:00.000,2021-06-22 22:00:59.000000,EDH EL1 EL2 ELZ (200 Hz),200.0,pressure+seismometer,HTI_90_U Hydrophone OBSIP-SIO/ABALONES | L28LB OBSIP-SIO Seismometer Differential/ABALONES,EarthScope,fdsn,28
YR_2021,S040,YR,42.19147,-124.80337,-692.0,2021-05-25 00:00:00.000,2021-06-24 23:59:59.000000,EDH EL1 EL2 ELZ (200 Hz); LDH LL1 LL2 LLZ (1 Hz); VPB (0.1 Hz),200.0,pressure+seismometer,Geospace GS-11D/Quanterra Q330 Linear Phase Compos | HTI-90-U Hydrophone;/Quanterra Q330 Linear Phase C | Quanterra Q330 Linear Phase Composite,EarthScope,fdsn,30
YR_2021,S041,YR,42.19105,-124.70221,-548.0,2021-05-25 03:32:00.000,2021-06-22 19:20:00.000000,EDH EL1 EL2 ELZ (200 Hz),200.0,pressure+seismometer,HTI_90_U Hydrophone OBSIP-SIO/ABALONES | L28LB OBSIP-SIO Seismometer Differential/ABALONES,EarthScope,fdsn,28
YR_2021,S042,YR,42.18963,-124.60062,-245.0,2021-05-25 04:32:00.000,2021-06-22 18:20:00.000000,EDH EL1 EL2 ELZ (200 Hz),200.0,pressure+seismometer,HTI_90_U Hydrophone OBSIP-SIO/ABALONES | L28LB OBSIP-SIO Seismometer Differential/ABALONES,EarthScope,fdsn,28
YR_2021,S043,YR,42.18809,-124.49883,-126.0,2021-05-25 05:32:00.000,2021-06-22 17:31:00.000000,EDH EL1 EL2 ELZ (200 Hz),200.0,pressure+seismometer,HTI_90_U Hydrophone OBSIP-SIO/ABALONES | L28LB OBSIP-SIO Seismometer Differential/ABALONES,EarthScope,fdsn,28
YR_2021,S044,YR,43.27678,-125.79368,-3060.0,2021-05-25 16:09:00.000,2021-06-22 23:59:59.000000,EDH EL1 EL2 ELZ (200 Hz),200.0,pressure+seismometer,HTI_90_U Hydrophone OBSIP-SIO/ABALONES | L28LB OBSIP-SIO Seismometer Differential/ABALONES,EarthScope,fdsn,28
YR_2021,S045,YR,43.28511,-125.69107,-3016.0,2021-05-25 19:57:00.000,2021-06-21 20:45:59.000000,EDH EL1 EL2 ELZ (200 Hz),200.0,pressure+seismometer,HTI_90_U Hydrophone OBSIP-SIO/ABALONES | L28LB OBSIP-SIO Seismometer Differential/ABALONES,EarthScope,fdsn,27
YR_2021,S046,YR,43.29265,-125.58785,-3060.0,2021-05-25 20:47:00.000,2021-06-21 18:25:59.000000,EDH EL1 EL2 ELZ (200 Hz),200.0,pressure+seismometer,HTI_90_U Hydrophone OBSIP-SIO/ABALONES | L28LB OBSIP-SIO Seismometer Differential/ABALONES,EarthScope,fdsn,26
YR_2021,S047,YR,43.30072,-125.48494,-3072.0,2021-05-25 00:00:00.000,2021-06-23 23:59:59.000000,EDH EL1 EL2 ELZ (200 Hz); LDH LL1 LL2 LLZ (1 Hz); VPB (0.1 Hz),200.0,pressure+seismometer,Geospace GS-11D/Quanterra Q330 Linear Phase Compos | HTI-90-U Hydrophone;/Quanterra Q330 Linear Phase C | Quanterra Q330 Linear Phase Composite,EarthScope,fdsn,29
YR_2021,S048,YR,43.30843,-125.38188,-3063.0,2021-05-25 22:46:00.000,2021-06-21 14:08:00.000000,EDH EL1 EL2 ELZ (200 Hz),200.0,pressure+seismometer,HTI_90_U Hydrophone OBSIP-SIO/ABALONES | L28LB OBSIP-SIO Seismometer Differential/ABALONES,EarthScope,fdsn,26
YR_2021,S049,YR,43.31639,-125.27835,-2145.0,2021-05-25 23:57:00.000,2021-06-21 12:05:00.000000,EDH EL1 EL2 ELZ (200 Hz),200.0,pressure+seismometer,HTI_90_U Hydrophone OBSIP-SIO/ABALONES | L28LB OBSIP-SIO Seismometer Differential/ABALONES,EarthScope,fdsn,26
YR_2021,S050,YR,43.32413,-125.17524,-1698.0,2021-05-26 00:48:00.000,2021-06-21 07:11:59.000000,EDH EL1 EL2 ELZ (200 Hz),200.0,pressure+seismometer,HTI_90_U Hydrophone OBSIP-SIO/ABALONES | L28LB OBSIP-SIO Seismometer Differential/ABALONES,EarthScope,fdsn,26
YR_2021,S051,YR,43.33151,-125.07264,-1098.0,2021-05-26 00:00:00.000,2021-06-22 23:59:59.000000,EDH EL1 EL2 ELZ (200 Hz); LDH LL1 LL2 LLZ (1 Hz); VPB (0.1 Hz),200.0,pressure+seismometer,Geospace GS-11D/Quanterra Q330 Linear Phase Compos | HTI-90-U Hydrophone;/Quanterra Q330 Linear Phase C | Quanterra Q330 Linear Phase Composite,EarthScope,fdsn,27
YR_2021,S052,YR,43.33875,-124.96962,-879.0,2021-05-26 02:25:00.000,2021-06-21 04:07:59.000000,EDH EL1 EL2 ELZ (200 Hz),200.0,pressure+seismometer,HTI_90_U Hydrophone OBSIP-SIO/ABALONES | L28LB OBSIP-SIO Seismometer Differential/ABALONES,EarthScope,fdsn,26
YR_2021,S053,YR,43.34624,-124.86663,-670.0,2021-05-26 03:11:00.000,2021-06-21 03:00:00.000000,EDH EL1 EL2 ELZ (200 Hz),200.0,pressure+seismometer,HTI_90_U Hydrophone OBSIP-SIO/ABALONES | L28LB OBSIP-SIO Seismometer Differential/ABALONES,EarthScope,fdsn,25
YR_2021,S054,YR,43.35335,-124.76324,-449.0,2021-05-26 04:02:00.000,2021-06-21 01:14:59.000000,EDH EL1 EL2 ELZ (200 Hz),200.0,pressure+seismometer,HTI_90_U Hydrophone OBSIP-SIO/ABALONES | L28LB OBSIP-SIO Seismometer Differential/ABALONES,EarthScope,fdsn,25
YR_2021,S055,YR,43.36058,-124.66074,-197.0,2021-05-26 00:00:00.000,2021-06-22 23:59:59.000000,EDH EL1 EL2 ELZ (200 Hz); LDH LL1 LL2 LLZ (1 Hz); VPB (0.1 Hz),200.0,pressure+seismometer,Geospace GS-11D/Quanterra Q330 Linear Phase Compos | HTI-90-U Hydrophone;/Quanterra Q330 Linear Phase C | Quanterra Q330 Linear Phase Composite,EarthScope,fdsn,27
YR_2021,S056,YR,42.62248,-125.49863,-3078.0,2021-05-25 00:00:00.000,2021-06-23 23:59:59.000000,EDH EL1 EL2 ELZ (200 Hz); LDH LL1 LL2 LLZ (1 Hz); VPB (0.1 Hz),200.0,pressure+seismometer,Geospace GS-11D/Quanterra Q330 Linear Phase Compos | HTI-90-U Hydrophone;/Quanterra Q330 Linear Phase C | Quanterra Q330 Linear Phase Composite,EarthScope,fdsn,29
YR_2021,S057,YR,42.63787,-125.3988,-3075.0,2021-05-25 13:45:00.000,2021-06-22 06:38:59.000000,EDH EL1 EL2 ELZ (200 Hz),200.0,pressure+seismometer,HTI_90_U Hydrophone OBSIP-SIO/ABALONES | L28LB OBSIP-SIO Seismometer Differential/ABALONES,EarthScope,fdsn,27
YR_2021,S058,YR,42.65315,-125.29871,-3082.0,2021-05-25 12:52:00.000,2021-06-22 08:56:59.000000,EDH EL1 EL2 ELZ (200 Hz),200.0,pressure+seismometer,HTI_90_U Hydrophone OBSIP-SIO/ABALONES | L28LB OBSIP-SIO Seismometer Differential/ABALONES,EarthScope,fdsn,27
YR_2021,S059,YR,42.66809,-125.19845,-3043.0,2021-05-25 10:27:00.000,2021-06-22 10:57:00.000000,EDH EL1 EL2 ELZ (200 Hz),200.0,pressure+seismometer,HTI_90_U Hydrophone OBSIP-SIO/ABALONES | L28LB OBSIP-SIO Seismometer Differential/ABALONES,EarthScope,fdsn,28
YR_2021,S060,YR,42.73547,-124.75625,-482.0,2021-05-25 00:00:00.000,2021-06-23 23:59:59.000000,EDH EL1 EL2 ELZ (200 Hz); LDH LL1 LL2 LLZ (1 Hz); VPB (0.1 Hz),200.0,pressure+seismometer,Geospace GS-11D/Quanterra Q330 Linear Phase Compos | HTI-90-U Hydrophone;/Quanterra Q330 Linear Phase C | Quanterra Q330 Linear Phase Composite,EarthScope,fdsn,29
YR_2021,S061,YR,49.4128,-128.45673,-2337.0,2021-06-26 07:56:00.000,2021-07-06 03:12:00.000000,EDH EL1 EL2 ELZ (200 Hz),200.0,pressure+seismometer,HTI_90_U Hydrophone OBSIP-SIO/ABALONES | L28LB OBSIP-SIO Seismometer Differential/ABALONES,EarthScope,fdsn,9
YR_2021,S062,YR,49.4637,-128.3572,-2317.0,2021-06-26 09:46:00.000,2021-07-06 01:26:00.000000,EDH EL1 EL2 ELZ (200 Hz),200.0,pressure+seismometer,HTI_90_U Hydrophone OBSIP-SIO/ABALONES | L28LB OBSIP-SIO Seismometer Differential/ABALONES,EarthScope,fdsn,9
YR_2021,S063,YR,49.51414,-128.257122,-2349.0,2021-06-26 10:59:00.000,2021-07-05 23:44:00.000000,EDH EL1 EL2 ELZ (200 Hz),200.0,pressure+seismometer,HTI_90_U Hydrophone OBSIP-SIO/ABALONES | L28LB OBSIP-SIO Seismometer Differential/ABALONES,EarthScope,fdsn,9
YR_2021,S064,YR,49.5645,-128.15711,-2360.3,2021-06-26 00:00:00.000,2021-07-06 23:59:59.000000,EDH EL1 EL2 ELZ (200 Hz); LDH LL1 LL2 LLZ (1 Hz); VPB (0.1 Hz),200.0,pressure+seismometer,Geospace GS-11D/Quanterra Q330 Linear Phase Compos | HTI-90-U Hydrophone;/Quanterra Q330 Linear Phase C | Quanterra Q330 Linear Phase Composite,EarthScope,fdsn,10
YR_2021,S065,YR,49.61468,-128.05661,-2194.0,2021-06-26 12:50:00.000,2021-07-05 20:19:00.000000,EDH EL1 EL2 ELZ (200 Hz),200.0,pressure+seismometer,HTI_90_U Hydrophone OBSIP-SIO/ABALONES | L28LB OBSIP-SIO Seismometer Differential/ABALONES,EarthScope,fdsn,9
YR_2021,S066,YR,49.66481,-127.95635,-1565.0,2021-06-26 13:51:00.000,2021-07-05 18:28:00.000000,EDH EL1 EL2 ELZ (200 Hz),200.0,pressure+seismometer,HTI_90_U Hydrophone OBSIP-SIO/ABALONES | L28LB OBSIP-SIO Seismometer Differential/ABALONES,EarthScope,fdsn,9
YR_2021,S067,YR,49.71467,-127.85597,-1277.0,2021-06-26 14:47:00.000,2021-07-05 17:11:59.000000,EDH EL1 EL2 ELZ (200 Hz),200.0,pressure+seismometer,HTI_90_U Hydrophone OBSIP-SIO/ABALONES | L28LB OBSIP-SIO Seismometer Differential/ABALONES,EarthScope,fdsn,9
YR_2021,S068,YR,49.76471,-127.75509,-666.0,2021-06-26 15:25:00.000,2021-07-05 16:00:00.000000,EDH EL1 EL2 ELZ (200 Hz),200.0,pressure+seismometer,HTI_90_U Hydrophone OBSIP-SIO/ABALONES | L28LB OBSIP-SIO Seismometer Differential/ABALONES,EarthScope,fdsn,9
YR_2021,S069,YR,49.81463,-127.65421,-194.5,2021-06-26 00:00:00.000,2021-07-06 23:59:59.000000,EDH EL1 EL2 ELZ (200 Hz); LDH LL1 LL2 LLZ (1 Hz); VPB (0.1 Hz),200.0,pressure+seismometer,Geospace GS-11D/Quanterra Q330 Linear Phase Compos | HTI-90-U Hydrophone;/Quanterra Q330 Linear Phase C | Quanterra Q330 Linear Phase Composite,EarthScope,fdsn,10
YR_2021,S070,YR,49.86443,-127.55298,-78.0,2021-06-26 16:40:00.000,2021-07-05 13:35:59.000000,EDH EL1 EL2 ELZ (200 Hz),200.0,pressure+seismometer,HTI_90_U Hydrophone OBSIP-SIO/ABALONES | L28LB OBSIP-SIO Seismometer Differential/ABALONES,EarthScope,fdsn,8
YR_2021,S071,YR,49.91401,-127.45092,-66.0,2021-06-26 17:31:00.000,2021-07-05 12:18:59.000000,EDH EL1 EL2 ELZ (200 Hz),200.0,pressure+seismometer,HTI_90_U Hydrophone OBSIP-SIO/ABALONES | L28LB OBSIP-SIO Seismometer Differential/ABALONES,EarthScope,fdsn,8
YR_2021,S072,YR,48.42149,-127.5014,-2644.9,2021-06-27 00:00:00.000,2021-07-07 23:59:59.000000,EDH EL1 EL2 ELZ (200 Hz); LDH LL1 LL2 LLZ (1 Hz); VPB (0.1 Hz),200.0,pressure+seismometer,Geospace GS-11D/Quanterra Q330 Linear Phase Compos | HTI-90-U Hydrophone;/Quanterra Q330 Linear Phase C | Quanterra Q330 Linear Phase Composite,EarthScope,fdsn,10
YR_2021,S073,YR,48.4681,-127.399251,-2607.0,2021-06-27 08:48:00.000,2021-07-06 12:47:59.000000,EDH EL1 EL2 ELZ (200 Hz),200.0,pressure+seismometer,HTI_90_U Hydrophone OBSIP-SIO/ABALONES | L28LB OBSIP-SIO Seismometer Differential/ABALONES,EarthScope,fdsn,9
YR_2021,S074,YR,48.514178,-127.29674,-2581.0,2021-06-27 07:54:00.000,2021-07-06 14:45:00.000000,EDH EL1 EL2 ELZ (200 Hz),200.0,pressure+seismometer,HTI_90_U Hydrophone OBSIP-SIO/ABALONES | L28LB OBSIP-SIO Seismometer Differential/ABALONES,EarthScope,fdsn,9
YR_2021,S075,YR,48.56078,-127.194387,-2567.0,2021-06-27 06:55:00.000,2021-07-06 16:31:59.000000,EDH EL1 EL2 ELZ (200 Hz),200.0,pressure+seismometer,HTI_90_U Hydrophone OBSIP-SIO/ABALONES | L28LB OBSIP-SIO Seismometer Differential/ABALONES,EarthScope,fdsn,9
YR_2021,S076,YR,48.60657,-127.091926,-2501.0,2021-06-27 00:00:00.000,2021-07-07 23:59:59.000000,EDH EL1 EL2 ELZ (200 Hz); LDH LL1 LL2 LLZ (1 Hz); VPB (0.1 Hz),200.0,pressure+seismometer,Geospace GS-11D/Quanterra Q330 Linear Phase Compos | HTI-90-U Hydrophone;/Quanterra Q330 Linear Phase C | Quanterra Q330 Linear Phase Composite,EarthScope,fdsn,10
YR_2021,S077,YR,48.65267,-126.98842,-2157.0,2021-06-27 06:01:00.000,2021-07-06 20:30:59.000000,EDH EL1 EL2 ELZ (200 Hz),200.0,pressure+seismometer,HTI_90_U Hydrophone OBSIP-SIO/ABALONES | L28LB OBSIP-SIO Seismometer Differential/ABALONES,EarthScope,fdsn,9
YR_2021,S078,YR,48.698572,-126.88563,-1315.0,2021-06-27 05:27:00.000,2021-07-06 22:07:59.000000,EDH EL1 EL2 ELZ (200 Hz),200.0,pressure+seismometer,HTI_90_U Hydrophone OBSIP-SIO/ABALONES | L28LB OBSIP-SIO Seismometer Differential/ABALONES,EarthScope,fdsn,9
YR_2021,S079,YR,48.7442,-126.782292,-1357.0,2021-06-27 00:00:00.000,2021-07-08 23:59:59.000000,EDH EL1 EL2 ELZ (200 Hz); LDH LL1 LL2 LLZ (1 Hz); VPB (0.1 Hz),200.0,pressure+seismometer,Geospace GS-11D/Quanterra Q330 Linear Phase Compos | HTI-90-U Hydrophone;/Quanterra Q330 Linear Phase C | Quanterra Q330 Linear Phase Composite,EarthScope,fdsn,11
YR_2021,S080,YR,48.790005,-126.678715,-950.0,2021-06-27 04:14:00.000,2021-07-07 00:50:00.000000,EDH EL1 EL2 ELZ (200 Hz),200.0,pressure+seismometer,HTI_90_U Hydrophone OBSIP-SIO/ABALONES | L28LB OBSIP-SIO Seismometer Differential/ABALONES,EarthScope,fdsn,9
YR_2021,S081,YR,48.835632,-126.57526,-383.0,2021-06-27 03:39:00.000,2021-07-07 01:46:00.000000,EDH EL1 EL2 ELZ (200 Hz),200.0,pressure+seismometer,HTI_90_U Hydrophone OBSIP-SIO/ABALONES | L28LB OBSIP-SIO Seismometer Differential/ABALONES,EarthScope,fdsn,9
YR_2021,S082,YR,48.8813,-126.471426,-176.4,2021-06-27 00:00:00.000,2021-07-08 23:59:59.000000,EDH EL1 EL2 ELZ (200 Hz); LDH LL1 LL2 LLZ (1 Hz); VPB (0.1 Hz),200.0,pressure+seismometer,Geospace GS-11D/Quanterra Q330 Linear Phase Compos | HTI-90-U Hydrophone;/Quanterra Q330 Linear Phase C | Quanterra Q330 Linear Phase Composite,EarthScope,fdsn,11
YR_2021,S083,YR,48.9266,-126.3675,-180.0,2021-06-27 02:22:00.000,2021-07-07 03:36:00.000000,EDH EL1 EL2 ELZ (200 Hz),200.0,pressure+seismometer,HTI_90_U Hydrophone OBSIP-SIO/ABALONES | L28LB OBSIP-SIO Seismometer Differential/ABALONES,EarthScope,fdsn,10
YR_2021,S084,YR,48.97259,-126.26267,-120.0,2021-06-27 01:57:00.000,2021-07-07 04:26:59.000000,EDH EL1 EL2 ELZ (200 Hz),200.0,pressure+seismometer,HTI_90_U Hydrophone OBSIP-SIO/ABALONES | L28LB OBSIP-SIO Seismometer Differential/ABALONES,EarthScope,fdsn,10
YR_2021,S085,YR,49.01763,-126.1584,-76.0,2021-06-27 00:36:00.000,2021-07-07 05:16:59.000000,EDH EL1 EL2 ELZ (200 Hz),200.0,pressure+seismometer,HTI_90_U Hydrophone OBSIP-SIO/ABALONES | L28LB OBSIP-SIO Seismometer Differential/ABALONES,EarthScope,fdsn,10
YR_2021,S086,YR,47.94878,-126.93625,-2470.4,2021-06-27 00:00:00.000,2021-07-10 23:59:59.000000,EDH EL1 EL2 ELZ (200 Hz); LDH LL1 LL2 LLZ (1 Hz); VPB (0.1 Hz),200.0,pressure+seismometer,Geospace GS-11D/Quanterra Q330 Linear Phase Compos | HTI-90-U Hydrophone;/Quanterra Q330 Linear Phase C | Quanterra Q330 Linear Phase Composite,EarthScope,fdsn,13
YR_2021,S087,YR,47.98715,-126.81674,-2399.0,2021-06-27 13:27:00.000,2021-07-08 01:20:00.000000,EDH EL1 EL2 ELZ (200 Hz),200.0,pressure+seismometer,HTI_90_U Hydrophone OBSIP-SIO/ABALONES | L28LB OBSIP-SIO Seismometer Differential/ABALONES,EarthScope,fdsn,10
YR_2021,S088,YR,48.02529,-126.69609,-2415.2,2021-06-27 00:00:00.000,2021-07-09 23:59:59.000000,EDH EL1 EL2 ELZ (200 Hz); LDH LL1 LL2 LLZ (1 Hz); VPB (0.1 Hz),200.0,pressure+seismometer,Geospace GS-11D/Quanterra Q330 Linear Phase Compos | HTI-90-U Hydrophone;/Quanterra Q330 Linear Phase C | Quanterra Q330 Linear Phase Composite,EarthScope,fdsn,12
YR_2021,S089,YR,48.06332,-126.57641,-2486.0,2021-06-27 14:59:00.000,2021-07-07 21:57:00.000000,EDH EL1 EL2 ELZ (200 Hz),200.0,pressure+seismometer,HTI_90_U Hydrophone OBSIP-SIO/ABALONES | L28LB OBSIP-SIO Seismometer Differential/ABALONES,EarthScope,fdsn,10
YR_2021,S090,YR,48.10109,-126.45586,-2379.0,2021-06-27 15:55:00.000,2021-07-07 20:24:00.000000,EDH EL1 EL2 ELZ (200 Hz),200.0,pressure+seismometer,HTI_90_U Hydrophone OBSIP-SIO/ABALONES | L28LB OBSIP-SIO Seismometer Differential/ABALONES,EarthScope,fdsn,10
YR_2021,S091,YR,48.13902,-126.33485,-2019.0,2021-06-27 16:39:00.000,2021-07-07 18:47:00.000000,EDH EL1 EL2 ELZ (200 Hz),200.0,pressure+seismometer,HTI_90_U Hydrophone OBSIP-SIO/ABALONES | L28LB OBSIP-SIO Seismometer Differential/ABALONES,EarthScope,fdsn,10
YR_2021,S092,YR,48.17651,-126.21429,-1659.1,2021-06-27 00:00:00.000,2021-07-08 23:59:59.000000,EDH EL1 EL2 ELZ (200 Hz); LDH LL1 LL2 LLZ (1 Hz); VPB (0.1 Hz),200.0,pressure+seismometer,Geospace GS-11D/Quanterra Q330 Linear Phase Compos | HTI-90-U Hydrophone;/Quanterra Q330 Linear Phase C | Quanterra Q330 Linear Phase Composite,EarthScope,fdsn,11
YR_2021,S093,YR,48.21399,-126.09341,-1442.0,2021-06-27 18:03:00.000,2021-07-07 15:51:59.000000,EDH EL1 EL2 ELZ (200 Hz),200.0,pressure+seismometer,HTI_90_U Hydrophone OBSIP-SIO/ABALONES | L28LB OBSIP-SIO Seismometer Differential/ABALONES,EarthScope,fdsn,9
YR_2021,S094,YR,48.25151,-125.97214,-832.0,2021-06-27 18:45:00.000,2021-07-07 14:45:59.000000,EDH EL1 EL2 ELZ (200 Hz),200.0,pressure+seismometer,HTI_90_U Hydrophone OBSIP-SIO/ABALONES | L28LB OBSIP-SIO Seismometer Differential/ABALONES,EarthScope,fdsn,9
YR_2021,S095,YR,48.28879,-125.85074,-565.0,2021-06-27 19:23:00.000,2021-07-07 13:24:00.000000,EDH EL1 EL2 ELZ (200 Hz),200.0,pressure+seismometer,HTI_90_U Hydrophone OBSIP-SIO/ABALONES | L28LB OBSIP-SIO Seismometer Differential/ABALONES,EarthScope,fdsn,9
YR_2021,S096,YR,48.32569,-125.72938,-182.2,2021-06-27 00:00:00.000,2021-07-08 23:59:59.000000,EDH EL1 EL2 ELZ (200 Hz); LDH LL1 LL2 LLZ (1 Hz); VPB (0.1 Hz),200.0,pressure+seismometer,Geospace GS-11D/Quanterra Q330 Linear Phase Compos | HTI-90-U Hydrophone;/Quanterra Q330 Linear Phase C | Quanterra Q330 Linear Phase Composite,EarthScope,fdsn,11
YR_2021,S097,YR,48.36312,-125.60771,-142.0,2021-06-27 20:43:00.000,2021-07-07 11:19:59.000000,EDH EL1 EL2 ELZ (200 Hz),200.0,pressure+seismometer,HTI_90_U Hydrophone OBSIP-SIO/ABALONES | L28LB OBSIP-SIO Seismometer Differential/ABALONES,EarthScope,fdsn,9
YR_2021,S098,YR,48.39952,-125.48583,-145.0,2021-06-27 21:25:00.000,2021-07-07 10:13:00.000000,EDH EL1 EL2 ELZ (200 Hz),200.0,pressure+seismometer,HTI_90_U Hydrophone OBSIP-SIO/ABALONES | L28LB OBSIP-SIO Seismometer Differential/ABALONES,EarthScope,fdsn,9
YR_2021,S099,YR,46.94857,-126.57391,-2581.0,2021-06-30 17:34:00.000,2021-07-08 10:13:59.000000,EDH EL1 EL2 ELZ (200 Hz),200.0,pressure+seismometer,HTI_90_U Hydrophone OBSIP-SIO/ABALONES | L28LB OBSIP-SIO Seismometer Differential/ABALONES,EarthScope,fdsn,7
YR_2021,S100,YR,46.970188,-126.448921,-2561.0,2021-06-30 00:00:00.000,2021-07-09 23:59:59.000000,EDH EL1 EL2 ELZ (200 Hz); LDH LL1 LL2 LLZ (1 Hz); VPB (0.1 Hz),200.0,pressure+seismometer,Geospace GS-11D/Quanterra Q330 Linear Phase Compos | HTI-90-U Hydrophone;/Quanterra Q330 Linear Phase C | Quanterra Q330 Linear Phase Composite,EarthScope,fdsn,9
YR_2021,S101,YR,46.991912,-126.32391,-2566.0,2021-06-30 16:10:00.000,2021-07-08 13:29:59.000000,EDH EL1 EL2 ELZ (200 Hz),200.0,pressure+seismometer,HTI_90_U Hydrophone OBSIP-SIO/ABALONES | L28LB OBSIP-SIO Seismometer Differential/ABALONES,EarthScope,fdsn,7
YR_2021,S102,YR,47.01329,-126.19897,-2564.0,2021-06-30 15:31:00.000,2021-07-08 15:07:00.000000,EDH EL1 EL2 ELZ (200 Hz),200.0,pressure+seismometer,HTI_90_U Hydrophone OBSIP-SIO/ABALONES | L28LB OBSIP-SIO Seismometer Differential/ABALONES,EarthScope,fdsn,7
YR_2021,S103,YR,47.03471,-126.07399,-2545.0,2021-06-30 14:50:00.000,2021-07-08 16:48:59.000000,EDH EL1 EL2 ELZ (200 Hz),200.0,pressure+seismometer,HTI_90_U Hydrophone OBSIP-SIO/ABALONES | L28LB OBSIP-SIO Seismometer Differential/ABALONES,EarthScope,fdsn,8
YR_2021,S104,YR,47.055743,-125.949047,-2526.0,2021-06-30 00:00:00.000,2021-07-09 23:59:59.000000,EDH EL1 EL2 ELZ (200 Hz); LDH LL1 LL2 LLZ (1 Hz); VPB (0.1 Hz),200.0,pressure+seismometer,Geospace GS-11D/Quanterra Q330 Linear Phase Compos | HTI-90-U Hydrophone;/Quanterra Q330 Linear Phase C | Quanterra Q330 Linear Phase Composite,EarthScope,fdsn,9
YR_2021,S105,YR,47.07692,-125.82344,-1664.0,2021-06-30 13:20:00.000,2021-07-08 19:33:00.000000,EDH EL1 EL2 ELZ (200 Hz),200.0,pressure+seismometer,HTI_90_U Hydrophone OBSIP-SIO/ABALONES | L28LB OBSIP-SIO Seismometer Differential/ABALONES,EarthScope,fdsn,8
YR_2021,S106,YR,47.09802,-125.59833,-1783.0,2021-06-30 12:35:00.000,2021-07-08 20:57:00.000000,EDH EL1 EL2 ELZ (200 Hz),200.0,pressure+seismometer,HTI_90_U Hydrophone OBSIP-SIO/ABALONES | L28LB OBSIP-SIO Seismometer Differential/ABALONES,EarthScope,fdsn,8
YR_2021,S107,YR,47.11884,-125.57293,-1717.0,2021-06-30 11:50:00.000,2021-07-08 22:25:59.000000,EDH EL1 EL2 ELZ (200 Hz),200.0,pressure+seismometer,HTI_90_U Hydrophone OBSIP-SIO/ABALONES | L28LB OBSIP-SIO Seismometer Differential/ABALONES,EarthScope,fdsn,8
YR_2021,S108,YR,47.1394,-125.44713,-1701.0,2021-06-30 00:00:00.000,2021-07-10 23:59:59.000000,EDH EL1 EL2 ELZ (200 Hz); LDH LL1 LL2 LLZ (1 Hz); VPB (0.1 Hz),200.0,pressure+seismometer,Geospace GS-11D/Quanterra Q330 Linear Phase Compos | HTI-90-U Hydrophone;/Quanterra Q330 Linear Phase C | Quanterra Q330 Linear Phase Composite,EarthScope,fdsn,10
YR_2021,S109,YR,47.159902,-125.321059,-1704.0,2021-06-30 09:55:00.000,2021-07-09 01:38:00.000000,EDH EL1 EL2 ELZ (200 Hz),200.0,pressure+seismometer,HTI_90_U Hydrophone OBSIP-SIO/ABALONES | L28LB OBSIP-SIO Seismometer Differential/ABALONES,EarthScope,fdsn,8
YR_2021,S110,YR,47.18019,-125.1957,-1483.0,2021-06-30 09:21:00.000,2021-07-09 03:04:59.000000,EDH EL1 EL2 ELZ (200 Hz),200.0,pressure+seismometer,HTI_90_U Hydrophone OBSIP-SIO/ABALONES | L28LB OBSIP-SIO Seismometer Differential/ABALONES,EarthScope,fdsn,8
YR_2021,S111,YR,47.200627,-125.069468,-1018.0,2021-06-30 08:28:00.000,2021-07-09 04:45:00.000000,EDH EL1 EL2 ELZ (200 Hz),200.0,pressure+seismometer,HTI_90_U Hydrophone OBSIP-SIO/ABALONES | L28LB OBSIP-SIO Seismometer Differential/ABALONES,EarthScope,fdsn,8
YR_2021,S112,YR,47.220813,-124.943206,-612.0,2021-06-30 00:00:00.000,2021-07-10 23:59:59.000000,EDH EL1 EL2 ELZ (200 Hz); LDH LL1 LL2 LLZ (1 Hz); VPB (0.1 Hz),200.0,pressure+seismometer,Geospace GS-11D/Quanterra Q330 Linear Phase Compos | HTI-90-U Hydrophone;/Quanterra Q330 Linear Phase C | Quanterra Q330 Linear Phase Composite,EarthScope,fdsn,10
YR_2021,S113,YR,47.240937,-124.816816,-586.0,2021-06-30 00:00:00.000,2021-07-10 23:59:59.000000,EDH EL1 EL2 ELZ (200 Hz); LDH LL1 LL2 LLZ (1 Hz); VPB (0.1 Hz),200.0,pressure+seismometer,Geospace GS-11D/Quanterra Q330 Linear Phase Compos | HTI-90-U Hydrophone;/Quanterra Q330 Linear Phase C | Quanterra Q330 Linear Phase Composite,EarthScope,fdsn,10
YR_2021,S114,YR,47.260635,-124.691251,-149.0,2021-06-30 00:00:00.000,2021-07-10 23:59:59.000000,EDH EL1 EL2 ELZ (200 Hz); LDH LL1 LL2 LLZ (1 Hz); VPB (0.1 Hz),200.0,pressure+seismometer,Geospace GS-11D/Quanterra Q330 Linear Phase Compos | HTI-90-U Hydrophone;/Quanterra Q330 Linear Phase C | Quanterra Q330 Linear Phase Composite,EarthScope,fdsn,10
YR_2021,S115,YR,44.49038,-125.44747,-2909.8,2021-06-20 00:00:00.000,2021-06-26 23:59:59.000000,EDH EL1 EL2 ELZ (200 Hz); LDH LL1 LL2 LLZ (1 Hz); VPB (0.1 Hz),200.0,pressure+seismometer,Geospace GS-11D/Quanterra Q330 Linear Phase Compos | HTI-90-U Hydrophone;/Quanterra Q330 Linear Phase C | Quanterra Q330 Linear Phase Composite,EarthScope,fdsn,6
YR_2021,S116,YR,44.481225,-125.33074,-2883.0,2021-06-20 10:48:00.000,2021-06-24 11:41:00.000000,EDH EL1 EL2 ELZ (200 Hz),200.0,pressure+seismometer,HTI_90_U Hydrophone OBSIP-SIO/ABALONES | L28LB OBSIP-SIO Seismometer Differential/ABALONES,EarthScope,fdsn,4
YR_2021,S117,YR,44.47243,-125.21467,-1422.0,2021-06-20 00:00:00.000,2021-06-25 23:59:59.000000,EDH EL1 EL2 ELZ (200 Hz); LDH LL1 LL2 LLZ (1 Hz); VPB (0.1 Hz),200.0,pressure+seismometer,Geospace GS-11D/Quanterra Q330 Linear Phase Compos | HTI-90-U Hydrophone;/Quanterra Q330 Linear Phase C | Quanterra Q330 Linear Phase Composite,EarthScope,fdsn,5
YR_2021,S118,YR,44.46344,-125.048135,-1157.0,2021-06-20 12:51:00.000,2021-06-24 14:21:59.000000,EDH EL1 EL2 ELZ (200 Hz),200.0,pressure+seismometer,HTI_90_U Hydrophone OBSIP-SIO/ABALONES | L28LB OBSIP-SIO Seismometer Differential/ABALONES,EarthScope,fdsn,4
YR_2021,S119,YR,44.45477,-124.98169,-820.2,2021-06-20 00:00:00.000,2021-06-25 23:59:59.000000,EDH EL1 EL2 ELZ (200 Hz); LDH LL1 LL2 LLZ (1 Hz); VPB (0.1 Hz),200.0,pressure+seismometer,Geospace GS-11D/Quanterra Q330 Linear Phase Compos | HTI-90-U Hydrophone;/Quanterra Q330 Linear Phase C | Quanterra Q330 Linear Phase Composite,EarthScope,fdsn,5
YR_2021,S120,YR,44.44512,-124.86561,-392.0,2021-06-20 14:13:00.000,2021-06-24 16:33:59.000000,EDH EL1 EL2 ELZ (200 Hz),200.0,pressure+seismometer,HTI_90_U Hydrophone OBSIP-SIO/ABALONES | L28LB OBSIP-SIO Seismometer Differential/ABALONES,EarthScope,fdsn,4
YS_2004,PL01,YS,20.0889,-154.617798,-5580.0,2005-01-05 00:00:00.000,2006-01-15 23:59:59.000000,BH1 BH2 BHZ (40 Hz); BDH (20 Hz); LDH LH1 LH2 LHZ (1 Hz),40.0,pressure+seismometer,Differential Pressure Gauge/Quanterra Q330 Linear | Guralp CMG3T_120sec WHOI OBSIP/Quanterra Q330 Line,EarthScope,fdsn,375
YS_2004,PL02,YS,20.499901,-154.9375,-5065.0,2005-01-06 00:00:00.000,2006-01-15 23:59:59.000000,BH1 BH2 BHZ (40 Hz); BDH (20 Hz); LDH LH1 LH2 LHZ (1 Hz),40.0,pressure+seismometer,Differential Pressure Gauge/Quanterra Q330 Linear | Guralp CMG3T_120sec WHOI OBSIP/Quanterra Q330 Line,EarthScope,fdsn,374
YS_2004,PL03,YS,21.2055,-155.679398,-5144.0,2005-01-06 00:00:00.000,2006-01-17 23:59:59.000000,BH1 BH2 BHZ (40 Hz); BDH (20 Hz); LDH LH1 LH2 LHZ (1 Hz),40.0,pressure+seismometer,Differential Pressure Gauge/Quanterra Q330 Linear | Guralp CMG3T_120sec WHOI OBSIP/Quanterra Q330 Line,EarthScope,fdsn,376
YS_2004,PL04,YS,22.289801,-155.595093,-4515.0,2005-01-09 04:38:00.000,2006-01-09 01:10:07.000000,BDH BH1 BH2 BHZ (31.25 Hz),31.25,pressure+seismometer,DPG_OBSIP pressure sensor/LCheapo 2000 Long Period | Nanometrics Trillium 40 Sec Response/LCheapo 2000,EarthScope,fdsn,364
YS_2004,PL05,YS,21.507,-154.9944,-5196.0,2005-01-07 00:00:00.000,2006-01-14 23:59:59.000000,BH1 BH2 BHZ (40 Hz); BDH (20 Hz); LDH LH1 LH2 LHZ (1 Hz),40.0,pressure+seismometer,Differential Pressure Gauge/Quanterra Q330 Linear | Guralp CMG3T_120sec WHOI OBSIP/Quanterra Q330 Line,EarthScope,fdsn,372
YS_2004,PL06,YS,21.0019,-154.482803,-5373.0,2005-01-09 23:19:00.000,2006-01-09 21:16:56.000000,BDH BH1 BH2 BHZ (31.25 Hz),31.25,pressure+seismometer,DPG_OBSIP pressure sensor/LCheapo 2000 Long Period | Nanometrics Trillium 40 Sec Response/LCheapo 2000,EarthScope,fdsn,364
YS_2004,PL07,YS,21.519699,-153.982697,-4912.0,2005-01-08 00:00:00.000,2006-01-15 23:59:59.000000,BH1 BH2 BHZ (40 Hz); BDH (20 Hz); LDH LH1 LH2 LHZ (1 Hz),40.0,pressure+seismometer,Differential Pressure Gauge/Quanterra Q330 Linear | Guralp CMG3T_120sec WHOI OBSIP/Quanterra Q330 Line,EarthScope,fdsn,372
YS_2004,PL08,YS,20.892599,-153.292099,-5157.0,2005-01-08 00:00:00.000,2006-01-15 23:59:59.000000,BH1 BH2 BHZ (40 Hz); BDH (20 Hz); LDH LH1 LH2 LHZ (1 Hz),40.0,pressure+seismometer,Differential Pressure Gauge/Quanterra Q330 Linear | Guralp CMG3T_120sec WHOI OBSIP/Quanterra Q330 Line,EarthScope,fdsn,372
YS_2004,PL10,YS,19.979099,-153.902405,-5336.0,2005-01-09 00:00:00.000,2006-01-15 23:59:59.000000,BH1 BH2 BHZ (40 Hz); BDH (20 Hz); LDH LH1 LH2 LHZ (1 Hz),40.0,pressure+seismometer,Differential Pressure Gauge/Quanterra Q330 Linear | Guralp CMG3T_120sec WHOI OBSIP/Quanterra Q330 Line,EarthScope,fdsn,371
YS_2004,PL11,YS,19.495199,-153.503204,-5181.0,2005-01-08 00:00:00.000,2006-01-17 23:59:59.000000,BH1 BH2 BHZ (40 Hz); BDH (20 Hz); LDH LH1 LH2 LHZ (1 Hz),40.0,pressure+seismometer,Differential Pressure Gauge/Quanterra Q330 Linear | Guralp CMG3T_120sec WHOI OBSIP/Quanterra Q330 Line,EarthScope,fdsn,374
YS_2004,PL12,YS,19.5063,-154.017105,-5385.0,2005-01-11 22:19:00.000,2006-01-13 21:20:00.000000,BDH BH1 BH2 BHZ (31.25 Hz),31.25,pressure+seismometer,DPG_OBSIP pressure sensor/LCheapo 2000 Long Period | Nanometrics Trillium 40 Sec Response/LCheapo 2000,EarthScope,fdsn,366
YS_2004,PL13,YS,19.262501,-154.393997,-5515.0,2005-01-11 00:00:00.000,2006-01-18 23:59:59.000000,BH1 BH2 BHZ (40 Hz); BDH (20 Hz); LDH LH1 LH2 LHZ (1 Hz),40.0,pressure+seismometer,Differential Pressure Gauge/Quanterra Q330 Linear | Guralp CMG3T_120sec WHOI OBSIP/Quanterra Q330 Line,EarthScope,fdsn,372
YS_2004,PL14,YS,18.7976,-153.992294,-5252.0,2005-01-11 00:00:00.000,2006-01-18 23:59:59.000000,BH1 BH2 BHZ (40 Hz); BDH (20 Hz); LDH LH1 LH2 LHZ (1 Hz),40.0,pressure+seismometer,Differential Pressure Gauge/Quanterra Q330 Linear | Guralp CMG3T_120sec WHOI OBSIP/Quanterra Q330 Line,EarthScope,fdsn,372
YS_2004,PL15,YS,18.8009,-153.295898,-5077.0,2005-01-12 00:00:00.000,2006-01-17 23:59:59.000000,BH1 BH2 BHZ (40 Hz); BDH (20 Hz); LDH LH1 LH2 LHZ (1 Hz),40.0,pressure+seismometer,Differential Pressure Gauge/Quanterra Q330 Linear | Guralp CMG3T_120sec WHOI OBSIP/Quanterra Q330 Line,EarthScope,fdsn,370
YS_2004,PL17,YS,18.4814,-152.132401,-5184.0,2005-01-11 00:00:00.000,2006-01-19 23:59:59.000000,BH1 BH2 BHZ (40 Hz); BDH (20 Hz); LDH LH1 LH2 LHZ (1 Hz),40.0,pressure+seismometer,Differential Pressure Gauge/Quanterra Q330 Linear | Guralp CMG3T_120sec WHOI OBSIP/Quanterra Q330 Line,EarthScope,fdsn,373
YS_2004,PL18,YS,17.9062,-153.290604,-4938.0,2005-01-12 00:00:00.000,2006-01-20 23:59:59.000000,BH1 BH2 BHZ (40 Hz); BDH (20 Hz); LDH LH1 LH2 LHZ (1 Hz),40.0,pressure+seismometer,Differential Pressure Gauge/Quanterra Q330 Linear | Guralp CMG3T_120sec WHOI OBSIP/Quanterra Q330 Line,EarthScope,fdsn,373
YS_2004,PL19,YS,16.711901,-153.407806,-5163.0,2005-01-16 01:26:00.000,2006-01-17 05:05:58.000000,BDH BH1 BH2 BHZ (31.25 Hz),31.25,pressure+seismometer,DPG_OBSIP pressure sensor/LCheapo 2000 Long Period | Nanometrics Trillium 40 Sec Response/LCheapo 2000,EarthScope,fdsn,366
YS_2004,PL20,YS,17.297501,-153.700806,-5120.0,2005-01-15 00:00:00.000,2006-01-21 23:59:59.000000,BH1 BH2 BHZ (40 Hz); BDH (20 Hz); LDH LH1 LH2 LHZ (1 Hz),40.0,pressure+seismometer,Differential Pressure Gauge/Quanterra Q330 Linear | Guralp CMG3T_120sec WHOI OBSIP/Quanterra Q330 Line,EarthScope,fdsn,371
YS_2004,PL21,YS,17.180099,-154.691299,-4993.0,2005-01-17 01:07:00.000,2006-01-17 16:44:59.000000,BDH BH1 BH2 BHZ (31.25 Hz),31.25,pressure+seismometer,DPG_OBSIP pressure sensor/LCheapo 2000 Long Period | Nanometrics Trillium 40 Sec Response/LCheapo 2000,EarthScope,fdsn,365
YS_2004,PL22,YS,17.9884,-154.030502,-5057.0,2005-01-15 00:00:00.000,2006-01-19 23:59:59.000000,BH1 BH2 BHZ (40 Hz); BDH (20 Hz); LDH LH1 LH2 LHZ (1 Hz),40.0,pressure+seismometer,Differential Pressure Gauge/Quanterra Q330 Linear | Guralp CMG3T_120sec WHOI OBSIP/Quanterra Q330 Line,EarthScope,fdsn,369
YS_2004,PL23,YS,18.401699,-154.495895,-5167.0,2005-01-14 00:00:00.000,2006-01-23 23:59:59.000000,BH1 BH2 BHZ (40 Hz); BDH (20 Hz); LDH LH1 LH2 LHZ (1 Hz),40.0,pressure+seismometer,Differential Pressure Gauge/Quanterra Q330 Linear | Guralp CMG3T_120sec WHOI OBSIP/Quanterra Q330 Line,EarthScope,fdsn,374
YS_2004,PL24,YS,18.803101,-154.797394,-5319.0,2005-01-14 00:00:00.000,2006-01-22 23:59:59.000000,BH1 BH2 BHZ (40 Hz); BDH (20 Hz); LDH LH1 LH2 LHZ (1 Hz),40.0,pressure+seismometer,Differential Pressure Gauge/Quanterra Q330 Linear | Guralp CMG3T_120sec WHOI OBSIP/Quanterra Q330 Line,EarthScope,fdsn,373
YS_2004,PL26,YS,17.9757,-155.002594,-4997.0,2005-01-16 00:00:00.000,2005-07-02 23:59:59.000000,BH1 BH2 BHZ (40 Hz); BDH (20 Hz); LDH LH1 LH2 LHZ (1 Hz),40.0,pressure+seismometer,Differential Pressure Gauge/Quanterra Q330 Linear | Guralp CMG3T_120sec WHOI OBSIP/Quanterra Q330 Line,EarthScope,fdsn,167
YS_2004,PL27,YS,18.000299,-155.714996,-5099.0,2005-01-16 00:00:00.000,2006-01-22 23:59:59.000000,BH1 BH2 BHZ (40 Hz); BDH (20 Hz); LDH LH1 LH2 LHZ (1 Hz),40.0,pressure+seismometer,Differential Pressure Gauge/Quanterra Q330 Linear | Guralp CMG3T_120sec WHOI OBSIP/Quanterra Q330 Line,EarthScope,fdsn,371
YS_2004,PL28,YS,17.6028,-156.499802,-4792.0,2005-01-18 00:28:00.000,2006-01-19 22:10:58.000000,BDH BH1 BH2 BHZ (31.25 Hz),31.25,pressure+seismometer,DPG_OBSIP pressure sensor/LCheapo 2000 Long Period | Nanometrics Trillium 40 Sec Response/LCheapo 2000,EarthScope,fdsn,366
YS_2004,PL29,YS,18.4042,-156.808197,-4627.0,2005-01-17 00:00:00.000,2006-01-24 23:59:59.000000,BH1 BH2 BHZ (40 Hz); BDH (20 Hz); LDH LH1 LH2 LHZ (1 Hz),40.0,pressure+seismometer,Differential Pressure Gauge/Quanterra Q330 Linear | Guralp CMG3T_120sec WHOI OBSIP/Quanterra Q330 Line,EarthScope,fdsn,372
YS_2004,PL30,YS,18.301001,-156.167007,-5091.0,2005-01-18 00:00:00.000,2006-01-24 23:59:59.000000,BH1 BH2 BHZ (40 Hz); BDH (20 Hz); LDH LH1 LH2 LHZ (1 Hz),40.0,pressure+seismometer,Differential Pressure Gauge/Quanterra Q330 Linear | Guralp CMG3T_120sec WHOI OBSIP/Quanterra Q330 Line,EarthScope,fdsn,371
YS_2004,PL31,YS,18.775,-156.465103,-4610.0,2005-01-18 00:00:00.000,2006-01-24 23:59:59.000000,BH1 BH2 BHZ (40 Hz); BDH (20 Hz); LDH LH1 LH2 LHZ (1 Hz),40.0,pressure+seismometer,Differential Pressure Gauge/Quanterra Q330 Linear | Guralp CMG3T_120sec WHOI OBSIP/Quanterra Q330 Line,EarthScope,fdsn,371
YS_2004,PL32,YS,18.9848,-157.227295,-4604.0,2005-01-19 01:00:00.000,2006-01-20 21:54:58.000000,BDH BH1 BH2 BHZ (31.25 Hz),31.25,pressure+seismometer,DPG_OBSIP pressure sensor/LCheapo 2000 Long Period | Nanometrics Trillium 40 Sec Response/LCheapo 2000,EarthScope,fdsn,366
YS_2004,PL33,YS,19.477699,-156.510101,-4707.0,2005-01-19 00:00:00.000,2006-01-24 23:59:59.000000,BH1 BH2 BHZ (40 Hz); BDH (20 Hz); LDH LH1 LH2 LHZ (1 Hz),40.0,pressure+seismometer,Differential Pressure Gauge/Quanterra Q330 Linear | Guralp CMG3T_120sec WHOI OBSIP/Quanterra Q330 Line,EarthScope,fdsn,370
YS_2004,PL34,YS,19.832701,-156.932007,-4748.0,2005-01-19 00:00:00.000,2006-01-24 23:59:59.000000,BH1 BH2 BHZ (40 Hz); BDH (20 Hz); LDH LH1 LH2 LHZ (1 Hz),40.0,pressure+seismometer,Differential Pressure Gauge/Quanterra Q330 Linear | Guralp CMG3T_120sec WHOI OBSIP/Quanterra Q330 Line,EarthScope,fdsn,370
YS_2004,PL35,YS,20.3461,-157.627594,-4650.0,2005-01-10 00:00:00.000,2006-01-24 23:59:59.000000,BH1 BH2 BHZ (40 Hz); BDH (20 Hz); LDH LH1 LH2 LHZ (1 Hz),40.0,pressure+seismometer,Differential Pressure Gauge/Quanterra Q330 Linear | Guralp CMG3T_120sec WHOI OBSIP/Quanterra Q330 Line,EarthScope,fdsn,379
YS_2004,PL36,YS,21.298401,-158.903,-4762.0,2006-04-11 00:00:00.000,2007-05-14 23:59:59.000000,BH1 BH2 BHZ (40 Hz); BDH (20 Hz); LDH LH1 LH2 LHZ (1 Hz),40.0,pressure+seismometer,Differential Pressure Gauge/Quanterra Q330 Linear | Guralp CMG3T_120sec WHOI OBSIP/Quanterra Q330 Line,EarthScope,fdsn,398
YS_2004,PL37,YS,19.8234,-160.047501,-4676.0,2006-04-12 00:00:00.000,2007-06-06 23:59:59.000000,BH1 BH2 BHZ (40 Hz); BDH (20 Hz); LDH LH1 LH2 LHZ (1 Hz),40.0,pressure+seismometer,Differential Pressure Gauge/Quanterra Q330 Linear | Guralp CMG3T_120sec WHOI OBSIP/Quanterra Q330 Line,EarthScope,fdsn,420
YS_2004,PL38,YS,19.9863,-162.025604,-4897.0,2006-04-15 13:56:00.000,2007-06-05 00:24:00.000000,BDH BH1 BH2 BHZ (31.25 Hz),31.25,pressure+seismometer,DPG_OBSIP pressure sensor/LCheapo 2000 Long Period | Nanometrics Trillium 240 Sec Response/LCheapo 2000,EarthScope,fdsn,415
YS_2004,PL39,YS,21.956301,-161.314896,-4543.0,2006-04-14 00:00:00.000,2007-05-14 23:59:59.000000,BH1 BH2 BHZ (40 Hz); BDH (20 Hz); LDH LH1 LH2 LHZ (1 Hz),40.0,pressure+seismometer,Differential Pressure Gauge/Quanterra Q330 Linear | Guralp CMG3T_120sec WHOI OBSIP/Quanterra Q330 Line,EarthScope,fdsn,395
YS_2004,PL40,YS,23.9972,-161.095001,-4691.0,2006-04-16 18:54:00.000,2007-05-13 06:53:58.000000,BDH BH1 BH2 BHZ (31.25 Hz),31.25,pressure+seismometer,DPG_OBSIP pressure sensor/LCheapo 2000 Long Period | Nanometrics Trillium 240 Sec Response/LCheapo 2000,EarthScope,fdsn,391
YS_2004,PL41,YS,24.573799,-158.933105,-4749.0,2006-04-16 00:00:00.000,2007-05-15 23:59:59.000000,BH1 BH2 BHZ (40 Hz); BDH (20 Hz); LDH LH1 LH2 LHZ (1 Hz),40.0,pressure+seismometer,Differential Pressure Gauge/Quanterra Q330 Linear | Guralp CMG3T_120sec WHOI OBSIP/Quanterra Q330 Line,EarthScope,fdsn,394
YS_2004,PL43,YS,26.776699,-155.765305,-5545.0,2006-04-18 00:00:00.000,2007-05-17 23:59:59.000000,BH1 BH2 BHZ (40 Hz); BDH (20 Hz); LDH LH1 LH2 LHZ (1 Hz),40.0,pressure+seismometer,Differential Pressure Gauge/Quanterra Q330 Linear | Guralp CMG3T_120sec WHOI OBSIP/Quanterra Q330 Line,EarthScope,fdsn,394
YS_2004,PL44,YS,25.5928,-152.765793,-5420.0,2006-04-18 00:00:00.000,2007-05-18 23:59:59.000000,BH1 BH2 BHZ (40 Hz); BDH (20 Hz); LDH LH1 LH2 LHZ (1 Hz),40.0,pressure+seismometer,Differential Pressure Gauge/Quanterra Q330 Linear | Guralp CMG3T_120sec WHOI OBSIP/Quanterra Q330 Line,EarthScope,fdsn,395
YS_2004,PL45,YS,24.2006,-154.811996,-4686.0,2006-04-19 00:00:00.000,2007-05-19 23:59:59.000000,BH1 BH2 BHZ (40 Hz); BDH (20 Hz); LDH LH1 LH2 LHZ (1 Hz),40.0,pressure+seismometer,Differential Pressure Gauge/Quanterra Q330 Linear | Guralp CMG3T_120sec WHOI OBSIP/Quanterra Q330 Line,EarthScope,fdsn,395
YS_2004,PL46,YS,24.312099,-156.9646,-4428.0,2006-04-20 00:00:00.000,2007-05-19 23:59:59.000000,BH1 BH2 BHZ (40 Hz); BDH (20 Hz); LDH LH1 LH2 LHZ (1 Hz),40.0,pressure+seismometer,Differential Pressure Gauge/Quanterra Q330 Linear | Guralp CMG3T_120sec WHOI OBSIP/Quanterra Q330 Line,EarthScope,fdsn,394
YS_2004,PL47,YS,22.620199,-158.185394,-4830.0,2006-04-22 19:25:00.000,2007-05-18 01:39:53.000000,BDH BH1 BH2 BHZ (31.25 Hz),31.25,pressure+seismometer,DPG_OBSIP pressure sensor/LCheapo 2000 Long Period | Nanometrics Trillium 240 Sec Response/LCheapo 2000,EarthScope,fdsn,390
YS_2004,PL48,YS,22.2999,-155.6362,-4528.0,2006-04-22 00:00:00.000,2007-05-20 23:59:59.000000,BH1 BH2 BHZ (40 Hz); BDH (20 Hz); LDH LH1 LH2 LHZ (1 Hz),40.0,pressure+seismometer,Differential Pressure Gauge/Quanterra Q330 Linear | Guralp CMG3T_120sec WHOI OBSIP/Quanterra Q330 Line,EarthScope,fdsn,393
YS_2004,PL49,YS,21.168699,-154.251801,-5173.0,2006-04-24 00:48:00.000,2007-05-19 05:35:59.000000,BDH BH1 BH2 BHZ (31.25 Hz),31.25,pressure+seismometer,DPG_OBSIP pressure sensor/LCheapo 2000 Long Period | Nanometrics Trillium 240 Sec Response/LCheapo 2000,EarthScope,fdsn,390
YS_2004,PL50,YS,22.319901,-152.742706,-5021.0,2006-04-24 00:00:00.000,2007-05-21 23:59:59.000000,BH1 BH2 BHZ (40 Hz); BDH (20 Hz); LDH LH1 LH2 LHZ (1 Hz),40.0,pressure+seismometer,Differential Pressure Gauge/Quanterra Q330 Linear | Guralp CMG3T_120sec WHOI OBSIP/Quanterra Q330 Line,EarthScope,fdsn,392
YS_2004,PL51,YS,23.684299,-151.695694,-5485.0,2006-04-25 00:00:00.000,2007-05-22 23:59:59.000000,BH1 BH2 BHZ (40 Hz); BDH (20 Hz); LDH LH1 LH2 LHZ (1 Hz),40.0,pressure+seismometer,Differential Pressure Gauge/Quanterra Q330 Linear | Guralp CMG3T_120sec WHOI OBSIP/Quanterra Q330 Line,EarthScope,fdsn,392
YS_2004,PL55,YS,18.3018,-152.981201,-5076.0,2006-04-28 00:00:00.000,2007-05-25 23:59:59.000000,BH1 BH2 BHZ (40 Hz); BDH (20 Hz); LDH LH1 LH2 LHZ (1 Hz),40.0,pressure+seismometer,Differential Pressure Gauge/Quanterra Q330 Linear | Guralp CMG3T_120sec WHOI OBSIP/Quanterra Q330 Line,EarthScope,fdsn,392
YS_2004,PL57,YS,18.9142,-150.914993,-5335.0,2006-04-29 00:00:00.000,2007-12-13 23:59:59.000000,BH1 BH2 BHZ (40 Hz); BDH (20 Hz); LDH LH1 LH2 LHZ (1 Hz),40.0,pressure+seismometer,Differential Pressure Gauge/Quanterra Q330 Linear | Guralp CMG3T_120sec WHOI OBSIP/Quanterra Q330 Line,EarthScope,fdsn,593
YS_2004,PL59,YS,16.989,-149.0009,-5374.0,2006-04-26 00:00:00.000,2007-12-14 23:59:59.000000,BH1 BH2 BHZ (40 Hz); BDH (20 Hz); LDH LH1 LH2 LHZ (1 Hz),40.0,pressure+seismometer,Differential Pressure Gauge/Quanterra Q330 Linear | Guralp CMG3T_120sec WHOI OBSIP/Quanterra Q330 Line,EarthScope,fdsn,597
YS_2004,PL61,YS,16.737801,-151.637604,-5186.0,2006-05-02 00:00:00.000,2007-05-26 23:59:59.000000,BH1 BH2 BHZ (40 Hz); BDH (20 Hz); LDH LH1 LH2 LHZ (1 Hz),40.0,pressure+seismometer,Differential Pressure Gauge/Quanterra Q330 Linear | Guralp CMG3T_120sec WHOI OBSIP/Quanterra Q330 Line,EarthScope,fdsn,389
YS_2004,PL62,YS,14.6891,-151.6866,-5765.0,2006-05-02 00:00:00.000,2007-05-30 23:59:59.000000,BH1 BH2 BHZ (40 Hz); BDH (20 Hz); LDH LH1 LH2 LHZ (1 Hz),40.0,pressure+seismometer,Differential Pressure Gauge/Quanterra Q330 Linear | Guralp CMG3T_120sec WHOI OBSIP/Quanterra Q330 Line,EarthScope,fdsn,393
YS_2004,PL63,YS,14.7313,-153.967499,-5603.0,2006-05-04 15:17:00.000,2007-05-28 11:20:59.000000,BDH BH1 BH2 BHZ (31.25 Hz),31.25,pressure+seismometer,DPG_OBSIP pressure sensor/LCheapo 2000 Long Period | Nanometrics Trillium 240 Sec Response/LCheapo 2000,EarthScope,fdsn,388
YS_2004,PL65,YS,17.315399,-153.868195,-5115.0,2006-05-04 00:00:00.000,2007-05-25 23:59:59.000000,BH1 BH2 BHZ (40 Hz); BDH (20 Hz); LDH LH1 LH2 LHZ (1 Hz),40.0,pressure+seismometer,Differential Pressure Gauge/Quanterra Q330 Linear | Guralp CMG3T_120sec WHOI OBSIP/Quanterra Q330 Line,EarthScope,fdsn,386
YS_2004,PL66,YS,17.614901,-156.387695,-4826.0,2006-05-05 00:00:00.000,2007-05-31 23:59:59.000000,BH1 BH2 BHZ (40 Hz); BDH (20 Hz); LDH LH1 LH2 LHZ (1 Hz),40.0,pressure+seismometer,Differential Pressure Gauge/Quanterra Q330 Linear | Guralp CMG3T_120sec WHOI OBSIP/Quanterra Q330 Line,EarthScope,fdsn,391
YS_2004,PL67,YS,16.162001,-156.206604,-5112.0,2006-05-08 15:10:00.000,2007-05-29 02:47:59.000000,BDH BH1 BH2 BHZ (31.25 Hz),31.25,pressure+seismometer,DPG_OBSIP pressure sensor/LCheapo 2000 Long Period | Nanometrics Trillium 240 Sec Response/LCheapo 2000,EarthScope,fdsn,385
YS_2004,PL68,YS,14.6596,-157.8591,-5637.0,2006-05-08 00:00:00.000,2007-06-01 23:59:59.000000,BH1 BH2 BHZ (40 Hz); BDH (20 Hz); LDH LH1 LH2 LHZ (1 Hz),40.0,pressure+seismometer,Differential Pressure Gauge/Quanterra Q330 Linear | Guralp CMG3T_120sec WHOI OBSIP/Quanterra Q330 Line,EarthScope,fdsn,389
YS_2004,PL69,YS,16.3484,-157.700806,-5365.0,2006-05-05 00:00:00.000,2007-06-01 23:59:59.000000,BH1 BH2 BHZ (40 Hz); BDH (20 Hz); LDH LH1 LH2 LHZ (1 Hz),40.0,pressure+seismometer,Differential Pressure Gauge/Quanterra Q330 Linear | Guralp CMG3T_120sec WHOI OBSIP/Quanterra Q330 Line,EarthScope,fdsn,392
YS_2004,PL70,YS,15.574,-158.982498,-5591.0,2006-05-09 15:28:00.000,2007-05-31 09:47:59.000000,BDH BH1 BH2 BHZ (31.25 Hz),31.25,pressure+seismometer,DPG_OBSIP pressure sensor/LCheapo 2000 Long Period | Nanometrics Trillium 240 Sec Response/LCheapo 2000,EarthScope,fdsn,386
YS_2004,PL71,YS,17.746901,-161.367599,-5601.0,2006-04-13 00:00:00.000,2007-06-03 23:59:59.000000,BH1 BH2 BHZ (40 Hz); BDH (20 Hz); LDH LH1 LH2 LHZ (1 Hz),40.0,pressure+seismometer,Differential Pressure Gauge/Quanterra Q330 Linear | Guralp CMG3T_120sec WHOI OBSIP/Quanterra Q330 Line,EarthScope,fdsn,416
YS_2004,PL73,YS,18.564699,-158.760193,-4686.0,2006-05-10 16:47:00.000,2007-06-02 20:02:57.000000,BDH BH1 BH2 BHZ (31.25 Hz),31.25,pressure+seismometer,DPG_OBSIP pressure sensor/LCheapo 2000 Long Period | Nanometrics Trillium 240 Sec Response/LCheapo 2000,EarthScope,fdsn,388
YS_2004,PL74,YS,20.3778,-158.179504,-4541.0,2006-05-09 00:00:00.000,2007-06-05 23:59:59.000000,BH1 BH2 BHZ (40 Hz); BDH (20 Hz); LDH LH1 LH2 LHZ (1 Hz),40.0,pressure+seismometer,Differential Pressure Gauge/Quanterra Q330 Linear | Guralp CMG3T_120sec WHOI OBSIP/Quanterra Q330 Line,EarthScope,fdsn,392
YV_2011,RR01,YV,-20.0069,55.423,-4298.0,2012-10-05 05:53:07.000,2013-11-06 23:08:27.000000,BDH BH1 BH2 BHZ (50 Hz),50.0,pressure+seismometer,Hydrophone | Seismometer,EPOSFR,fdsn,397
YV_2011,RR02,YV,-20.3392,54.4984,-4436.0,2012-10-03 16:34:32.000,2012-10-05 20:30:27.000000,BDH BH1 BH2 BHZ (50 Hz),50.0,pressure+seismometer,Hydrophone | Seismometer,EPOSFR,fdsn,2
YV_2011,RR03,YV,-21.3732,54.1294,-4340.0,2012-10-04 13:35:56.000,2013-11-05 23:22:46.000000,BDH BH1 BH2 BHZ (50 Hz),50.0,pressure+seismometer,Hydrophone | Seismometer,EPOSFR,fdsn,397
YV_2011,RR04,YV,-22.2553,55.3846,-4168.0,2012-10-04 13:04:55.000,2012-10-07 23:27:49.000000,BDH BH1 BH2 BHZ (50 Hz),50.0,pressure+seismometer,Hydrophone | Seismometer,EPOSFR,fdsn,3
YV_2011,RR05,YV,-21.6626,56.6676,-4092.0,2012-10-02 16:07:28.000,2013-11-03 00:35:38.000000,BDH BH1 BH2 BHZ (50 Hz),50.0,pressure+seismometer,Hydrophone | Seismometer,EPOSFR,fdsn,396
YV_2011,RR06,YV,-20.655,56.7639,-4216.0,2012-10-02 11:34:10.000,2013-10-31 20:50:31.000000,BDH BH1 BH2 BHZ (50 Hz),50.0,pressure+seismometer,Hydrophone | Seismometer,EPOSFR,fdsn,394
YV_2011,RR07,YV,-20.1945,59.4058,-4370.0,2012-09-29 10:44:16.000,2013-10-24 06:40:49.000000,BDH BH1 BH2 BHZ (50 Hz),50.0,pressure+seismometer,Hydrophone | Seismometer,EPOSFR,fdsn,389
YV_2011,RR08,YV,-19.9259,61.2907,-4190.0,2012-09-29 13:07:11.000,2013-10-24 19:42:36.000000,BDH BH1 BH2 BHZ (50 Hz),50.0,pressure+seismometer,Hydrophone | Seismometer,EPOSFR,fdsn,390
YV_2011,RR09,YV,-19.4924,64.4485,-2976.0,2012-09-30 04:14:57.000,2013-10-25 15:19:04.000000,BDH BH1 BH2 BHZ (50 Hz),50.0,pressure+seismometer,Hydrophone | Seismometer,EPOSFR,fdsn,390
YV_2011,RR10,YV,-19.6437,65.7558,-2310.0,2012-09-30 06:05:36.000,2013-10-26 00:15:42.000000,BDH BH1 BH2 BHZ (50 Hz),50.0,pressure+seismometer,Hydrophone | Seismometer,EPOSFR,fdsn,390
YV_2011,RR11,YV,-18.7784,65.4629,-3473.0,2012-09-30 09:17:25.000,2013-10-26 06:47:53.000000,BDH BH1 BH2 BHZ (50 Hz),50.0,pressure+seismometer,Hydrophone | Seismometer,EPOSFR,fdsn,390
YV_2011,RR12,YV,-18.9255,63.6474,-3185.0,2012-09-30 09:32:06.000,2013-10-26 18:39:40.000000,BDH BH1 BH2 BHZ (50 Hz),50.0,pressure+seismometer,Hydrophone | Seismometer,EPOSFR,fdsn,391
YV_2011,RR13,YV,-18.5427,60.5635,-4130.0,2012-10-01 05:42:21.000,2013-10-09 01:39:35.000000,BDH BH1 BH2 BHZ (50 Hz),50.0,pressure+seismometer,Hydrophone | Seismometer,EPOSFR,fdsn,372
YV_2011,RR14,YV,-17.8448,62.5299,-3420.0,2012-10-01 07:43:39.000,2013-10-27 05:11:43.000000,BDH BH1 BH2 BHZ (50 Hz),50.0,pressure+seismometer,Hydrophone | Seismometer,EPOSFR,fdsn,390
YV_2011,RR15,YV,-17.7402,58.333,-3959.0,2012-10-01 06:32:50.000,2012-10-04 07:29:46.000000,BDH BH1 BH2 BHZ (50 Hz),50.0,pressure+seismometer,Hydrophone | Seismometer,EPOSFR,fdsn,3
YV_2011,RR16,YV,-16.8976,56.5335,-4426.0,2012-10-01 09:09:13.000,2013-10-28 22:38:16.000000,BDH BH1 BH2 BHZ (50 Hz),50.0,pressure+seismometer,Hydrophone | Seismometer,EPOSFR,fdsn,392
YV_2011,RR17,YV,-19.0427,57.1322,-2205.0,2012-10-02 15:50:20.000,2013-10-23 15:41:08.000000,BDH BH1 BH2 BHZ (50 Hz),50.0,pressure+seismometer,Hydrophone | Seismometer,EPOSFR,fdsn,385
YV_2011,RR18,YV,-18.7504,54.8878,-4743.0,2012-10-05 06:07:29.000,2013-10-29 16:25:04.000000,BDH BH1 BH2 BHZ (50 Hz),50.0,pressure+seismometer,Hydrophone | Seismometer,EPOSFR,fdsn,389
YV_2011,RR19,YV,-19.85,53.3805,-4901.0,2012-10-08 15:38:52.000,2013-10-30 05:34:17.000000,BDH BH1 BH2 BHZ (50 Hz),50.0,pressure+seismometer,Hydrophone | Seismometer,EPOSFR,fdsn,386
YV_2011,RR20,YV,-18.4774,51.46,-4820.0,2012-10-05 08:52:36.000,2013-10-30 19:51:39.000000,BDH BH1 BH2 BHZ (50 Hz),50.0,pressure+seismometer,Hydrophone | Seismometer,EPOSFR,fdsn,390
YV_2011,RR21,YV,-20.4217,50.5599,-4782.0,2012-10-06 06:15:29.000,2013-10-31 13:29:22.000000,BDH BH1 BH2 BHZ (50 Hz),50.0,pressure+seismometer,Hydrophone | Seismometer,EPOSFR,fdsn,390
YV_2011,RR22,YV,-21.3007,52.4994,-4920.0,2012-10-08 15:49:42.000,2013-11-01 13:56:08.000000,BDH BH1 BH2 BHZ (50 Hz),50.0,pressure+seismometer,Hydrophone | Seismometer,EPOSFR,fdsn,388
YV_2011,RR23,YV,-22.329,50.4487,-4893.0,2012-10-08 16:54:32.000,2013-08-26 20:19:16.000000,BDH BH1 BH2 BHZ (50 Hz),50.0,pressure+seismometer,Hydrophone | Seismometer,EPOSFR,fdsn,322
YV_2011,RR24,YV,-25.6805,54.4881,-5074.0,2012-10-21 10:25:27.000,2013-08-10 08:03:14.000000,BDH BH1 BH2 BHZ (50 Hz),50.0,pressure+seismometer,Hydrophone | Seismometer,EPOSFR,fdsn,292
YV_2011,RR25,YV,-23.2662,56.7249,-4759.0,2012-10-02 16:29:10.000,2013-11-04 14:41:16.000000,BDH BH1 BH2 BHZ (50 Hz),50.0,pressure+seismometer,Hydrophone | Seismometer,EPOSFR,fdsn,397
YV_2011,RR26,YV,-23.2293,54.4698,-4259.0,2012-10-03 15:20:58.000,2013-11-02 07:24:09.000000,BDH BH1 BH2 BHZ (50 Hz),50.0,pressure+seismometer,Hydrophone | Seismometer,EPOSFR,fdsn,394
YV_2011,RR27,YV,-21.9657,54.2889,-4277.0,2012-10-03 16:17:52.000,2013-07-19 05:49:39.000000,BDH BH1 BH2 BHZ (50 Hz),50.0,pressure+seismometer,Hydrophone | Seismometer,EPOSFR,fdsn,288
YV_2011,RR28,YV,-22.715235,53.159453,-4550.0,2012-10-10 20:00:00.000,2013-11-13 01:03:09.000000,BDH BH1 BH2 BHZ (62.5 Hz),62.5,pressure+seismometer,DPG | Trillium240OBS,EPOSFR,fdsn,398
YV_2011,RR29,YV,-24.9657,51.7488,-4829.0,2012-10-11 09:59:59.000,2013-11-13 19:41:50.000000,BDH BH1 BH2 BHZ (62.5 Hz),62.5,pressure+seismometer,DPG | Trillium240OBS,EPOSFR,fdsn,398
YV_2011,RR30,YV,-26.4861,49.8917,-5140.0,2012-10-10 11:12:28.000,2013-10-08 17:26:49.000000,BDH BH1 BH2 BHZ (50 Hz),50.0,pressure+seismometer,Hydrophone | Seismometer,EPOSFR,fdsn,363
YV_2011,RR31,YV,-28.7648,48.1394,-2709.0,2012-11-30 01:11:00.000,2013-06-16 08:45:00.000000,BDH BH1 BH2 BHZ (62.5 Hz),62.5,pressure+seismometer,"DPG5004 with logger 21 (card #?),Cox-Webb Differen | T240OBS,Trillium240OBS",EPOSFR,fdsn,198
YV_2011,RR32,YV,-30.2903,49.5555,-4670.0,2012-10-12 06:41:23.000,2013-10-06 07:23:21.000000,BDH BH1 BH2 BHZ (50 Hz),50.0,pressure+seismometer,Hydrophone | Seismometer,EPOSFR,fdsn,359
YV_2011,RR33,YV,-31.117,50.6835,-4904.0,2012-10-12 05:56:25.000,2013-09-19 09:55:51.000000,BDH BH1 BH2 BHZ (50 Hz),50.0,pressure+seismometer,Hydrophone | Seismometer,EPOSFR,fdsn,342
YV_2011,RR34,YV,-32.0783,52.2114,-4265.0,2012-11-15 14:21:00.000,2013-06-23 01:36:00.000000,BDH BH1 BH2 BHZ (62.5 Hz),62.5,pressure+seismometer,DPG | Trillium240OBS,EPOSFR,fdsn,219
YV_2011,RR35,YV,-32.9694,54.1473,-4214.0,2012-10-12 10:10:09.000,2013-05-27 06:03:04.000000,BDH BH1 BH2 BHZ (50 Hz),50.0,pressure+seismometer,Hydrophone | Seismometer,EPOSFR,fdsn,226
YV_2011,RR36,YV,-33.7018,55.9578,-3560.0,2012-10-14 08:00:00.000,2013-11-17 20:56:20.000000,BDH BH1 BH2 BHZ (62.5 Hz),62.5,pressure+seismometer,DPG | Trillium240OBS,EPOSFR,fdsn,399
YV_2011,RR37,YV,-31.701,57.8876,-4036.0,2012-10-14 09:34:26.000,2013-10-19 06:55:31.000000,BDH BH2 BHZ (50 Hz),50.0,pressure+seismometer,Hydrophone | Seismometer,EPOSFR,fdsn,369
YV_2011,RR38,YV,-30.564957,59.685803,-4560.0,2012-10-15 11:00:00.000,2013-11-19 04:16:01.000000,BDH BH1 BH2 BHZ (62.5 Hz),62.5,pressure+seismometer,DPG | Trillium240OBS,EPOSFR,fdsn,399
YV_2011,RR39,YV,-29.0165,60.9755,-4700.0,2012-10-14 08:54:20.000,2013-06-07 11:08:00.000000,BDH BH1 BH2 BHZ (50 Hz),50.0,pressure+seismometer,Hydrophone | Seismometer,EPOSFR,fdsn,236
YV_2011,RR40,YV,-28.14609,63.301963,-4780.0,2012-10-16 06:00:00.000,2013-11-20 09:21:32.000000,BDH BH1 BH2 BHZ (62.5 Hz),62.5,pressure+seismometer,DPG | Trillium240OBS,EPOSFR,fdsn,400
YV_2011,RR41,YV,-27.733,65.3344,-5430.0,2012-10-15 09:34:54.000,2013-06-17 14:18:36.000000,BDH BH1 BH2 BHZ (100 Hz),100.0,pressure+seismometer,Hydrophone | Seismometer,EPOSFR,fdsn,245
YV_2011,RR42,YV,-27.6192,65.4376,-4771.0,2012-10-15 10:28:42.000,2013-08-10 22:19:53.000000,BDH BH1 BH2 BHZ (50 Hz),50.0,pressure+seismometer,Hydrophone | Seismometer,EPOSFR,fdsn,299
YV_2011,RR43,YV,-27.5338,65.5826,-4264.0,2012-10-15 11:49:27.000,2013-06-15 09:25:49.000000,BDH BH1 BH2 BHZ (100 Hz),100.0,pressure+seismometer,Hydrophone | Seismometer,EPOSFR,fdsn,242
YV_2011,RR44,YV,-27.5324,65.7481,-4548.0,2012-10-15 09:21:54.000,2013-06-03 08:19:12.000000,BDH BH1 BH2 BHZ (100 Hz),100.0,pressure+seismometer,Hydrophone | Seismometer,EPOSFR,fdsn,230
YV_2011,RR45,YV,-27.6581,65.6019,-2822.0,2012-10-15 12:14:01.000,2013-03-04 11:33:53.000000,BDH BH1 BH2 BHZ (100 Hz),100.0,pressure+seismometer,Hydrophone | Seismometer,EPOSFR,fdsn,139
YV_2011,RR46,YV,-27.7909,65.5835,-3640.0,2012-10-15 12:04:37.000,2013-05-26 19:58:57.000000,BDH BH1 BH2 BHZ (100 Hz),100.0,pressure+seismometer,Hydrophone | Seismometer,EPOSFR,fdsn,223
YV_2011,RR47,YV,-27.6958,65.7553,-4582.0,2012-10-16 05:13:40.000,2013-06-22 15:59:37.000000,BDH BH1 BH2 BHZ (100 Hz),100.0,pressure+seismometer,Hydrophone | Seismometer,EPOSFR,fdsn,249
YV_2011,RR48,YV,-27.5792,65.943,-4830.0,2012-10-16 05:04:36.000,2013-06-10 23:28:43.000000,BDH BH1 BH2 BHZ (100 Hz),100.0,pressure+seismometer,"CMG-40T,Seismometer | HTI-04-PCA/ULF,Hydrophone",EPOSFR,fdsn,237
YV_2011,RR49,YV,-26.2741,68.5354,-4444.0,2012-10-17 09:45:17.000,2013-11-06 04:07:27.000000,BDH BH1 BH2 BHZ (50 Hz),50.0,pressure+seismometer,Hydrophone | Seismometer,EPOSFR,fdsn,384
YV_2011,RR50,YV,-25.5182,70.0222,-4118.0,2012-10-18 03:00:00.000,2013-11-23 13:05:26.000000,BDH BH1 BH2 BHZ (62.5 Hz),62.5,pressure+seismometer,DPG | Trillium240OBS,EPOSFR,fdsn,401
YV_2011,RR51,YV,-22.9989,69.1911,-3463.0,2012-10-18 10:12:39.000,2013-01-03 18:15:15.000000,BDH BH1 BH2 BHZ (50 Hz),50.0,pressure+seismometer,Hydrophone | Seismometer,EPOSFR,fdsn,77
YV_2011,RR52,YV,-20.4723,68.1094,-2918.0,2012-10-19 09:00:00.000,2013-11-25 05:17:31.000000,BDH BH1 BH2 BHZ (62.5 Hz),62.5,pressure+seismometer,DPG | Trillium240OBS,EPOSFR,fdsn,401
YV_2011,RR53,YV,-20.1213,64.9664,-2940.0,2012-10-18 06:46:14.000,2013-10-30 10:28:57.000000,BDH BH1 BH2 BHZ (50 Hz),50.0,pressure+seismometer,Hydrophone | Seismometer,EPOSFR,fdsn,377
YV_2011,RR54,YV,-20.6424,63.5082,-3375.0,2012-10-19 11:49:27.000,2013-10-21 09:43:56.000000,BDH BH1 BH2 BHZ (50 Hz),50.0,pressure+seismometer,Hydrophone | Seismometer,EPOSFR,fdsn,366
YV_2011,RR55,YV,-21.4417,61.4959,-4462.0,2012-10-19 11:59:37.000,2013-11-08 17:02:35.000000,BDH BH1 BH2 BHZ (50 Hz),50.0,pressure+seismometer,Hydrophone | Seismometer,EPOSFR,fdsn,385
YV_2011,RR56,YV,-21.9694,59.5853,-4230.0,2012-10-20 18:27:45.000,2013-06-29 20:55:33.000000,BDH BH1 BH2 BHZ (50 Hz),50.0,pressure+seismometer,Hydrophone | Seismometer,EPOSFR,fdsn,252
YV_2011,RR57,YV,-24.7264,58.0496,-5200.0,2012-10-21 09:46:48.000,2013-10-31 18:56:14.000000,BDH BH1 BH2 BHZ (50 Hz),50.0,pressure+seismometer,Hydrophone | Seismometer,EPOSFR,fdsn,375
YY_2003,OBS02,YY,16.899799,146.550095,-3492.0,2003-06-21 01:00:00.000,2003-07-31 08:30:13.000000,HH1 HH2 HHZ (125 Hz); BH1 BH2 BHZ (40 Hz),125.0,seismometer,LDEO OBS Sensor Mk1/LDEO_Mariana at 40/125,EarthScope,fdsn,40
YY_2003,OBS06,YY,16.083401,145.165695,-3608.0,2003-06-23 01:00:00.000,2003-07-31 10:24:26.000000,BDH BH1 BH2 BHZ (40 Hz),40.0,pressure+seismometer,LDEO DPG  old used for Mariana2003/LDEO_Mariana at | LDEO OBS Sensor Mk1/LDEO_Mariana at 40/125,EarthScope,fdsn,38
YY_2003,OBS07,YY,16.4604,147.251907,-3224.0,2003-06-19 01:00:00.000,2003-07-30 22:35:13.000000,HH1 HH2 HHZ (125 Hz); BH1 BH2 BHZ (40 Hz),125.0,seismometer,LDEO OBS Sensor Mk1/LDEO_Mariana at 40/125,EarthScope,fdsn,41
YY_2003,OBS08,YY,16.520599,147.119095,-3541.0,2003-06-21 00:30:00.000,2004-05-12 02:00:02.000000,HDH HH1 HH2 HHZ (128 Hz); BDH BH1 BH2 BHZ (32 Hz),128.0,pressure+seismometer,LDEO DPG  old used for Mariana2003/LDEO_Mariana at | LDEO OBS Sensor Mk1/LDEO_Mariana at 32/128,EarthScope,fdsn,326
YY_2003,OBS09,YY,16.600201,147.249893,-3334.0,2003-06-21 00:30:00.000,2004-05-11 08:00:03.000000,HDH HH1 HH2 HHZ (128 Hz); BDH BH1 BH2 BHZ (32 Hz),128.0,pressure+seismometer,LDEO DPG  old used for Mariana2003/LDEO_Mariana at | LDEO OBS Sensor Mk1/LDEO_Mariana at 32/128,EarthScope,fdsn,325
YY_2003,OBS10,YY,17.561399,143.196396,-2418.0,2003-06-23 01:00:00.000,2003-08-10 04:30:35.000000,HH1 HH2 HHZ (125 Hz); BH1 BH2 BHZ (40 Hz),125.0,seismometer,LDEO OBS Sensor Mk1/LDEO_Mariana at 40/125,EarthScope,fdsn,48
YY_2003,OBS11,YY,17.6304,143.857605,-3889.0,2003-06-23 00:30:00.000,2003-08-10 04:14:22.000000,HH1 HH2 HHZ (125 Hz); BH1 BH2 BHZ (40 Hz),125.0,seismometer,LDEO OBS Sensor Mk1/LDEO_Mariana at 40/125,EarthScope,fdsn,48
YY_2003,OBS12,YY,17.678699,144.232193,-3948.0,2003-06-23 00:30:00.000,2003-06-29 23:59:00.000000,HH1 HH2 HHZ (125 Hz),125.0,seismometer,LDEO OBS Sensor Mk1/LDEO_Mariana at 40/125,EarthScope,fdsn,6
YY_2003,OBS14,YY,17.745001,144.780304,-3671.0,2003-06-23 00:30:00.000,2004-05-03 06:00:14.000000,HDH HH1 HH2 HHZ (128 Hz); BDH BH1 BH2 BHZ (32 Hz),128.0,pressure+seismometer,LDEO DPG  old used for Mariana2003/LDEO_Mariana at | LDEO OBS Sensor Mk1/LDEO_Mariana at 32/128,EarthScope,fdsn,315
YY_2003,OBS15,YY,17.7677,144.909393,-4152.0,2003-06-22 00:30:00.000,2003-07-31 23:05:49.000000,HH1 HH2 HHZ (125 Hz); BH1 BH2 BHZ (40 Hz),125.0,seismometer,LDEO OBS Sensor Mk1/LDEO_Mariana at 40/125,EarthScope,fdsn,39
YY_2003,OBS17,YY,17.803301,145.248901,-3595.0,2003-06-22 01:00:00.000,2003-07-31 23:05:54.000000,HH1 HH2 HHZ (125 Hz); BH1 BH2 BHZ (40 Hz),125.0,seismometer,LDEO OBS Sensor Mk1/LDEO_Mariana at 40/125,EarthScope,fdsn,39
YY_2003,OBS18,YY,17.8309,145.466705,-3244.0,2003-06-21 01:00:00.000,2003-07-31 08:29:38.000000,HH1 HH2 HHZ (125 Hz); BH1 BH2 BHZ (40 Hz),125.0,seismometer,LDEO OBS Sensor Mk1/LDEO_Mariana at 40/125,EarthScope,fdsn,40
YY_2003,OBS19,YY,17.8577,145.716904,-2882.0,2003-06-22 00:30:00.000,2004-05-07 23:59:00.000000,HDH HH1 HH2 HHZ (128 Hz); BDH BH1 BH2 BHZ (32 Hz),128.0,pressure+seismometer,LDEO DPG  old used for Mariana2003/LDEO_Mariana at | LDEO OBS Sensor Mk1/LDEO_Mariana at 32/128,EarthScope,fdsn,320
YY_2003,OBS20,YY,17.884899,145.951004,-2702.0,2003-06-22 01:00:00.000,2003-07-31 23:06:04.000000,HH1 HH2 HHZ (125 Hz); BH1 BH2 BHZ (40 Hz),125.0,seismometer,LDEO OBS Sensor Mk1/LDEO_Mariana at 40/125,EarthScope,fdsn,39
YY_2003,OBS21,YY,17.9114,146.185104,-2602.0,2003-06-21 01:00:00.000,2003-07-31 13:13:14.000000,HH1 HH2 HHZ (125 Hz); BH1 BH2 BHZ (40 Hz),125.0,seismometer,LDEO OBS Sensor Mk1/LDEO_Mariana at 40/125,EarthScope,fdsn,40
YY_2003,OBS23,YY,17.9659,146.716293,-3491.0,2003-06-20 00:30:00.000,2004-04-30 17:59:53.000000,HDH HH1 HH2 HHZ (128 Hz); BDH BH1 BH2 BHZ (32 Hz),128.0,pressure+seismometer,LDEO DPG  old used for Mariana2003/LDEO_Mariana at | LDEO OBS Sensor Mk1/LDEO_Mariana at 32/128,EarthScope,fdsn,315
YY_2003,OBS25,YY,18.0333,147.282501,-3723.0,2003-06-19 01:00:00.000,2003-07-31 23:59:00.000000,BH1 BH2 BHZ (40 Hz),40.0,seismometer,LDEO OBS Sensor Mk1/LDEO_Mariana at 40/125,EarthScope,fdsn,42
YY_2003,OBS26,YY,18.162399,148.497894,-5923.0,2003-06-19 01:00:00.000,2003-07-01 06:04:12.000000,BH1 BH2 BHZ (40 Hz),40.0,seismometer,LDEO OBS Sensor Mk1/LDEO_Mariana at 40/125,EarthScope,fdsn,12
YY_2003,OBS27,YY,17.888,144.744293,-3883.0,2003-06-23 01:00:00.000,2003-07-27 20:24:28.000000,HH1 HH2 HHZ (125 Hz); BH1 BH2 BHZ (40 Hz),125.0,seismometer,LDEO OBS Sensor Mk1/LDEO_Mariana at 40/125,EarthScope,fdsn,34
YY_2003,OBS28,YY,17.9158,144.841202,-4624.0,2003-06-23 00:30:00.000,2004-05-05 02:00:02.000000,HDH HH1 HH2 HHZ (128 Hz); BDH BH1 BH2 BHZ (32 Hz),128.0,pressure+seismometer,LDEO DPG  old used for Mariana2003/LDEO_Mariana at | LDEO OBS Sensor Mk1/LDEO_Mariana at 32/128,EarthScope,fdsn,317
YY_2003,OBS29,YY,17.922899,144.967194,-3740.0,2003-06-22 01:00:00.000,2003-08-01 03:49:07.000000,HH1 HH2 HHZ (125 Hz); BH1 BH2 BHZ (40 Hz),125.0,seismometer,LDEO OBS Sensor Mk1/LDEO_Mariana at 40/125,EarthScope,fdsn,40
YY_2003,OBS31,YY,18.060499,144.783493,-4386.0,2003-06-23 01:00:00.000,2003-07-31 23:34:21.000000,HH1 HH2 HHZ (125 Hz); BH1 BH2 BHZ (40 Hz),125.0,seismometer,LDEO OBS Sensor Mk1/LDEO_Mariana at 40/125,EarthScope,fdsn,38
YY_2003,OBS32,YY,18.0809,144.909805,-3565.0,2003-06-16 00:30:00.000,2004-05-05 02:00:02.000000,HDH HH1 HH2 HHZ (128 Hz); BDH BH1 BH2 BHZ (32 Hz),128.0,pressure+seismometer,LDEO DPG  old used for Mariana2003/LDEO_Mariana at | LDEO OBS Sensor Mk1/LDEO_Mariana at 32/128,EarthScope,fdsn,324
YY_2003,OBS33,YY,17.9072,144.199799,-3847.0,2003-06-12 01:00:00.000,2004-05-02 05:59:59.000000,HDH HH1 HH2 HHZ (128 Hz); BDH BH1 BH2 BHZ (32 Hz),128.0,pressure+seismometer,LDEO DPG  old used for Mariana2003/LDEO_Mariana at | LDEO OBS Sensor Mk1/LDEO_Mariana at 32/128,EarthScope,fdsn,325
YY_2003,OBS34,YY,17.940399,144.480896,-3880.0,2003-06-16 01:00:00.000,2003-07-30 16:12:51.000000,HH1 HH2 HHZ (125 Hz); BH1 BH2 BHZ (40 Hz),125.0,seismometer,LDEO OBS Sensor Mk1/LDEO_Mariana at 40/125,EarthScope,fdsn,44
YY_2003,OBS36,YY,18.0529,145.431702,-3176.0,2003-06-19 01:00:00.000,2004-05-08 23:59:00.000000,HH1 HH2 HHZ (128 Hz); BH1 BH2 BHZ (32 Hz),128.0,seismometer,LDEO OBS Sensor Mk1/LDEO_Mariana at 32/128,EarthScope,fdsn,324
YY_2003,OBS37,YY,18.134501,146.158203,-3034.0,2003-06-18 01:00:00.000,2003-07-31 07:05:04.000000,HH1 HH2 HHZ (125 Hz); BH1 BH2 BHZ (40 Hz),125.0,seismometer,LDEO OBS Sensor Mk1/LDEO_Mariana at 40/125,EarthScope,fdsn,43
YY_2003,OBS38,YY,18.1297,144.172501,-4154.0,2003-06-16 01:00:00.000,2003-07-30 11:19:13.000000,HH1 HH2 HHZ (125 Hz); BH1 BH2 BHZ (40 Hz),125.0,seismometer,LDEO OBS Sensor Mk1/LDEO_Mariana at 40/125,EarthScope,fdsn,44
YY_2003,OBS43,YY,18.276199,145.382401,-3338.0,2003-06-18 01:00:00.000,2003-07-31 07:05:19.000000,HH1 HH2 HHZ (125 Hz); BH1 BH2 BHZ (40 Hz),125.0,seismometer,LDEO OBS Sensor Mk1/LDEO_Mariana at 40/125,EarthScope,fdsn,43
YY_2003,OBS44,YY,18.3027,145.619095,-2585.0,2003-06-18 00:30:00.000,2004-05-08 05:59:16.000000,HDH HH1 HH2 HHZ (128 Hz); BDH BH1 BH2 BHZ (32 Hz),128.0,pressure+seismometer,LDEO DPG  old used for Mariana2003/LDEO_Mariana at | LDEO OBS Sensor Mk1/LDEO_Mariana at 32/128,EarthScope,fdsn,325
YY_2003,OBS45,YY,18.3311,145.900208,-2669.0,2003-06-18 01:00:00.000,2003-07-31 02:22:05.000000,HH1 HH2 HHZ (125 Hz); BH1 BH2 BHZ (40 Hz),125.0,seismometer,LDEO OBS Sensor Mk1/LDEO_Mariana at 40/125,EarthScope,fdsn,43
YY_2003,OBS47,YY,18.250099,145.769302,-1898.0,2003-06-18 00:30:00.000,2004-05-08 09:59:54.000000,HDH HH1 HH2 HHZ (128 Hz); BDH BH1 BH2 BHZ (32 Hz),128.0,pressure+seismometer,LDEO DPG  old used for Mariana2003/LDEO_Mariana at | LDEO OBS Sensor Mk1/LDEO_Mariana at 32/128,EarthScope,fdsn,325
YY_2003,OBS48,YY,18.1085,145.923004,-2247.0,2003-06-18 00:30:00.000,2004-05-09 02:00:22.000000,HDH HH1 HH2 HHZ (128 Hz); BDH BH1 BH2 BHZ (32 Hz),128.0,pressure+seismometer,LDEO DPG  old used for Mariana2003/LDEO_Mariana at | LDEO OBS Sensor Mk1/LDEO_Mariana at 32/128,EarthScope,fdsn,326
YY_2003,OBS49,YY,17.959499,145.798996,-2287.0,2003-06-22 00:30:00.000,2004-05-09 01:00:00.000000,HDH HH1 HH2 HHZ (128 Hz); BDH BH1 BH2 BHZ (32 Hz),128.0,pressure+seismometer,LDEO DPG  old used for Mariana2003/LDEO_Mariana at | LDEO OBS Sensor Mk1/LDEO_Mariana at 32/128,EarthScope,fdsn,322
YY_2003,OBS50,YY,18.0984,145.616104,-2339.0,2003-06-21 01:00:00.000,2003-07-31 13:12:58.000000,HH1 HH2 HHZ (125 Hz); BH1 BH2 BHZ (40 Hz),125.0,seismometer,LDEO OBS Sensor Mk1/LDEO_Mariana at 40/125,EarthScope,fdsn,40
YY_2003,OBS51,YY,18.349701,147.101303,-2757.0,2003-06-19 01:00:00.000,2003-07-31 08:29:24.000000,BH1 BH2 BHZ (40 Hz),40.0,seismometer,LDEO OBS Sensor Mk1/LDEO_Mariana at 40/125,EarthScope,fdsn,42
YY_2003,OBS52,YY,19.450399,145.600098,-2475.0,2003-06-17 01:00:00.000,2003-07-31 02:50:44.000000,BH1 BH2 BHZ (40 Hz),40.0,seismometer,LDEO OBS Sensor Mk1/LDEO_Mariana at 40/125,EarthScope,fdsn,44
YY_2003,OBS53,YY,18.7006,143.699295,-3656.0,2003-06-16 01:00:00.000,2003-07-30 11:19:37.000000,HH1 HH2 HHZ (125 Hz); BH1 BH2 BHZ (40 Hz),125.0,seismometer,LDEO OBS Sensor Mk1/LDEO_Mariana at 40/125,EarthScope,fdsn,44
YY_2003,OBS55,YY,19.4498,146.849701,-4735.0,2003-06-18 01:00:00.000,2003-07-31 03:18:52.000000,BDH BH1 BH2 BHZ (40 Hz),40.0,pressure+seismometer,LDEO DPG  old used for Mariana2003/LDEO_Mariana at | LDEO OBS Sensor Mk1/LDEO_Mariana at 40/125,EarthScope,fdsn,43
YY_2003,OBS57,YY,19.599899,143.400299,-4070.0,2003-06-16 01:00:00.000,2003-07-31 02:22:27.000000,BDH BH1 BH2 BHZ (40 Hz),40.0,pressure+seismometer,LDEO DPG  old used for Mariana2003/LDEO_Mariana at | LDEO OBS Sensor Mk1/LDEO_Mariana at 40/125,EarthScope,fdsn,45
Z3_2015,A401A,Z3,42.647,5.0198,-1619.0,2017-12-10 15:01:12.000,2018-02-16 01:31:56.000000,BDH BH1 BH2 BHZ (62.5 Hz),62.5,pressure+seismometer,"Differential Pressure Gauge [config: generic] | Trillium T240 seismometer, negative shorted to ground [config: serial numbers 1-399]",EPOSFR,fdsn,67
Z3_2015,A402A,Z3,42.87933,5.3005,-1632.0,2017-06-19 13:18:30.000,2018-02-16 21:10:40.000000,CDH CH1 CH2 CHZ (250 Hz),250.0,pressure+seismometer,Broadband Ocean Bottom Seismometer | Hydrophone,GEOFON,fdsn,242
Z3_2015,A404A,Z3,42.17825,5.019267,-2013.0,2017-06-19 13:12:39.000,2018-02-15 21:46:24.000000,CDH CH1 CH2 CHZ (250 Hz),250.0,pressure+seismometer,Broadband Ocean Bottom Seismometer | Hydrophone,GEOFON,fdsn,241
Z3_2015,A405A,Z3,42.411567,5.30365,-2192.0,2017-06-15 16:10:01.000,2018-02-15 22:49:12.000000,CDH CH1 CH2 CHZ (250 Hz),250.0,pressure+seismometer,Broadband Ocean Bottom Seismometer | Hydrophone,GEOFON,fdsn,245
Z3_2015,A406A,Z3,42.646667,5.856667,-2399.0,2017-06-22 15:24:15.000,2018-04-25 11:58:52.000000,CDH CH1 CH2 CHZ (250 Hz),250.0,pressure+seismometer,Broadband Ocean Bottom Seismometer | Hydrophone,GEOFON,fdsn,306
Z3_2015,A409A,Z3,43.348183,7.516717,-1981.0,2017-06-17 13:51:54.000,2018-02-17 11:07:34.000000,CDH CH1 CH2 CHZ (250 Hz),250.0,pressure+seismometer,Broadband Ocean Bottom Seismometer | Hydrophone,GEOFON,fdsn,244
Z3_2015,A410A,Z3,43.5866,8.0732,-2423.0,2017-05-27 00:00:00.000,2017-11-27 19:37:00.000000,HDH HH1 HH2 HHZ (100 Hz),100.0,pressure+seismometer,E-2PD High Pressure Hydrophone by OAS | TRILLIUM-Compact broad band triaxial sensor by Na,EPOSFR,fdsn,184
Z3_2015,A412A,Z3,41.647583,4.744833,-2519.0,2017-06-15 16:45:38.000,2018-02-12 09:54:14.000000,CDH CH1 CH2 CHZ (250 Hz),250.0,pressure+seismometer,Broadband Ocean Bottom Seismometer | Hydrophone,GEOFON,fdsn,241
Z3_2015,A413A,Z3,41.9422,5.3101,-2293.0,2017-06-23 12:00:00.000,2018-02-15 15:41:00.000000,BDH BH1 BH2 BHZ (62.5 Hz),62.5,pressure+seismometer,"Differential Pressure Gauge [config: generic] | Trillium T240 seismometer, negative shorted to ground [config: serial numbers 1-399]",EPOSFR,fdsn,237
Z3_2015,A414A,Z3,42.178267,5.858317,-2463.0,2017-06-15 13:54:54.000,2018-02-15 14:43:42.000000,CDH CH1 CH2 CHZ (250 Hz),250.0,pressure+seismometer,Broadband Ocean Bottom Seismometer | Hydrophone,GEOFON,fdsn,245
Z3_2015,A415A,Z3,42.4119,6.410933,-2595.0,2017-06-15 15:47:07.000,2018-02-16 13:41:47.000000,CDH CH1 CH2 CHZ (250 Hz),250.0,pressure+seismometer,Broadband Ocean Bottom Seismometer | Hydrophone,GEOFON,fdsn,245
Z3_2015,A416A,Z3,42.6479,6.9627,-2631.0,2017-06-26 10:00:00.000,2018-02-17 01:52:00.000000,BDH BH1 BH2 BHZ (62.5 Hz),62.5,pressure+seismometer,"Differential Pressure Gauge [config: generic] | Trillium T240 seismometer, negative shorted to ground [config: serial numbers 1-399]",EPOSFR,fdsn,235
Z3_2015,A417A,Z3,42.879617,7.517817,-2677.0,2017-06-17 13:44:02.000,2018-02-17 13:27:05.000000,CDH CH1 CH2 CHZ (250 Hz),250.0,pressure+seismometer,Broadband Ocean Bottom Seismometer | Hydrophone,GEOFON,fdsn,244
Z3_2015,A418A,Z3,42.999917,8.0709,-2632.0,2017-06-19 13:06:06.000,2018-02-17 16:08:09.000000,CDH CH1 CH2 CHZ (250 Hz),250.0,pressure+seismometer,Broadband Ocean Bottom Seismometer | Hydrophone,GEOFON,fdsn,243
Z3_2015,A419A,Z3,43.2913,8.602,-2585.0,2017-06-25 10:00:00.000,2018-02-19 04:27:00.000000,BDH BH1 BH2 BHZ (62.5 Hz),62.5,pressure+seismometer,"Differential Pressure Gauge [config: generic] | Trillium T240 seismometer, negative shorted to ground [config: serial numbers 1-399]",EPOSFR,fdsn,238
Z3_2015,A420A,Z3,43.453733,9.195483,-1354.0,2017-06-24 06:16:07.000,2018-02-20 07:23:14.000000,CDH CH1 CH2 CHZ (250 Hz),250.0,pressure+seismometer,Broadband Ocean Bottom Seismometer | Hydrophone,GEOFON,fdsn,241
Z3_2015,A421A,Z3,41.7153,5.849967,-2525.0,2017-06-16 06:52:36.000,2018-02-15 14:20:15.000000,CDH CH1 CH2 CHZ (250 Hz),250.0,pressure+seismometer,Broadband Ocean Bottom Seismometer | Hydrophone,GEOFON,fdsn,244
Z3_2015,A422A,Z3,41.9439,6.4101,-2545.0,2017-06-23 12:00:00.000,2018-02-23 00:15:00.000000,BDH BH1 BH2 BHZ (62.5 Hz),62.5,pressure+seismometer,"Differential Pressure Gauge [config: generic] | Trillium T240 seismometer, negative shorted to ground [config: serial numbers 1-399]",EPOSFR,fdsn,244
Z3_2015,A423A,Z3,42.1784,6.96405,-2706.0,2017-06-18 11:01:26.000,2018-02-16 16:46:08.000000,CDH CH1 CH2 CHZ (250 Hz),250.0,pressure+seismometer,Broadband Ocean Bottom Seismometer | Hydrophone,GEOFON,fdsn,243
Z3_2015,A425A,Z3,42.6478,8.0738,-2708.0,2017-06-24 11:00:00.000,2018-02-21 04:00:00.000000,BDH BH1 BH2 BHZ (62.5 Hz),62.5,pressure+seismometer,"Differential Pressure Gauge [config: generic] | Trillium T240 seismometer, negative shorted to ground [config: serial numbers 1-399]",EPOSFR,fdsn,241
Z3_2015,A428A,Z3,41.710233,6.963833,-2734.0,2017-06-16 07:14:51.000,2018-02-23 07:10:00.000000,CDH CH1 CH2 CHZ (250 Hz),250.0,pressure+seismometer,Broadband Ocean Bottom Seismometer | Hydrophone,GEOFON,fdsn,251
Z3_2015,A429A,Z3,41.9447,7.5188,-2766.0,2017-06-25 10:00:00.000,2018-02-22 17:09:00.000000,BDH BH1 BH2 BHZ (62.5 Hz),62.5,pressure+seismometer,"Differential Pressure Gauge [config: generic] | Trillium T240 seismometer, negative shorted to ground [config: serial numbers 1-399]",EPOSFR,fdsn,242
Z3_2015,A430A,Z3,42.1779,7.980917,-2752.0,2017-06-17 13:39:44.000,2018-02-16 21:03:17.000000,CDH CH1 CH2 CHZ (250 Hz),250.0,pressure+seismometer,Broadband Ocean Bottom Seismometer | Hydrophone,GEOFON,fdsn,244
Z3_2015,A434A,Z3,43.850317,9.229867,-1133.0,2017-06-24 06:08:35.000,2018-02-20 07:27:25.000000,CDH CH1 CH2 CHZ (250 Hz),250.0,pressure+seismometer,Broadband Ocean Bottom Seismometer | Hydrophone,GEOFON,fdsn,241
Z4_2012,CP01,Z4,-34.701801,-72.932297,-2442.0,2012-05-08 17:00:00.000,2013-03-16 17:31:00.000000,HDH (125 Hz),125.0,pressure,Parosci APG Pressure/LDEO_APG_logger,EarthScope,fdsn,312
Z4_2012,CP02,Z4,-34.586201,-73.293198,-3956.0,2012-05-09 17:40:00.000,2013-03-18 20:55:00.000000,HDH (125 Hz),125.0,pressure,Parosci APG Pressure/LDEO_APG_logger,EarthScope,fdsn,313
Z4_2012,CP03,Z4,-34.632801,-73.161102,-3311.0,2012-05-09 13:05:00.000,2013-03-18 17:29:00.000000,HDH (125 Hz),125.0,pressure,Parosci APG Pressure/LDEO_APG_logger,EarthScope,fdsn,313
Z4_2012,CP04,Z4,-34.671299,-73.037697,-2739.0,2012-05-08 20:45:00.000,2013-03-17 23:45:00.000000,HDH (125 Hz),125.0,pressure,Parosci APG Pressure/LDEO_APG_logger,EarthScope,fdsn,313
Z4_2012,CP06,Z4,-34.5457,-73.192497,-3667.0,2012-05-05 20:50:00.000,2013-03-17 16:08:00.000000,BDH BH1 BH2 BHZ (40 Hz),40.0,pressure+seismometer,LDEO DPG/LDEO_new dummy at 40/125/100 | LDEO OBS Sensor Mk2/LDEO_new dummy at 40/125/100,EarthScope,fdsn,315
Z4_2012,CP07,Z4,-34.588001,-73.067497,-2835.0,2012-05-06 00:30:00.000,2013-03-16 19:53:51.000000,BDH BH1 BH2 BHZ (40 Hz),40.0,pressure+seismometer,LDEO DPG/LDEO_new dummy at 40/125/100 | LDEO OBS Sensor Mk2/LDEO_new dummy at 40/125/100,EarthScope,fdsn,314
Z4_2012,CP08,Z4,-34.7537,-73.009804,-2469.0,2012-05-06 09:20:00.000,2013-03-16 11:26:47.000000,BDH BH1 BH2 BHZ (40 Hz),40.0,pressure+seismometer,LDEO DPG/LDEO_new dummy at 40/125/100 | LDEO OBS Sensor Mk2/LDEO_new dummy at 40/125/100,EarthScope,fdsn,314
Z4_2012,CP09,Z4,-34.673302,-73.254097,-3272.0,2012-05-06 06:40:00.000,2013-03-17 10:20:33.000000,BDH BH1 BH2 BHZ (40 Hz),40.0,pressure+seismometer,LDEO DPG/LDEO_new dummy at 40/125/100 | LDEO OBS Sensor Mk2/LDEO_new dummy at 40/125/100,EarthScope,fdsn,315
Z4_2012,CP10,Z4,-34.7146,-73.137299,-3022.0,2012-05-09 01:10:00.000,2013-03-17 01:12:00.000000,HDH (125 Hz),125.0,pressure,Parosci APG Pressure/LDEO_APG_logger,EarthScope,fdsn,312
Z5_2013,BB630,Z5,42.877399,-126.636902,-3340.0,2013-10-04 15:03:00.000,2014-07-29 23:41:59.000000,HDH HH1 HH2 HHZ (100 Hz),100.0,pressure+seismometer,Differential Pressure Gauge OBSIP-SIO/ABALONES-4x4 | Nanometrics Trillium 40 Single Sided/ABALONES-4x4,EarthScope,fdsn,298
Z5_2013,BB631,Z5,42.8787,-126.634399,-3320.0,2014-09-20 01:03:50.000,2015-04-18 15:42:45.000000,HDH HH1 HH2 HHZ (125 Hz),125.0,pressure+seismometer,Nanometrics Trillium Compact Response/LDEO OBS 201 | Parosci APG Pressure/LDEO_APG_logger,EarthScope,fdsn,210
Z5_2013,BB640,Z5,42.993,-127.302002,-2854.0,2013-10-04 09:54:00.000,2014-07-30 07:46:02.000000,HDH HH1 HH2 HHZ (100 Hz),100.0,pressure+seismometer,Differential Pressure Gauge OBSIP-SIO/ABALONES-4x4 | Nanometrics Trillium 240 Single-Sided/ABALONES-4x4,EarthScope,fdsn,298
Z5_2013,BB650,Z5,43.465199,-127.134697,-2947.0,2013-10-05 17:05:00.000,2014-07-29 12:56:58.000000,HDH HH1 HH2 HHZ (100 Hz),100.0,pressure+seismometer,Differential Pressure Gauge OBSIP-SIO/ABALONES-4x4 | Nanometrics Trillium 240 Single-Sided/ABALONES-4x4,EarthScope,fdsn,296
Z5_2013,BB660,Z5,43.426201,-127.792702,-2182.0,2013-10-03 14:39:00.000,2014-07-29 05:15:00.000000,HDH HH1 HH2 HHZ (100 Hz),100.0,pressure+seismometer,Differential Pressure Gauge OBSIP-SIO/ABALONES-4x4 | Nanometrics Trillium 240 Single-Sided/ABALONES-4x4,EarthScope,fdsn,298
Z5_2013,BB670,Z5,43.4669,-128.400299,-3269.0,2013-10-02 12:17:00.000,2014-07-28 22:09:59.000000,HDH HH1 HH2 HHZ (100 Hz),100.0,pressure+seismometer,Differential Pressure Gauge OBSIP-SIO/ABALONES-4x4 | Nanometrics Trillium 40 Single Sided/ABALONES-4x4,EarthScope,fdsn,299
Z5_2013,BB680,Z5,43.252499,-128.803497,-3253.0,2013-10-02 22:07:00.000,2014-07-28 08:37:57.000000,HDH HH1 HH2 HHZ (100 Hz),100.0,pressure+seismometer,Differential Pressure Gauge OBSIP-SIO/ABALONES-4x4 | Nanometrics Trillium 240 Single-Sided/ABALONES-4x4,EarthScope,fdsn,298
Z5_2013,BB690,Z5,43.851898,-128.436798,-2858.0,2013-09-24 06:36:00.000,2014-07-28 17:15:57.000000,HDH HH1 HH2 HHZ (100 Hz),100.0,pressure+seismometer,Differential Pressure Gauge OBSIP-SIO/ABALONES-4x4 | Nanometrics Trillium 240 Single-Sided/ABALONES-4x4,EarthScope,fdsn,307
Z5_2013,BB700,Z5,44.672401,-128.817307,-2800.0,2013-09-24 20:54:00.000,2014-07-26 03:58:00.000000,HDH HH1 HH2 HHZ (100 Hz),100.0,pressure+seismometer,Differential Pressure Gauge OBSIP-SIO/ABALONES-4x4 | Nanometrics Trillium 240 Single-Sided/ABALONES-4x4,EarthScope,fdsn,304
Z5_2013,BB710,Z5,44.171299,-129.142593,-2422.0,2013-09-25 06:34:00.000,2014-07-27 15:17:59.000000,HDH HH1 HH2 HHZ (100 Hz),100.0,pressure+seismometer,Differential Pressure Gauge OBSIP-SIO/ABALONES-4x4 | Nanometrics Trillium 40 Single Sided/ABALONES-4x4,EarthScope,fdsn,305
Z5_2013,BB711,Z5,44.1684,-129.1427,-2441.0,2014-07-27 09:10:00.000,2015-09-11 03:15:59.000000,HDH HH1 HH2 HHZ (100 Hz),100.0,pressure+seismometer,DPG OBSIP-SIO/ABALONES | T240 Single-Sided/ABALONES,EarthScope,fdsn,410
Z5_2013,BB720,Z5,43.749401,-129.413193,-3177.0,2013-10-01 12:53:00.000,2014-07-27 23:32:59.000000,HDH HH1 HH2 HHZ (100 Hz),100.0,pressure+seismometer,Differential Pressure Gauge OBSIP-SIO/ABALONES-4x4 | Nanometrics Trillium 240 Single-Sided/ABALONES-4x4,EarthScope,fdsn,299
Z5_2013,BB721,Z5,43.749901,-129.413696,-3170.0,2014-07-27 16:34:00.000,2015-09-11 07:07:59.000000,HDH HH1 HH2 HHZ (100 Hz),100.0,pressure+seismometer,DPG OBSIP-SIO/ABALONES | T240 Single-Sided/ABALONES,EarthScope,fdsn,410
Z5_2013,BB730,Z5,44.293098,-129.964996,-3337.0,2013-09-27 04:12:00.000,2014-07-27 07:32:59.000000,HDH HH1 HH2 HHZ (100 Hz),100.0,pressure+seismometer,Differential Pressure Gauge OBSIP-SIO/ABALONES-4x4 | Nanometrics Trillium 240 Single-Sided/ABALONES-4x4,EarthScope,fdsn,303
Z5_2013,BB740,Z5,44.062199,-130.503693,-3179.0,2013-09-26 23:07:00.000,2014-07-26 23:47:57.000000,HDH HH1 HH2 HHZ (100 Hz),100.0,pressure+seismometer,Differential Pressure Gauge OBSIP-SIO/ABALONES-4x4 | Nanometrics Trillium 240 Single-Sided/ABALONES-4x4,EarthScope,fdsn,303
Z5_2013,BB750,Z5,44.589802,-130.6577,-3010.0,2013-09-26 16:35:00.000,2014-07-26 18:17:56.000000,HDH HH1 HH2 HHZ (100 Hz),100.0,pressure+seismometer,Differential Pressure Gauge OBSIP-SIO/ABALONES-4x4 | Nanometrics Trillium 240 Single-Sided/ABALONES-4x4,EarthScope,fdsn,303
Z5_2013,BB830,Z5,44.024399,-127.631104,-2939.0,2014-07-25 12:24:00.000,2015-09-09 11:54:58.000000,HDH HH1 HH2 HHZ (100 Hz),100.0,pressure+seismometer,DPG OBSIP-SIO/ABALONES | T240 Single-Sided/ABALONES,EarthScope,fdsn,410
Z5_2013,BB840,Z5,43.425301,-128.033401,-3278.0,2014-07-28 22:53:00.000,2015-09-11 22:22:56.000000,BDH BH1 BH2 BHZ (50 Hz),50.0,pressure+seismometer,DPG OBSIP-SIO/ABALONES | T-compact OBS-SIO/ABALONES,EarthScope,fdsn,409
Z5_2013,BB850,Z5,44.533199,-128.046005,-2875.0,2014-07-25 20:43:00.000,2015-10-28 22:29:00.000000,BDH BH1 BH2 BHZ (50 Hz),50.0,pressure+seismometer,DPG OBSIP-SIO/ABALONES | T-compact OBS-SIO/ABALONES,EarthScope,fdsn,460
Z5_2013,BB870,Z5,44.045399,-130.101807,-3219.0,2014-07-27 00:49:00.000,2015-09-10 18:06:02.000000,BDH BH1 BH2 BHZ (50 Hz),50.0,pressure+seismometer,DPG OBSIP-SIO/ABALONES | T-compact OBS-SIO/ABALONES,EarthScope,fdsn,410
Z5_2013,BS611,Z5,42.834702,-126.011597,-2720.0,2014-08-04 19:14:00.000,2015-09-17 02:49:59.000000,EL1 EL2 ELZ HDH (100 Hz),100.0,pressure+seismometer,DPG OBSIP-SIO/ABALONES | L28LB OBSIP-SIO Seismometer Differential/ABALONES,EarthScope,fdsn,408
Z5_2013,BS620,Z5,43.2645,-126.488098,-2975.0,2013-10-12 06:29:00.000,2014-07-29 19:33:57.000000,EL1 EL2 ELZ HDH (100 Hz),100.0,pressure+seismometer,Differential Pressure Gauge OBSIP-SIO/ABALONES-4x4 | L28LB OBSIP-SIO Seismometer Differential/ABALONES-,EarthScope,fdsn,290
Z5_2013,BS641,Z5,42.9939,-127.302002,-2840.0,2014-07-30 00:24:00.000,2015-09-12 12:54:58.000000,EL1 EL2 ELZ HDH (100 Hz),100.0,pressure+seismometer,DPG OBSIP-SIO/ABALONES | L28LB OBSIP-SIO Seismometer Differential/ABALONES,EarthScope,fdsn,409
Z5_2013,BS810,Z5,43.217602,-126.709297,-2940.0,2014-07-29 14:01:00.000,2015-09-12 07:55:59.000000,EL1 EL2 ELZ HDH (100 Hz),100.0,pressure+seismometer,DPG OBSIP-SIO/ABALONES | L28LB OBSIP-SIO Seismometer Differential/ABALONES,EarthScope,fdsn,409
Z5_2013,BS820,Z5,43.579899,-127.361801,-2935.0,2014-07-29 06:32:00.000,2015-09-12 02:57:59.000000,EL1 EL2 ELZ HDH (100 Hz),100.0,pressure+seismometer,DPG OBSIP-SIO/ABALONES | L28LB OBSIP-SIO Seismometer Differential/ABALONES,EarthScope,fdsn,409
Z5_2013,GB030,Z5,42.356499,-125.857101,-2621.0,2013-11-03 01:00:00.000,2014-09-11 07:17:02.000000,HDH HH1 HH2 HHZ (100 Hz),100.0,pressure+seismometer,LDEO DPG 60 s corner/LDEO_new dummy at 40/125/100 | LDEO OBS Sensor Mk2/LDEO_new dummy at 40/125/100,EarthScope,fdsn,312
Z5_2013,GB050,Z5,42.474998,-126.902702,-3948.0,2013-10-13 01:00:00.000,2014-09-20 02:04:49.000000,HDH HH1 HH2 HHZ (100 Hz),100.0,pressure+seismometer,LDEO DPG 30 s corner/LDEO_new dummy at 40/125/100 | LDEO OBS Sensor Mk2/LDEO_new dummy at 40/125/100,EarthScope,fdsn,342
Z5_2013,GB080,Z5,41.9828,-125.307701,-3103.0,2013-11-01 01:00:00.000,2014-09-19 21:00:00.000000,HDH HH1 HH2 HHZ (100 Hz),100.0,pressure+seismometer,LDEO DPG 30 s corner/LDEO_new dummy at 40/125/100 | LDEO OBS Sensor Mk2/LDEO_new dummy at 40/125/100,EarthScope,fdsn,322
Z5_2013,GB100,Z5,42.026001,-126.585197,-3571.0,2013-11-03 01:00:00.000,2014-09-19 04:51:06.000000,HDH HH1 HH2 HHZ (100 Hz),100.0,pressure+seismometer,LDEO DPG 30 s corner/LDEO_new dummy at 40/125/100 | LDEO OBS Sensor Mk2/LDEO_new dummy at 40/125/100,EarthScope,fdsn,320
Z5_2013,GB101,Z5,42.0205,-126.587997,-3585.0,2014-08-08 20:31:00.000,2015-09-16 20:16:58.000000,BDH BH1 BH2 BHZ (50 Hz),50.0,pressure+seismometer,DPG OBSIP-SIO/ABALONES | T-compact OBS-SIO/ABALONES,EarthScope,fdsn,403
Z5_2013,GB111,Z5,41.9217,-127.1716,-3403.0,2014-07-31 13:34:00.000,2015-09-13 06:57:58.000000,HDH HH1 HH2 HHZ (100 Hz),100.0,pressure+seismometer,DPG OBSIP-SIO/ABALONES | T240 Single-Sided/ABALONES,EarthScope,fdsn,408
Z5_2013,GB130,Z5,41.409698,-124.689903,-1088.0,2013-10-31 01:00:00.000,2014-09-12 08:04:14.000000,HDH HH1 HH2 HHZ (100 Hz),100.0,pressure+seismometer,LDEO DPG 60 s corner/LDEO_new dummy at 40/125/100 | LDEO OBS Sensor Mk2/LDEO_new dummy at 40/125/100,EarthScope,fdsn,316
Z5_2013,GB170,Z5,41.5956,-127.424004,-3454.0,2013-11-02 01:00:00.000,2014-09-18 19:42:37.000000,HDH HH1 HH2 HHZ (100 Hz),100.0,pressure+seismometer,LDEO DPG 60 s corner/LDEO_new dummy at 40/125/100 | LDEO OBS Sensor Mk2/LDEO_new dummy at 40/125/100,EarthScope,fdsn,320
Z5_2013,GB171,Z5,41.597,-127.4254,-3469.0,2014-07-31 09:36:00.000,2015-09-13 23:59:59.000000,HDH HH1 HH2 HHZ (100 Hz),100.0,pressure+seismometer,DPG OBSIP-SIO/ABALONES | T240 Single-Sided/ABALONES,EarthScope,fdsn,409
Z5_2013,GB180,Z5,41.951401,-128.296295,-3185.0,2013-10-13 13:05:00.000,2014-07-31 02:12:59.000000,HDH HH1 HH2 HHZ (100 Hz),100.0,pressure+seismometer,Differential Pressure Gauge OBSIP-SIO/ABALONES-4x4 | Nanometrics Trillium 240 Single-Sided/ABALONES-4x4,EarthScope,fdsn,290
Z5_2013,GB210,Z5,41.337002,-126.055801,-3094.0,2013-11-02 01:00:00.000,2014-09-18 17:19:58.000000,HDH HH1 HH2 HHZ (100 Hz),100.0,pressure+seismometer,LDEO DPG 30 s corner/LDEO_new dummy at 40/125/100 | LDEO OBS Sensor Mk2/LDEO_new dummy at 40/125/100,EarthScope,fdsn,320
Z5_2013,GB220,Z5,41.073299,-126.914497,-2998.0,2013-10-16 01:00:00.000,2014-09-18 02:58:07.000000,HDH HH1 HH2 HHZ (100 Hz),100.0,pressure+seismometer,LDEO DPG 30 s corner/LDEO_new dummy at 40/125/100 | LDEO OBS Sensor Mk2/LDEO_new dummy at 40/125/100,EarthScope,fdsn,337
Z5_2013,GB230,Z5,41.127201,-127.430702,-3310.0,2013-10-15 01:00:00.000,2014-09-17 21:20:48.000000,HDH HH1 HH2 HHZ (100 Hz),100.0,pressure+seismometer,LDEO DPG 30 s corner/LDEO_new dummy at 40/125/100 | LDEO OBS Sensor Mk2/LDEO_new dummy at 40/125/100,EarthScope,fdsn,337
Z5_2013,GB260,Z5,40.975498,-125.221298,-3067.0,2013-11-01 01:00:00.000,2014-09-13 16:29:52.000000,HDH HH1 HH2 HHZ (100 Hz),100.0,pressure+seismometer,LDEO DPG 30 s corner/LDEO_new dummy at 40/125/100 | LDEO OBS Sensor Mk2/LDEO_new dummy at 40/125/100,EarthScope,fdsn,316
Z5_2013,GB281,Z5,41.0284,-126.089897,-3124.0,2014-08-11 07:52:00.000,2015-09-16 02:55:55.000000,BDH BH1 BH2 BHZ (50 Hz),50.0,pressure+seismometer,DPG OBSIP-SIO/ABALONES | T-compact OBS-SIO/ABALONES,EarthScope,fdsn,400
Z5_2013,GB320,Z5,40.396599,-125.912102,-2332.0,2013-10-17 01:00:00.000,2014-09-16 22:01:20.000000,HDH HH1 HH2 HHZ (100 Hz),100.0,pressure+seismometer,LDEO DPG 30 s corner/LDEO_new dummy at 40/125/100 | LDEO OBS Sensor Mk2/LDEO_new dummy at 40/125/100,EarthScope,fdsn,334
Z5_2013,GB321,Z5,40.3922,-125.911697,-2283.0,2014-08-02 16:05:00.000,2015-09-14 23:34:58.000000,HDH HH1 HH2 HHZ (100 Hz),100.0,pressure+seismometer,DPG OBSIP-SIO/ABALONES | T240 Single-Sided/ABALONES,EarthScope,fdsn,408
Z5_2013,GB330,Z5,40.511101,-126.5849,-3156.0,2013-10-16 01:00:00.000,2014-09-17 02:43:22.000000,HDH HH1 HH2 HHZ (100 Hz),100.0,pressure+seismometer,LDEO DPG 30 s corner/LDEO_new dummy at 40/125/100 | LDEO OBS Sensor Mk2/LDEO_new dummy at 40/125/100,EarthScope,fdsn,336
Z5_2013,GB331,Z5,40.513,-126.584,-3137.0,2014-08-11 14:12:00.000,2015-09-14 15:50:57.000000,BDH BH1 BH2 BHZ (50 Hz),50.0,pressure+seismometer,DPG OBSIP-SIO/ABALONES | T-compact OBS-SIO/ABALONES,EarthScope,fdsn,399
Z5_2013,GB340,Z5,40.3713,-127.442299,-1793.0,2013-10-16 01:00:00.000,2014-09-17 09:05:59.000000,HDH HH1 HH2 HHZ (100 Hz),100.0,pressure+seismometer,LDEO DPG 30 s corner/LDEO_new dummy at 40/125/100 | LDEO OBS Sensor Mk2/LDEO_new dummy at 40/125/100,EarthScope,fdsn,336
Z5_2013,GB341,Z5,40.372101,-127.442299,-1791.0,2014-08-01 12:21:00.000,2015-09-14 00:48:00.000000,HDH HH1 HH2 HHZ (100 Hz),100.0,pressure+seismometer,DPG OBSIP-SIO/ABALONES | T240 Single-Sided/ABALONES,EarthScope,fdsn,408
Z5_2013,GB350,Z5,40.861801,-128.111603,-3299.0,2013-10-15 01:00:00.000,2014-09-17 19:36:56.000000,HDH HH1 HH2 HHZ (100 Hz),100.0,pressure+seismometer,LDEO DPG 30 s corner/LDEO_new dummy at 40/125/100 | LDEO OBS Sensor Mk2/LDEO_new dummy at 40/125/100,EarthScope,fdsn,337
Z5_2013,GB360,Z5,39.879601,-124.730797,-1312.0,2013-10-31 01:00:00.000,2014-09-15 17:14:34.000000,HDH HH1 HH2 HHZ (100 Hz),100.0,pressure+seismometer,LDEO DPG 30 s corner/LDEO_new dummy at 40/125/100 | LDEO OBS Sensor Mk2/LDEO_new dummy at 40/125/100,EarthScope,fdsn,319
Z5_2013,GB380,Z5,40.059399,-126.162498,-4068.0,2013-10-16 14:53:00.000,2014-08-02 08:00:02.000000,HDH HH1 HH2 HHZ (100 Hz),100.0,pressure+seismometer,Differential Pressure Gauge OBSIP-SIO/ABALONES-4x4 | Nanometrics Trillium 240 Single-Sided/ABALONES-4x4,EarthScope,fdsn,289
Z5_2013,GS020,Z5,42.573502,-125.447998,-3105.0,2013-11-03 05:17:00.000,2014-08-05 07:57:00.000000,EL1 EL2 ELZ HDH (100 Hz),100.0,pressure+seismometer,Differential Pressure Gauge OBSIP-SIO/ABALONES-4x4 | L28LB OBSIP-SIO Seismometer Differential/ABALONES-,EarthScope,fdsn,275
Z5_2013,GS040,Z5,42.554699,-126.403099,-2851.0,2013-10-12 17:06:00.000,2014-08-04 18:00:00.000000,EL1 EL2 ELZ HDH (100 Hz),100.0,pressure+seismometer,Differential Pressure Gauge OBSIP-SIO/ABALONES-4x4 | L28LB OBSIP-SIO Seismometer Differential/ABALONES-,EarthScope,fdsn,296
Z5_2013,GS060,Z5,42.628799,-127.301598,-2821.0,2013-10-13 05:22:00.000,2014-07-30 13:34:58.000000,EL1 EL2 ELZ HDH (100 Hz),100.0,pressure+seismometer,Differential Pressure Gauge OBSIP-SIO/ABALONES-4x4 | L28LB OBSIP-SIO Seismometer Differential/ABALONES-,EarthScope,fdsn,290
Z5_2013,GS070,Z5,41.981098,-124.726898,-699.0,2013-10-31 05:30:00.000,2014-08-12 20:58:01.000000,EL1 EL2 ELZ HDH (100 Hz),100.0,pressure+seismometer,Differential Pressure Gauge OBSIP-SIO/ABALONES-4x4 | L28LB OBSIP-SIO Seismometer Differential/ABALONES-,EarthScope,fdsn,285
Z5_2013,GS090,Z5,42.001999,-125.981499,-2942.0,2013-11-02 17:33:00.000,2014-08-04 08:56:00.000000,EL1 EL2 ELZ HDH (100 Hz),100.0,pressure+seismometer,Differential Pressure Gauge OBSIP-SIO/ABALONES-4x4 | L28LB OBSIP-SIO Seismometer Differential/ABALONES-,EarthScope,fdsn,274
Z5_2013,GS110,Z5,41.9226,-127.171204,-3601.0,2013-11-02 06:10:00.000,2014-07-31 19:17:00.000000,EL1 EL2 ELZ HDH (100 Hz),100.0,pressure+seismometer,Differential Pressure Gauge OBSIP-SIO/ABALONES-4x4 | L28LB OBSIP-SIO Seismometer Differential/ABALONES-,EarthScope,fdsn,271
Z5_2013,GS120,Z5,42.216702,-127.604202,-2935.0,2013-10-13 10:05:00.000,2014-07-30 17:46:01.000000,EL1 EL2 ELZ HDH (100 Hz),100.0,pressure+seismometer,Differential Pressure Gauge OBSIP-SIO/ABALONES-4x4 | L28LB OBSIP-SIO Seismometer Differential/ABALONES-,EarthScope,fdsn,290
Z5_2013,GS150,Z5,41.6964,-126.360703,-2965.0,2013-11-01 15:30:00.000,2014-08-03 19:56:58.000000,EL1 EL2 ELZ HDH (100 Hz),100.0,pressure+seismometer,Differential Pressure Gauge OBSIP-SIO/ABALONES-4x4 | L28LB OBSIP-SIO Seismometer Differential/ABALONES-,EarthScope,fdsn,275
Z5_2013,GS240,Z5,41.428101,-128.055893,-3115.0,2013-10-13 20:49:00.000,2014-07-31 06:59:58.000000,EL1 EL2 ELZ HDH (100 Hz),100.0,pressure+seismometer,Differential Pressure Gauge OBSIP-SIO/ABALONES-4x4 | L28LB OBSIP-SIO Seismometer Differential/ABALONES-,EarthScope,fdsn,290
Z5_2013,GS261,Z5,40.9785,-125.213501,-3077.0,2014-08-10 20:29:00.000,2015-09-16 08:38:58.000000,EL1 EL2 ELZ HDH (100 Hz),100.0,pressure+seismometer,DPG OBSIP-SIO/ABALONES | L28LB OBSIP-SIO Seismometer Differential/ABALONES,EarthScope,fdsn,401
Z5_2013,GS270,Z5,40.785599,-125.556801,-3041.0,2013-11-01 01:50:00.000,2014-08-11 07:18:58.000000,EL1 EL2 ELZ HDH (100 Hz),100.0,pressure+seismometer,Differential Pressure Gauge OBSIP-SIO/ABALONES-4x4 | L28LB OBSIP-SIO Seismometer Differential/ABALONES-,EarthScope,fdsn,283
Z5_2013,GS280,Z5,41.0336,-126.093399,-3125.0,2013-11-01 06:33:00.000,2014-08-03 11:44:00.000000,EL1 EL2 ELZ HDH (100 Hz),100.0,pressure+seismometer,Differential Pressure Gauge OBSIP-SIO/ABALONES-4x4 | L28LB OBSIP-SIO Seismometer Differential/ABALONES-,EarthScope,fdsn,275
Z5_2013,GS300,Z5,40.7864,-126.468201,-3151.0,2013-10-15 20:47:00.000,2014-08-03 07:50:58.000000,EL1 EL2 ELZ HDH (100 Hz),100.0,pressure+seismometer,Differential Pressure Gauge OBSIP-SIO/ABALONES-4x4 | L28LB OBSIP-SIO Seismometer Differential/ABALONES-,EarthScope,fdsn,291
Z5_2013,GS311,Z5,40.455399,-125.132004,-2498.0,2014-08-02 14:23:00.000,2015-09-15 05:10:58.000000,EL1 EL2 ELZ HDH (100 Hz),100.0,pressure+seismometer,DPG OBSIP-SIO/ABALONES | L28LB OBSIP-SIO Seismometer Differential/ABALONES,EarthScope,fdsn,408
Z5_2013,GS400,Z5,40.141602,-127.822998,-4510.0,2013-10-14 18:04:00.000,2014-08-01 19:50:01.000000,EL1 EL2 ELZ HDH (100 Hz),100.0,pressure+seismometer,Differential Pressure Gauge OBSIP-SIO/ABALONES-4x4 | L28LB OBSIP-SIO Seismometer Differential/ABALONES-,EarthScope,fdsn,291
Z6_2004,OH01,Z6,-8.4935,109.4506,-2213.0,2004-05-02 00:00:00.000,2004-10-02 00:00:00.000000,BHE BHN BHZ (50 Hz),50.0,seismometer,GFZ:Z62004:OBH/Kiel/g=2000,GEOFON,fdsn,153
Z6_2004,OH03,Z6,-9.8368,110.0433,-1853.0,2004-05-02 00:00:00.000,2004-10-02 00:00:00.000000,BHE BHN BHZ (50 Hz),50.0,seismometer,GFZ:Z62004:OBH/Kiel/g=2000,GEOFON,fdsn,153
Z6_2004,OH04,Z6,-9.8535,110.7715,-2908.0,2004-05-02 00:00:00.000,2004-10-03 00:00:00.000000,BHE BHN BHZ (50 Hz),50.0,seismometer,GFZ:Z62004:OBH/Kiel/g=2000,GEOFON,fdsn,154
Z6_2004,OH05,Z6,-9.7629,111.1027,-2824.0,2004-05-02 00:00:00.000,2004-10-03 00:00:00.000000,BHE BHN BHZ (50 Hz),50.0,seismometer,GFZ:Z62004:OBH/Kiel/g=2000,GEOFON,fdsn,154
Z6_2004,OH10,Z6,-8.9728,110.3593,-1696.0,2004-05-03 00:00:00.000,2004-10-03 00:00:00.000000,BHE BHN BHZ (50 Hz),50.0,seismometer,GFZ:Z62004:OBH/Kiel/g=2000,GEOFON,fdsn,153
Z6_2004,OH11,Z6,-9.0587,110.7899,-3224.0,2004-05-03 00:00:00.000,2004-10-03 00:00:00.000000,BHE BHN BHZ (50 Hz),50.0,seismometer,GFZ:Z62004:OBH/Kiel/g=2000,GEOFON,fdsn,153
Z6_2004,OH12,Z6,-9.0556,111.3758,-2474.0,2004-05-03 00:00:00.000,2004-10-03 00:00:00.000000,BHE BHN BHZ (50 Hz),50.0,seismometer,GFZ:Z62004:OBH/Kiel/g=2000,GEOFON,fdsn,153
Z6_2004,OH13,Z6,-8.7687,111.0262,-1133.0,2004-05-03 00:00:00.000,2004-10-03 00:00:00.000000,BHE BHN BHZ (50 Hz),50.0,seismometer,GFZ:Z62004:OBH/Kiel/g=2000,GEOFON,fdsn,153
Z6_2004,OH14,Z6,-8.6346,110.3765,-1093.0,2004-05-03 00:00:00.000,2004-10-03 00:00:00.000000,BHE BHN BHZ (50 Hz),50.0,seismometer,GFZ:Z62004:OBH/Kiel/g=2000,GEOFON,fdsn,153
Z6_2004,OS02,Z6,-9.1901,109.5366,-3135.0,2004-05-02 00:00:00.000,2004-10-02 00:00:00.000000,BHE BHN BHZ (50 Hz),50.0,seismometer,GFZ:Z62004:OBS/Kiel/g=2000,GEOFON,fdsn,153
Z6_2004,OS06,Z6,-9.4519,111.2433,-2913.0,2004-05-02 00:00:00.000,2004-10-02 00:00:00.000000,BHE BHN BHZ (50 Hz),50.0,seismometer,GFZ:Z62004:OBS/Kiel/g=2000,GEOFON,fdsn,153
Z6_2004,OS07,Z6,-9.5096,110.722,-987.0,2004-05-02 00:00:00.000,2004-10-02 00:00:00.000000,BHE BHN BHZ (50 Hz),50.0,seismometer,GFZ:Z62004:OBS/Kiel/g=2000,GEOFON,fdsn,153
Z6_2004,OS08,Z6,-9.4403,110.1685,-1224.0,2004-05-02 00:00:00.000,2004-10-02 00:00:00.000000,BHE BHN BHZ (50 Hz),50.0,seismometer,GFZ:Z62004:OBS/Kiel/g=2000,GEOFON,fdsn,153
Z6_2004,OS09,Z6,-9.1522,110.0287,-3302.0,2004-05-02 00:00:00.000,2004-10-02 00:00:00.000000,BHE BHN BHZ (50 Hz),50.0,seismometer,GFZ:Z62004:OBS/Kiel/g=2000,GEOFON,fdsn,153
Z6_2009,01,Z6,27.766001,149.092804,-5982.0,2009-10-19 20:50:00.000,2010-11-01 16:04:59.000000,BDH BH1 BH2 BHZ (50 Hz),50.0,pressure+seismometer,DPG_OBSIP pressure sensor/LCheapo 2000 4x4 Long Pe | Nanometrics Trillium 240 Sec Response/LCheapo 2000,EarthScope,fdsn,377
Z6_2009,03,Z6,27.441799,150.326599,-5983.0,2009-10-20 20:28:00.000,2010-11-01 22:56:37.000000,BDH BH1 BH2 BHZ (50 Hz),50.0,pressure+seismometer,DPG_OBSIP pressure sensor/LCheapo 2000 4x4 Long Pe | Nanometrics Trillium 40 Sec Response/LCheapo 2000,EarthScope,fdsn,377
Z6_2009,04,Z6,28.049101,149.707993,-6249.0,2009-10-21 03:28:00.000,2010-11-01 22:56:37.000000,BDH BH1 BH2 BHZ (50 Hz),50.0,pressure+seismometer,DPG_OBSIP pressure sensor/LCheapo 2000 4x4 Long Pe | Nanometrics Trillium 40 Sec Response/LCheapo 2000,EarthScope,fdsn,376
Z6_2009,06,Z6,28.2738,150.554199,-5964.0,2009-10-22 02:35:00.000,2010-10-31 09:30:59.000000,BDH BH1 BH2 BHZ (50 Hz),50.0,pressure+seismometer,DPG_OBSIP pressure sensor/LCheapo 2000 4x4 Long Pe | Nanometrics Trillium 240 Sec Response/LCheapo 2000,EarthScope,fdsn,374
Z6_2009,07,Z6,28.723801,150.995407,-5898.0,2009-10-22 05:45:00.000,2010-10-31 16:34:00.000000,BDH BH1 BH2 BHZ (50 Hz),50.0,pressure+seismometer,DPG_OBSIP pressure sensor/LCheapo 2000 4x4 Long Pe | Nanometrics Trillium 240 Sec Response/LCheapo 2000,EarthScope,fdsn,374
Z6_2009,08L,Z6,27.813601,151.491699,-5906.0,2009-10-23 08:44:53.000,2010-10-30 00:01:10.000000,BH1 BH2 BHZ (40 Hz),40.0,seismometer,LDEO OBS Sensor Mk2/LDEO_new dummy at 40/125,EarthScope,fdsn,371
Z6_2009,10,Z6,28.929701,154.490906,-6002.0,2009-10-23 22:46:00.000,2010-10-29 15:55:58.000000,BDH BH1 BH2 BHZ (50 Hz),50.0,pressure+seismometer,DPG_OBSIP pressure sensor/LCheapo 2000 4x4 Long Pe | Nanometrics Trillium 240 Sec Response/LCheapo 2000,EarthScope,fdsn,370
Z6_2009,11,Z6,29.7521,154.237198,-5836.0,2009-10-24 02:12:00.000,2010-10-29 06:56:58.000000,BDH BH1 BH2 BHZ (50 Hz),50.0,pressure+seismometer,DPG_OBSIP pressure sensor/LCheapo 2000 4x4 Long Pe | Nanometrics Trillium 240 Sec Response/LCheapo 2000,EarthScope,fdsn,370
Z6_2009,13,Z6,29.351299,155.244003,-5750.0,2009-10-26 21:24:00.000,2010-10-28 08:43:59.000000,BDH BH1 BH2 BHZ (50 Hz),50.0,pressure+seismometer,DPG_OBSIP pressure sensor/LCheapo 2000 4x4 Long Pe | Nanometrics Trillium 240 Sec Response/LCheapo 2000,EarthScope,fdsn,366
Z6_2009,15,Z6,28.492201,155.239197,-6156.0,2009-10-27 14:36:00.000,2010-10-27 19:28:00.000000,BDH BH1 BH2 BHZ (50 Hz),50.0,pressure+seismometer,DPG_OBSIP pressure sensor/LCheapo 2000 4x4 Long Pe | Nanometrics Trillium 40 Sec Response/LCheapo 2000,EarthScope,fdsn,365
Z6_2009,16,Z6,27.7988,155.108505,-5665.0,2009-10-27 23:35:00.000,2010-10-27 09:23:00.000000,BDH BH1 BH2 BHZ (50 Hz),50.0,pressure+seismometer,DPG_OBSIP pressure sensor/LCheapo 2000 4x4 Long Pe | Nanometrics Trillium 240 Sec Response/LCheapo 2000,EarthScope,fdsn,364
Z6_2018,KSFA,Z6,19.1202,-155.3389,-1540.0,2018-07-09 22:23:00.000,2018-09-15 20:27:00.666000,EDH EL1 EL2 ELZ (200 Hz),200.0,pressure+seismometer,HTI_90_U Hydrophone OBSIP-SIO/ABALONES | L28LB OBSIP-SIO Seismometer Differential/ABALONES,EarthScope,fdsn,67
Z6_2018,KSFB,Z6,19.1358,-155.1632,-1811.0,2018-07-10 03:18:00.000,2018-09-15 22:34:59.992700,EDH EL1 EL2 ELZ (200 Hz),200.0,pressure+seismometer,HTI_90_U Hydrophone OBSIP-SIO/ABALONES | L28LB OBSIP-SIO Seismometer Differential/ABALONES,EarthScope,fdsn,67
Z6_2018,KSFD,Z6,19.2632,-154.9797,-2200.0,2018-07-10 15:17:00.000,2018-09-16 05:02:00.216000,EDH EL1 EL2 ELZ (200 Hz),200.0,pressure+seismometer,HTI_90_U Hydrophone OBSIP-SIO/ABALONES | L28LB OBSIP-SIO Seismometer Differential/ABALONES,EarthScope,fdsn,67
Z6_2018,KSFE,Z6,19.2526,-154.886,-3100.0,2018-07-10 18:39:00.000,2018-09-16 06:59:00.667000,EDH EL1 EL2 ELZ (200 Hz),200.0,pressure+seismometer,HTI_90_U Hydrophone OBSIP-SIO/ABALONES | L28LB OBSIP-SIO Seismometer Differential/ABALONES,EarthScope,fdsn,67
Z6_2018,KSFF,Z6,19.2321,-154.8717,-3300.0,2018-07-10 21:56:00.000,2018-09-16 08:40:00.270900,EDH EL1 EL2 ELZ (200 Hz),200.0,pressure+seismometer,HTI_90_U Hydrophone OBSIP-SIO/ABALONES | L28LB OBSIP-SIO Seismometer Differential/ABALONES,EarthScope,fdsn,67
Z6_2018,KSFG,Z6,19.2135,-154.8496,-3800.0,2018-07-10 23:14:00.000,2018-09-16 10:26:59.787500,EDH EL1 EL2 ELZ (200 Hz),200.0,pressure+seismometer,HTI_90_U Hydrophone OBSIP-SIO/ABALONES | L28LB OBSIP-SIO Seismometer Differential/ABALONES,EarthScope,fdsn,67
Z6_2018,KSFH,Z6,19.1945,-154.8263,-4800.0,2018-07-11 02:43:00.000,2018-09-16 12:32:00.432000,EDH EL1 EL2 ELZ (200 Hz),200.0,pressure+seismometer,HTI_90_U Hydrophone OBSIP-SIO/ABALONES | L28LB OBSIP-SIO Seismometer Differential/ABALONES,EarthScope,fdsn,67
Z6_2018,KSFI,Z6,19.2522,-154.7067,-5000.0,2018-07-11 17:53:00.000,2018-09-16 15:18:00.233600,EDH EL1 EL2 ELZ (200 Hz),200.0,pressure+seismometer,HTI_90_U Hydrophone OBSIP-SIO/ABALONES | L28LB OBSIP-SIO Seismometer Differential/ABALONES,EarthScope,fdsn,66
Z6_2018,KSFK,Z6,19.4684,-154.7273,-2000.0,2018-07-12 01:38:00.000,2018-09-16 20:01:59.891500,EDH EL1 EL2 ELZ (200 Hz),200.0,pressure+seismometer,HTI_90_U Hydrophone OBSIP-SIO/ABALONES | L28LB OBSIP-SIO Seismometer Differential/ABALONES,EarthScope,fdsn,66
Z6_2018,KSFL,Z6,19.53,-154.7498,-700.0,2018-07-12 04:31:00.000,2018-09-16 21:06:00.820000,EDH EL1 EL2 ELZ (200 Hz),200.0,pressure+seismometer,HTI_90_U Hydrophone OBSIP-SIO/ABALONES | L28LB OBSIP-SIO Seismometer Differential/ABALONES,EarthScope,fdsn,66
ZA_2011,A02,ZA,8.7872,-147.821793,-5115.0,2011-12-02 00:00:00.000,2011-12-24 23:59:59.000000,EDH EL1 EL2 ELZ (200 Hz); LDH LL1 LL2 LLZ (1 Hz),200.0,pressure+seismometer,Geospace GS-11D/Quanterra Q330 Linear Phase Below | HTI-90-U Hydrophone;/Quanterra Q330 Linear Phase B,EarthScope,fdsn,22
ZA_2011,A03,ZA,8.8245,-147.643799,-5284.0,2011-12-02 00:00:00.000,2011-12-24 23:59:59.000000,EDH EL1 EL2 ELZ (200 Hz); LDH LL1 LL2 LLZ (1 Hz),200.0,pressure+seismometer,Geospace GS-11D/Quanterra Q330 Linear Phase Below | HTI-90-U Hydrophone;/Quanterra Q330 Linear Phase B,EarthScope,fdsn,22
ZA_2011,A04,ZA,8.8614,-147.465805,-5264.0,2011-12-02 00:00:00.000,2011-12-23 23:59:59.000000,EDH EL1 EL2 ELZ (200 Hz); LDH LL1 LL2 LLZ (1 Hz),200.0,pressure+seismometer,Geospace GS-11D/Quanterra Q330 Linear Phase Below | HTI-90-U Hydrophone;/Quanterra Q330 Linear Phase B,EarthScope,fdsn,21
ZA_2011,A05,ZA,8.899,-147.286697,-5299.0,2011-12-02 00:00:00.000,2011-12-23 23:59:59.000000,EDH EL1 EL2 ELZ (200 Hz); LDH LL1 LL2 LLZ (1 Hz),200.0,pressure+seismometer,Geospace GS-11D/Quanterra Q330 Linear Phase Below | HTI-90-U Hydrophone;/Quanterra Q330 Linear Phase B,EarthScope,fdsn,21
ZA_2011,A06,ZA,8.9361,-147.110992,-5342.0,2011-12-02 00:00:00.000,2011-12-23 23:59:59.000000,EDH EL1 EL2 ELZ (200 Hz); LDH LL1 LL2 LLZ (1 Hz),200.0,pressure+seismometer,Geospace GS-11D/Quanterra Q330 Linear Phase Below | HTI-90-U Hydrophone;/Quanterra Q330 Linear Phase B,EarthScope,fdsn,21
ZA_2011,A07,ZA,8.9729,-146.930893,-5226.0,2011-12-02 00:00:00.000,2011-12-23 23:59:59.000000,EDH EL1 EL2 ELZ (200 Hz); LDH LL1 LL2 LLZ (1 Hz),200.0,pressure+seismometer,Geospace GS-11D/Quanterra Q330 Linear Phase Below | HTI-90-U Hydrophone;/Quanterra Q330 Linear Phase B,EarthScope,fdsn,21
ZA_2011,A11,ZA,9.1184,-146.218796,-5264.0,2011-12-01 00:00:00.000,2011-12-22 23:59:59.000000,EDH EL1 EL2 ELZ (200 Hz); LDH LL1 LL2 LLZ (1 Hz),200.0,pressure+seismometer,Geospace GS-11D/Quanterra Q330 Linear Phase Below | HTI-90-U Hydrophone;/Quanterra Q330 Linear Phase B,EarthScope,fdsn,21
ZA_2011,A12,ZA,9.1546,-146.038895,-5054.0,2011-12-01 00:00:00.000,2011-12-22 23:59:59.000000,EDH EL1 EL2 ELZ (200 Hz); LDH LL1 LL2 LLZ (1 Hz),200.0,pressure+seismometer,Geospace GS-11D/Quanterra Q330 Linear Phase Below | HTI-90-U Hydrophone;/Quanterra Q330 Linear Phase B,EarthScope,fdsn,21
ZA_2011,A13,ZA,9.1892,-145.865707,-5174.0,2011-12-01 00:00:00.000,2011-12-22 23:59:59.000000,EDH EL1 EL2 ELZ (200 Hz); LDH LL1 LL2 LLZ (1 Hz),200.0,pressure+seismometer,Geospace GS-11D/Quanterra Q330 Linear Phase Below | HTI-90-U Hydrophone;/Quanterra Q330 Linear Phase B,EarthScope,fdsn,21
ZA_2011,A14,ZA,9.2272,-145.678802,-5171.0,2011-12-01 00:00:00.000,2011-12-22 23:59:59.000000,EDH EL1 EL2 ELZ (200 Hz); LDH LL1 LL2 LLZ (1 Hz),200.0,pressure+seismometer,Geospace GS-11D/Quanterra Q330 Linear Phase Below | HTI-90-U Hydrophone;/Quanterra Q330 Linear Phase B,EarthScope,fdsn,21
ZA_2011,A15,ZA,9.2659,-145.503601,-5150.0,2011-12-01 00:00:00.000,2011-12-22 23:59:59.000000,EDH EL1 EL2 ELZ (200 Hz); LDH LL1 LL2 LLZ (1 Hz),200.0,pressure+seismometer,Geospace GS-11D/Quanterra Q330 Linear Phase Below | HTI-90-U Hydrophone;/Quanterra Q330 Linear Phase B,EarthScope,fdsn,21
ZA_2011,A19,ZA,9.4069,-144.793594,-5143.0,2011-12-01 00:00:00.000,2011-12-19 23:59:59.000000,EDH EL1 EL2 ELZ (200 Hz); LDH LL1 LL2 LLZ (1 Hz),200.0,pressure+seismometer,Geospace GS-11D/Quanterra Q330 Linear Phase Below | HTI-90-U Hydrophone;/Quanterra Q330 Linear Phase B,EarthScope,fdsn,18
ZA_2011,A20,ZA,9.4403,-144.620102,-5145.0,2011-12-01 00:00:00.000,2011-12-19 23:59:59.000000,EDH EL1 EL2 ELZ (200 Hz); LDH LL1 LL2 LLZ (1 Hz),200.0,pressure+seismometer,Geospace GS-11D/Quanterra Q330 Linear Phase Below | HTI-90-U Hydrophone;/Quanterra Q330 Linear Phase B,EarthScope,fdsn,18
ZA_2011,A21,ZA,9.4761,-144.434998,-5282.0,2011-12-01 00:00:00.000,2011-12-19 23:59:59.000000,EDH EL1 EL2 ELZ (200 Hz); LDH LL1 LL2 LLZ (1 Hz),200.0,pressure+seismometer,Geospace GS-11D/Quanterra Q330 Linear Phase Below | HTI-90-U Hydrophone;/Quanterra Q330 Linear Phase B,EarthScope,fdsn,18
ZA_2011,A22,ZA,9.5132,-144.253204,-5079.0,2011-12-01 00:00:00.000,2011-12-21 23:59:59.000000,EDH EL1 EL2 ELZ (200 Hz); LDH LL1 LL2 LLZ (1 Hz),200.0,pressure+seismometer,Geospace GS-11D/Quanterra Q330 Linear Phase Below | HTI-90-U Hydrophone;/Quanterra Q330 Linear Phase B,EarthScope,fdsn,20
ZA_2011,A23,ZA,9.5485,-144.074005,-5300.0,2011-12-01 00:00:00.000,2011-12-21 23:59:59.000000,EDH EL1 EL2 ELZ (200 Hz); LDH LL1 LL2 LLZ (1 Hz),200.0,pressure+seismometer,Geospace GS-11D/Quanterra Q330 Linear Phase Below | HTI-90-U Hydrophone;/Quanterra Q330 Linear Phase B,EarthScope,fdsn,20
ZA_2011,A24,ZA,9.5825,-143.901794,-5310.0,2011-12-01 00:00:00.000,2011-12-21 23:59:59.000000,EDH EL1 EL2 ELZ (200 Hz); LDH LL1 LL2 LLZ (1 Hz),200.0,pressure+seismometer,Geospace GS-11D/Quanterra Q330 Linear Phase Below | HTI-90-U Hydrophone;/Quanterra Q330 Linear Phase B,EarthScope,fdsn,20
ZA_2011,A25,ZA,9.6177,-143.720398,-5104.6,2011-12-03 00:00:00.000,2012-01-22 23:59:59.000000,EDH EL1 EL2 ELZ (200 Hz),200.0,pressure+seismometer,HTI_90_U Hydrophone OBSIP-SIO/LCheapo2000 Datalogg | L28LB OBSIP-SIO Seismometer Differential/LCheapo20,EarthScope,fdsn,50
ZA_2011,A26,ZA,9.6531,-143.542801,-5059.9,2011-12-03 00:00:00.000,2012-01-11 23:59:59.000000,EDH EL1 EL2 ELZ (200 Hz),200.0,pressure+seismometer,HTI_90_U Hydrophone OBSIP-SIO/LCheapo2000 Datalogg | L28LB OBSIP-SIO Seismometer Differential/LCheapo20,EarthScope,fdsn,39
ZA_2011,A27,ZA,9.6903,-143.352707,-5163.8,2011-12-03 00:00:00.000,2012-01-30 23:59:59.000000,EDH EL1 EL2 ELZ (200 Hz),200.0,pressure+seismometer,HTI_90_U Hydrophone OBSIP-SIO/LCheapo2000 Datalogg | L28LB OBSIP-SIO Seismometer Differential/LCheapo20,EarthScope,fdsn,58
ZA_2011,A28,ZA,9.7239,-143.179398,-5133.0,2011-11-30 00:00:00.000,2011-12-20 23:59:59.000000,EDH EL1 EL2 ELZ (200 Hz); LDH LL1 LL2 LLZ (1 Hz),200.0,pressure+seismometer,Geospace GS-11D/Quanterra Q330 Linear Phase Below | HTI-90-U Hydrophone;/Quanterra Q330 Linear Phase B,EarthScope,fdsn,20
ZA_2011,A29,ZA,9.7587,-143.000793,-5061.0,2011-11-30 00:00:00.000,2011-12-20 23:59:59.000000,EDH EL1 EL2 ELZ (200 Hz); LDH LL1 LL2 LLZ (1 Hz),200.0,pressure+seismometer,Geospace GS-11D/Quanterra Q330 Linear Phase Below | HTI-90-U Hydrophone;/Quanterra Q330 Linear Phase B,EarthScope,fdsn,20
ZA_2011,A30,ZA,9.794,-142.819702,-5118.0,2011-11-30 00:00:00.000,2011-12-20 23:59:59.000000,EDH EL1 EL2 ELZ (200 Hz); LDH LL1 LL2 LLZ (1 Hz),200.0,pressure+seismometer,Geospace GS-11D/Quanterra Q330 Linear Phase Below | HTI-90-U Hydrophone;/Quanterra Q330 Linear Phase B,EarthScope,fdsn,20
ZA_2011,A31,ZA,9.8244,-142.662506,-5189.0,2011-11-30 00:00:00.000,2011-12-20 23:59:59.000000,EDH EL1 EL2 ELZ (200 Hz); LDH LL1 LL2 LLZ (1 Hz),200.0,pressure+seismometer,Geospace GS-11D/Quanterra Q330 Linear Phase Below | HTI-90-U Hydrophone;/Quanterra Q330 Linear Phase B,EarthScope,fdsn,20
ZA_2011,B01,ZA,10.6729,-147.497299,-5331.5,2011-12-02 00:00:00.000,2012-12-27 23:59:59.000000,BDH BH1 BH2 BHZ (50 Hz),50.0,pressure+seismometer,Differential Pressure Gauge OBSIP-SIO/LCheapo2000 | Nanometrics Trillium 240 Single-Sided/LCheapo2000,EarthScope,fdsn,391
ZA_2011,B02,ZA,11.0639,-145.714005,-5276.5,2011-12-01 00:00:00.000,2012-12-28 23:59:59.000000,BDH BH1 BH2 BHZ (50 Hz),50.0,pressure+seismometer,Differential Pressure Gauge OBSIP-SIO/LCheapo2000 | Nanometrics Trillium 240 Single-Sided/LCheapo2000,EarthScope,fdsn,393
ZA_2011,B04,ZA,10.4593,-146.3694,-5111.5,2011-12-02 00:00:00.000,2012-12-27 23:59:59.000000,BDH BH1 BH2 BHZ (50 Hz),50.0,pressure+seismometer,Differential Pressure Gauge OBSIP-SIO/LCheapo2000 | Nanometrics Trillium 240 Single-Sided/LCheapo2000,EarthScope,fdsn,391
ZA_2011,B05,ZA,10.7755,-144.848007,-5196.5,2011-12-01 00:00:00.000,2012-12-28 23:59:59.000000,BDH BH1 BH2 BHZ (50 Hz),50.0,pressure+seismometer,Differential Pressure Gauge OBSIP-SIO/LCheapo2000 | Nanometrics Trillium 240 Single-Sided/LCheapo2000,EarthScope,fdsn,393
ZA_2011,B06,ZA,9.7074,-147.748093,-5253.5,2011-12-01 00:00:00.000,2012-12-26 23:59:59.000000,BDH BH1 BH2 BHZ (50 Hz),50.0,pressure+seismometer,Differential Pressure Gauge OBSIP-SIO/LCheapo2000 | Nanometrics Trillium 240 Single-Sided/LCheapo2000,EarthScope,fdsn,391
ZA_2011,B07,ZA,10.6383,-143.286697,-5169.5,2011-12-03 00:00:00.000,2012-12-29 23:59:59.000000,BDH BH1 BH2 BHZ (50 Hz),50.0,pressure+seismometer,Differential Pressure Gauge OBSIP-SIO/LCheapo2000 | Nanometrics Trillium 240 Single-Sided/LCheapo2000,EarthScope,fdsn,392
ZA_2011,B08,ZA,8.7507,-147.9991,-5198.5,2011-12-05 00:00:00.000,2012-12-25 23:59:59.000000,BDH BH1 BH2 BHZ (50 Hz),50.0,pressure+seismometer,Differential Pressure Gauge OBSIP-SIO/LCheapo2000 | Nanometrics Trillium 240 Single-Sided/LCheapo2000,EarthScope,fdsn,386
ZA_2011,B11,ZA,9.1618,-146.003693,-4889.5,2011-12-04 00:00:00.000,2013-01-04 23:59:59.000000,BDH BH1 BH2 BHZ (50 Hz),50.0,pressure+seismometer,Differential Pressure Gauge OBSIP-SIO/LCheapo2000 | Nanometrics Trillium 40 Single Sided/LCheapo2000 D,EarthScope,fdsn,397
ZA_2011,B13,ZA,9.2538,-145.549103,-5174.5,2011-12-03 00:00:00.000,2012-12-10 23:59:59.000000,BDH BH1 BH2 BHZ (50 Hz),50.0,pressure+seismometer,Differential Pressure Gauge OBSIP-SIO/LCheapo2000 | Nanometrics Trillium 240 Single-Sided/LCheapo2000,EarthScope,fdsn,373
ZA_2011,B14,ZA,9.2999,-145.323807,-5273.5,2011-12-03 00:00:00.000,2013-01-05 23:59:59.000000,BDH BH1 BH2 BHZ (50 Hz),50.0,pressure+seismometer,Differential Pressure Gauge OBSIP-SIO/LCheapo2000 | Nanometrics Trillium 240 Single-Sided/LCheapo2000,EarthScope,fdsn,399
ZA_2011,B15,ZA,9.3471,-145.085693,-5274.5,2011-12-03 00:00:00.000,2013-01-06 23:59:59.000000,BDH BH1 BH2 BHZ (50 Hz),50.0,pressure+seismometer,Differential Pressure Gauge OBSIP-SIO/LCheapo2000 | Nanometrics Trillium 240 Single-Sided/LCheapo2000,EarthScope,fdsn,400
ZA_2011,B16,ZA,9.3887,-144.881195,-5077.5,2011-12-03 00:00:00.000,2013-01-06 23:59:59.000000,BDH BH1 BH2 BHZ (50 Hz),50.0,pressure+seismometer,Differential Pressure Gauge OBSIP-SIO/LCheapo2000 | Nanometrics Trillium 240 Single-Sided/LCheapo2000,EarthScope,fdsn,400
ZA_2011,B17,ZA,9.4333,-144.654907,-5137.5,2011-12-04 00:00:00.000,2013-01-07 23:59:59.000000,BDH BH1 BH2 BHZ (50 Hz),50.0,pressure+seismometer,Differential Pressure Gauge OBSIP-SIO/LCheapo2000 | Nanometrics Trillium 40 Single Sided/LCheapo2000 D,EarthScope,fdsn,400
ZA_2011,B18,ZA,9.4777,-144.431107,-5275.5,2011-12-04 00:00:00.000,2013-01-07 23:59:59.000000,BDH BH1 BH2 BHZ (50 Hz),50.0,pressure+seismometer,Differential Pressure Gauge OBSIP-SIO/LCheapo2000 | Nanometrics Trillium 240 Single-Sided/LCheapo2000,EarthScope,fdsn,400
ZA_2011,B19,ZA,9.6522,-143.546707,-5058.5,2011-12-03 00:00:00.000,2013-01-05 23:59:59.000000,BDH BH1 BH2 BHZ (50 Hz),50.0,pressure+seismometer,Differential Pressure Gauge OBSIP-SIO/LCheapo2000 | Nanometrics Trillium 240 Single-Sided/LCheapo2000,EarthScope,fdsn,399
ZA_2011,B20,ZA,9.8252,-142.660507,-5174.5,2011-12-02 00:00:00.000,2012-12-26 23:59:59.000000,BDH BH1 BH2 BHZ (50 Hz),50.0,pressure+seismometer,Differential Pressure Gauge OBSIP-SIO/LCheapo2000 | Nanometrics Trillium 240 Single-Sided/LCheapo2000,EarthScope,fdsn,390
ZA_2011,B21,ZA,7.9484,-147.358002,-5166.5,2011-12-04 00:00:00.000,2013-01-02 23:59:59.000000,BDH BH1 BH2 BHZ (50 Hz),50.0,pressure+seismometer,Differential Pressure Gauge OBSIP-SIO/LCheapo2000 | Nanometrics Trillium 240 Single-Sided/LCheapo2000,EarthScope,fdsn,395
ZA_2011,B22,ZA,7.8186,-145.798996,-5220.5,2011-12-05 00:00:00.000,2013-01-01 23:59:59.000000,BDH BH1 BH2 BHZ (50 Hz),50.0,pressure+seismometer,Differential Pressure Gauge OBSIP-SIO/LCheapo2000 | Nanometrics Trillium 240 Single-Sided/LCheapo2000,EarthScope,fdsn,393
ZA_2011,B23,ZA,8.1362,-144.287903,-5115.5,2011-12-06 00:00:00.000,2012-12-31 23:59:59.000000,BDH BH1 BH2 BHZ (50 Hz),50.0,pressure+seismometer,Differential Pressure Gauge OBSIP-SIO/LCheapo2000 | Nanometrics Trillium 240 Single-Sided/LCheapo2000,EarthScope,fdsn,391
ZA_2011,B24,ZA,8.8785,-142.911407,-5157.5,2011-12-07 00:00:00.000,2012-12-30 23:59:59.000000,BDH BH1 BH2 BHZ (50 Hz),50.0,pressure+seismometer,Differential Pressure Gauge OBSIP-SIO/LCheapo2000 | Nanometrics Trillium 240 Single-Sided/LCheapo2000,EarthScope,fdsn,389
ZA_2011,B25,ZA,7.1643,-146.723206,-5109.5,2011-12-06 00:00:00.000,2013-01-02 23:59:59.000000,BDH BH1 BH2 BHZ (50 Hz),50.0,pressure+seismometer,Differential Pressure Gauge OBSIP-SIO/LCheapo2000 | Nanometrics Trillium 240 Single-Sided/LCheapo2000,EarthScope,fdsn,393
ZA_2011,B26,ZA,7.5382,-144.945801,-5042.5,2011-12-05 00:00:00.000,2013-01-01 23:59:59.000000,BDH BH1 BH2 BHZ (50 Hz),50.0,pressure+seismometer,Differential Pressure Gauge OBSIP-SIO/LCheapo2000 | Nanometrics Trillium 240 Single-Sided/LCheapo2000,EarthScope,fdsn,393
ZA_2011,C01,ZA,8.8547,-145.231598,-5245.0,2011-12-03 00:00:00.000,2011-12-18 23:59:59.000000,EDH EL1 EL2 ELZ (200 Hz); LDH LL1 LL2 LLZ (1 Hz),200.0,pressure+seismometer,Geospace GS-11D/Quanterra Q330 Linear Phase Below | HTI-90-U Hydrophone;/Quanterra Q330 Linear Phase B,EarthScope,fdsn,15
ZA_2011,C02,ZA,8.4191,-145.134399,-5237.0,2011-12-03 00:00:00.000,2011-12-18 23:59:59.000000,EDH EL1 EL2 ELZ (200 Hz); LDH LL1 LL2 LLZ (1 Hz),200.0,pressure+seismometer,Geospace GS-11D/Quanterra Q330 Linear Phase Below | HTI-90-U Hydrophone;/Quanterra Q330 Linear Phase B,EarthScope,fdsn,15
ZA_2011,C03,ZA,7.9735,-145.041504,-5028.0,2011-12-03 00:00:00.000,2011-12-18 23:59:59.000000,EDH EL1 EL2 ELZ (200 Hz); LDH LL1 LL2 LLZ (1 Hz),200.0,pressure+seismometer,Geospace GS-11D/Quanterra Q330 Linear Phase Below | HTI-90-U Hydrophone;/Quanterra Q330 Linear Phase B,EarthScope,fdsn,15
ZD_2007,D01,ZD,-4.0091,-104.419296,-3269.0,2007-12-25 00:00:00.000,2009-01-18 23:59:59.000000,BH1 BH2 BHZ BN1 BN2 BNZ (50 Hz); LDH LH1 LH2 LHZ LN1 LN2 LNZ (1 Hz); VPB (0.1 Hz),50.0,accelerometer+pressure+seismometer,Differential Pressure Gauge/Q330 Auxiliary Channel | Episensor 200 Hz 5 Volt per g/Quanterra Q330 Linea | Guralp CMG3T_120sec WHOI OBSIP/Quanterra Q330 Line | Quanterra Q330 Linear Phase Composite,EarthScope,fdsn,390
ZD_2007,D02,ZD,-3.9313,-104.499298,-3020.0,2007-12-27 00:00:00.000,2009-01-19 23:59:59.000000,BH1 BH2 BHZ BN1 BN2 BNZ (50 Hz); LDH LH1 LH2 LHZ LN1 LN2 LNZ (1 Hz); VPB (0.1 Hz),50.0,accelerometer+pressure+seismometer,Differential Pressure Gauge/Q330 Auxiliary Channel | Episensor 200 Hz 5 Volt per g/Quanterra Q330 Linea | Guralp CMG3T_120sec WHOI OBSIP/Quanterra Q330 Line | Quanterra Q330 Linear Phase Composite,EarthScope,fdsn,389
ZD_2007,D03,ZD,-4.0416,-104.491798,-3031.0,2007-12-26 00:00:00.000,2009-01-21 23:59:59.000000,BH1 BH2 BHZ BN1 BN2 BNZ (50 Hz); LDH LH1 LH2 LHZ LN1 LN2 LNZ (1 Hz); VPB (0.1 Hz),50.0,accelerometer+pressure+seismometer,Differential Pressure Gauge/Q330 Auxiliary Channel | Episensor 200 Hz 5 Volt per g/Quanterra Q330 Linea | Guralp CMG3T_120sec WHOI OBSIP/Quanterra Q330 Line | Quanterra Q330 Linear Phase Composite,EarthScope,fdsn,392
ZD_2007,D04,ZD,-4.0596,-104.351501,-3124.0,2007-12-26 00:00:00.000,2009-01-18 23:59:59.000000,HH1 HH2 HHZ (100 Hz); BDH (10 Hz); LDH LH1 LH2 LHZ (1 Hz); VPB (0.1 Hz),100.0,pressure+seismometer,Differential Pressure Gauge/Quanterra Q330 Linear | Guralp CMG3T_120sec WHOI OBSIP/Quanterra Q330 Line | Quanterra Q330 Linear Phase Composite,EarthScope,fdsn,389
ZD_2007,D05,ZD,-4.0906,-104.228203,-3088.0,2007-12-26 00:00:00.000,2009-01-21 23:59:59.000000,HH1 HH2 HHZ (100 Hz); BDH (10 Hz); LDH LH1 LH2 LHZ (1 Hz); VPB (0.1 Hz),100.0,pressure+seismometer,Differential Pressure Gauge/Quanterra Q330 Linear | Guralp CMG3T_120sec WHOI OBSIP/Quanterra Q330 Line | Quanterra Q330 Linear Phase Composite,EarthScope,fdsn,392
ZD_2007,D06,ZD,-3.9304,-104.199097,-3241.0,2007-12-26 00:00:00.000,2009-01-20 23:59:59.000000,HH1 HH2 HHZ (100 Hz); BDH (10 Hz); LDH LH1 LH2 LHZ (1 Hz); VPB (0.1 Hz),100.0,pressure+seismometer,Differential Pressure Gauge/Quanterra Q330 Linear | Guralp CMG3T_120sec WHOI OBSIP/Quanterra Q330 Line | Quanterra Q330 Linear Phase Composite,EarthScope,fdsn,391
ZD_2007,D07,ZD,-4.0059,-104.278099,-3238.0,2007-12-28 00:00:00.000,2009-01-20 23:59:59.000000,HH1 HH2 HHZ (100 Hz); BDH (10 Hz); LDH LH1 LH2 LHZ (1 Hz); VPB (0.1 Hz),100.0,pressure+seismometer,Differential Pressure Gauge/Quanterra Q330 Linear | Guralp CMG3T_120sec WHOI OBSIP/Quanterra Q330 Line | Quanterra Q330 Linear Phase Composite,EarthScope,fdsn,389
ZD_2007,D08,ZD,-3.9513,-104.351303,-2681.0,2007-12-27 00:00:00.000,2009-01-19 23:59:59.000000,HH1 HH2 HHZ (100 Hz); BDH (10 Hz); LDH LH1 LH2 LHZ (1 Hz); VPB (0.1 Hz),100.0,pressure+seismometer,Differential Pressure Gauge/Quanterra Q330 Linear | Guralp CMG3T_120sec WHOI OBSIP/Quanterra Q330 Line | Quanterra Q330 Linear Phase Composite,EarthScope,fdsn,389
ZD_2007,G01,ZD,-4.4516,-106.260498,-3209.0,2007-12-23 00:00:00.000,2009-01-25 23:59:59.000000,HH1 HH2 HHZ (100 Hz); BDH (10 Hz); LDH LH1 LH2 LHZ (1 Hz); VPB (0.1 Hz),100.0,pressure+seismometer,Differential Pressure Gauge/Quanterra Q330 Linear | Guralp CMG3T_120sec WHOI OBSIP/Quanterra Q330 Line | Quanterra Q330 Linear Phase Composite,EarthScope,fdsn,399
ZD_2007,G02,ZD,-4.5465,-106.199203,-3050.0,2007-12-23 00:00:00.000,2009-01-26 23:59:59.000000,HH1 HH2 HHZ (100 Hz); BDH (10 Hz); LDH LH1 LH2 LHZ (1 Hz); VPB (0.1 Hz),100.0,pressure+seismometer,Differential Pressure Gauge/Quanterra Q330 Linear | Guralp CMG3T_120sec WHOI OBSIP/Quanterra Q330 Line | Quanterra Q330 Linear Phase Composite,EarthScope,fdsn,400
ZD_2007,G03,ZD,-4.6161,-106.149803,-3187.0,2007-12-23 00:00:00.000,2009-01-24 23:59:59.000000,HH1 HH2 HHZ (100 Hz); BDH (10 Hz); LDH LH1 LH2 LHZ (1 Hz); VPB (0.1 Hz),100.0,pressure+seismometer,Differential Pressure Gauge/Quanterra Q330 Linear | Guralp CMG3T_120sec WHOI OBSIP/Quanterra Q330 Line | Quanterra Q330 Linear Phase Composite,EarthScope,fdsn,398
ZD_2007,G04,ZD,-4.5553,-106.126602,-3170.0,2007-12-23 00:00:00.000,2009-01-25 23:59:59.000000,BH1 BH2 BHZ BN1 BN2 BNZ (50 Hz); LDH LH1 LH2 LHZ LN1 LN2 LNZ (1 Hz); VPB (0.1 Hz),50.0,accelerometer+pressure+seismometer,Differential Pressure Gauge/Q330 Auxiliary Channel | Episensor 200 Hz 5 Volt per g/Quanterra Q330 Linea | Guralp CMG3T_120sec WHOI OBSIP/Quanterra Q330 Line | Quanterra Q330 Linear Phase Composite,EarthScope,fdsn,399
ZD_2007,G05,ZD,-4.4907,-106.080101,-3558.0,2007-12-23 00:00:00.000,2009-01-25 23:59:59.000000,BH1 BH2 BHZ BN1 BN2 BNZ (50 Hz); LDH LH1 LH2 LHZ LN1 LN2 LNZ (1 Hz); VPB (0.1 Hz),50.0,accelerometer+pressure+seismometer,Differential Pressure Gauge/Q330 Auxiliary Channel | Episensor 200 Hz 5 Volt per g/Quanterra Q330 Linea | Guralp CMG3T_120sec WHOI OBSIP/Quanterra Q330 Line | Quanterra Q330 Linear Phase Composite,EarthScope,fdsn,399
ZD_2007,G06,ZD,-4.5694,-106.035896,-3601.0,2007-12-23 00:00:00.000,2009-01-24 23:59:59.000000,BH1 BH2 BHZ BN1 BN2 BNZ (50 Hz); LDH LH1 LH2 LHZ LN1 LN2 LNZ (1 Hz); VPB (0.1 Hz),50.0,accelerometer+pressure+seismometer,Differential Pressure Gauge/Q330 Auxiliary Channel | Episensor 200 Hz 5 Volt per g/Quanterra Q330 Linea | Guralp CMG3T_120sec WHOI OBSIP/Quanterra Q330 Line | Quanterra Q330 Linear Phase Composite,EarthScope,fdsn,398
ZD_2007,G07,ZD,-4.6591,-105.968498,-3195.0,2007-12-24 00:00:00.000,2009-01-24 23:59:59.000000,BH1 BH2 BHZ BN1 BN2 BNZ (50 Hz); LDH LH1 LH2 LHZ LN1 LN2 LNZ (1 Hz); VPB (0.1 Hz),50.0,accelerometer+pressure+seismometer,Differential Pressure Gauge/Q330 Auxiliary Channel | Episensor 200 Hz 5 Volt per g/Quanterra Q330 Linea | Guralp CMG3T_120sec WHOI OBSIP/Quanterra Q330 Line | Quanterra Q330 Linear Phase Composite,EarthScope,fdsn,397
ZD_2007,G08,ZD,-4.5962,-105.948097,-3358.0,2007-12-24 00:00:00.000,2009-01-24 23:59:59.000000,BH1 BH2 BHZ BN1 BN2 BNZ (50 Hz); LDH LH1 LH2 LHZ LN1 LN2 LNZ (1 Hz); VPB (0.1 Hz),50.0,accelerometer+pressure+seismometer,Differential Pressure Gauge/Q330 Auxiliary Channel | Episensor 200 Hz 5 Volt per g/Quanterra Q330 Linea | Guralp CMG3T_120sec WHOI OBSIP/Quanterra Q330 Line | Quanterra Q330 Linear Phase Composite,EarthScope,fdsn,397
ZD_2007,G09,ZD,-4.5022,-105.909698,-3258.0,2007-12-24 00:00:00.000,2009-01-23 23:59:59.000000,BH1 BH2 BHZ BN1 BN2 BNZ (50 Hz); LDH LH1 LH2 LHZ LN1 LN2 LNZ (1 Hz); VPB (0.1 Hz),50.0,accelerometer+pressure+seismometer,Differential Pressure Gauge/Q330 Auxiliary Channel | Episensor 200 Hz 5 Volt per g/Quanterra Q330 Linea | Guralp CMG3T_120sec WHOI OBSIP/Quanterra Q330 Line | Quanterra Q330 Linear Phase Composite,EarthScope,fdsn,396
ZD_2007,G10,ZD,-4.5932,-105.866898,-3395.0,2007-12-24 00:00:00.000,2009-01-23 23:59:59.000000,BH1 BH2 BHZ BN1 BN2 BNZ (50 Hz); LDH LH1 LH2 LHZ LN1 LN2 LNZ (1 Hz); VPB (0.1 Hz),50.0,accelerometer+pressure+seismometer,Differential Pressure Gauge/Q330 Auxiliary Channel | Episensor 200 Hz 5 Volt per g/Quanterra Q330 Linea | Guralp CMG3T_120sec WHOI OBSIP/Quanterra Q330 Line | Quanterra Q330 Linear Phase Composite,EarthScope,fdsn,396
ZD_2007,G11,ZD,-4.6205,-105.791702,-3238.0,2007-12-25 00:00:00.000,2008-07-17 23:59:59.000000,HH1 HH2 HHZ (100 Hz); BDH (10 Hz); LDH LH1 LH2 LHZ (1 Hz); VPB (0.1 Hz),100.0,pressure+seismometer,Differential Pressure Gauge/Quanterra Q330 Linear | Guralp CMG3T_120sec WHOI OBSIP/Quanterra Q330 Line | Quanterra Q330 Linear Phase Composite,EarthScope,fdsn,205
ZD_2007,G12,ZD,-4.6778,-105.800003,-3192.0,2007-12-24 00:00:00.000,2009-01-22 23:59:59.000000,HH1 HH2 HHZ (100 Hz); BDH (10 Hz); LDH LH1 LH2 LHZ (1 Hz); VPB (0.1 Hz),100.0,pressure+seismometer,Differential Pressure Gauge/Quanterra Q330 Linear | Guralp CMG3T_120sec WHOI OBSIP/Quanterra Q330 Line | Quanterra Q330 Linear Phase Composite,EarthScope,fdsn,395
ZD_2007,G13,ZD,-4.54,-105.706497,-3402.0,2007-12-25 00:00:00.000,2009-01-22 23:59:59.000000,HH1 HH2 HHZ (100 Hz); BDH (10 Hz); LDH LH1 LH2 LHZ (1 Hz); VPB (0.1 Hz),100.0,pressure+seismometer,Differential Pressure Gauge/Quanterra Q330 Linear | Guralp CMG3T_120sec WHOI OBSIP/Quanterra Q330 Line | Quanterra Q330 Linear Phase Composite,EarthScope,fdsn,394
ZD_2007,G14,ZD,-4.6051,-105.7024,-3926.0,2007-12-24 00:00:00.000,2009-01-23 23:59:59.000000,HH1 HH2 HHZ (100 Hz); BDH (10 Hz); LDH LH1 LH2 LHZ (1 Hz); VPB (0.1 Hz),100.0,pressure+seismometer,Differential Pressure Gauge/Quanterra Q330 Linear | Guralp CMG3T_120sec WHOI OBSIP/Quanterra Q330 Line | Quanterra Q330 Linear Phase Composite,EarthScope,fdsn,396
ZD_2007,G15,ZD,-4.6566,-105.600899,-3313.0,2007-12-25 00:00:00.000,2008-02-16 23:59:59.000000,HH1 HH2 HHZ (100 Hz); BDH (10 Hz); LDH LH1 LH2 LHZ (1 Hz); VPB (0.1 Hz),100.0,pressure+seismometer,Differential Pressure Gauge/Quanterra Q330 Linear | Guralp CMG3T_120sec WHOI OBSIP/Quanterra Q330 Line | Quanterra Q330 Linear Phase Composite,EarthScope,fdsn,53
ZD_2007,G16,ZD,-4.7169,-105.584198,-2961.0,2007-12-25 00:00:00.000,2009-01-21 23:59:59.000000,HH1 HH2 HHZ (100 Hz); BDH (10 Hz); LDH LH1 LH2 LHZ (1 Hz); VPB (0.1 Hz),100.0,pressure+seismometer,Differential Pressure Gauge/Quanterra Q330 Linear | Guralp CMG3T_120sec WHOI OBSIP/Quanterra Q330 Line | Quanterra Q330 Linear Phase Composite,EarthScope,fdsn,393
ZD_2007,L1Q1,ZD,-3.3555,-102.793701,-3292.0,2008-04-28 00:00:00.000,2008-05-01 23:59:59.000000,EDH EL1 EL2 ELZ (200 Hz); LDH LL1 LL2 LLZ (1 Hz),200.0,pressure+seismometer,Geospace GS-11D/Quanterra Q330 Linear Phase Below | HTI-90-U Hydrophone;/Quanterra Q330 Linear Phase B,EarthScope,fdsn,3
ZD_2007,L1Q2,ZD,-3.4999,-102.823402,-3255.0,2008-04-28 00:00:00.000,2008-05-01 23:59:59.000000,EDH EL1 EL2 ELZ (200 Hz); LDH LL1 LL2 LLZ (1 Hz),200.0,pressure+seismometer,Geospace GS-11D/Quanterra Q330 Linear Phase Below | HTI-90-U Hydrophone;/Quanterra Q330 Linear Phase B,EarthScope,fdsn,3
ZD_2007,L1Q3,ZD,-3.6058,-102.845802,-3091.0,2008-04-28 00:00:00.000,2008-05-02 23:59:59.000000,EDH EL1 EL2 ELZ (200 Hz); LDH LL1 LL2 LLZ (1 Hz),200.0,pressure+seismometer,Geospace GS-11D/Quanterra Q330 Linear Phase Below | HTI-90-U Hydrophone;/Quanterra Q330 Linear Phase B,EarthScope,fdsn,4
ZD_2007,L1Q4,ZD,-3.7205,-102.870399,-3405.0,2008-04-28 00:00:00.000,2008-05-02 23:59:59.000000,EDH EL1 EL2 ELZ (200 Hz); LDH LL1 LL2 LLZ (1 Hz),200.0,pressure+seismometer,Geospace GS-11D/Quanterra Q330 Linear Phase Below | HTI-90-U Hydrophone;/Quanterra Q330 Linear Phase B,EarthScope,fdsn,4
ZD_2007,L1Q5,ZD,-3.7556,-102.877998,-4191.0,2008-04-28 00:00:00.000,2008-05-02 23:59:59.000000,EDH EL1 EL2 ELZ (200 Hz); LDH LL1 LL2 LLZ (1 Hz),200.0,pressure+seismometer,Geospace GS-11D/Quanterra Q330 Linear Phase Below | HTI-90-U Hydrophone;/Quanterra Q330 Linear Phase B,EarthScope,fdsn,4
ZD_2007,L1Q6,ZD,-3.8701,-102.902199,-2864.0,2008-04-28 00:00:00.000,2008-05-02 23:59:59.000000,EDH EL1 EL2 ELZ (200 Hz); LDH LL1 LL2 LLZ (1 Hz),200.0,pressure+seismometer,Geospace GS-11D/Quanterra Q330 Linear Phase Below | HTI-90-U Hydrophone;/Quanterra Q330 Linear Phase B,EarthScope,fdsn,4
ZD_2007,L1Q7,ZD,-3.9758,-102.924896,-3204.0,2008-04-28 00:00:00.000,2008-05-02 23:59:59.000000,EDH EL1 EL2 ELZ (200 Hz); LDH LL1 LL2 LLZ (1 Hz),200.0,pressure+seismometer,Geospace GS-11D/Quanterra Q330 Linear Phase Below | HTI-90-U Hydrophone;/Quanterra Q330 Linear Phase B,EarthScope,fdsn,4
ZD_2007,L1Q8,ZD,-4.1168,-102.954498,-3442.0,2008-04-28 00:00:00.000,2008-05-02 23:59:59.000000,EDH EL1 EL2 ELZ (200 Hz); LDH LL1 LL2 LLZ (1 Hz),200.0,pressure+seismometer,Geospace GS-11D/Quanterra Q330 Linear Phase Below | HTI-90-U Hydrophone;/Quanterra Q330 Linear Phase B,EarthScope,fdsn,4
ZD_2007,L2Q1,ZD,-4.9844,-106.0345,-3148.0,2008-05-01 00:00:00.000,2008-05-04 23:59:59.000000,EDH EL1 EL2 ELZ (200 Hz); LDH LL1 LL2 LLZ (1 Hz),200.0,pressure+seismometer,Geospace GS-11D/Quanterra Q330 Linear Phase Below | HTI-90-U Hydrophone;/Quanterra Q330 Linear Phase B,EarthScope,fdsn,3
ZD_2007,L2Q3,ZD,-4.7378,-105.982201,-3136.0,2008-05-01 00:00:00.000,2008-05-04 23:59:59.000000,EDH EL1 EL2 ELZ (200 Hz); LDH LL1 LL2 LLZ (1 Hz),200.0,pressure+seismometer,Geospace GS-11D/Quanterra Q330 Linear Phase Below | HTI-90-U Hydrophone;/Quanterra Q330 Linear Phase B,EarthScope,fdsn,3
ZD_2007,L2Q4,ZD,-4.6273,-105.958702,-3263.0,2008-05-03 00:00:00.000,2008-05-06 23:59:59.000000,EDH EL1 EL2 ELZ (200 Hz); LDH LL1 LL2 LLZ (1 Hz),200.0,pressure+seismometer,Geospace GS-11D/Quanterra Q330 Linear Phase Below | HTI-90-U Hydrophone;/Quanterra Q330 Linear Phase B,EarthScope,fdsn,3
ZD_2007,L2Q5,ZD,-4.5527,-105.942596,-3779.0,2008-05-01 00:00:00.000,2008-05-05 23:59:59.000000,EDH EL1 EL2 ELZ (200 Hz); LDH LL1 LL2 LLZ (1 Hz),200.0,pressure+seismometer,Geospace GS-11D/Quanterra Q330 Linear Phase Below | HTI-90-U Hydrophone;/Quanterra Q330 Linear Phase B,EarthScope,fdsn,4
ZD_2007,L2Q6,ZD,-4.5089,-105.932999,-3234.0,2008-05-01 00:00:00.000,2008-05-05 23:59:59.000000,EDH EL1 EL2 ELZ (200 Hz); LDH LL1 LL2 LLZ (1 Hz),200.0,pressure+seismometer,Geospace GS-11D/Quanterra Q330 Linear Phase Below | HTI-90-U Hydrophone;/Quanterra Q330 Linear Phase B,EarthScope,fdsn,4
ZD_2007,L2Q7,ZD,-4.4649,-105.923798,-3199.0,2008-05-01 00:00:00.000,2008-05-05 23:59:59.000000,EDH EL1 EL2 ELZ (200 Hz); LDH LL1 LL2 LLZ (1 Hz),200.0,pressure+seismometer,Geospace GS-11D/Quanterra Q330 Linear Phase Below | HTI-90-U Hydrophone;/Quanterra Q330 Linear Phase B,EarthScope,fdsn,4
ZD_2007,L2Q8,ZD,-4.3767,-105.9049,-3534.0,2008-05-01 00:00:00.000,2008-05-05 23:59:59.000000,EDH EL1 EL2 ELZ (200 Hz); LDH LL1 LL2 LLZ (1 Hz),200.0,pressure+seismometer,Geospace GS-11D/Quanterra Q330 Linear Phase Below | HTI-90-U Hydrophone;/Quanterra Q330 Linear Phase B,EarthScope,fdsn,4
ZD_2007,L2Q9,ZD,-4.2358,-105.874802,-3226.0,2008-05-01 00:00:00.000,2008-05-05 23:59:59.000000,EDH EL1 EL2 ELZ (200 Hz); LDH LL1 LL2 LLZ (1 Hz),200.0,pressure+seismometer,Geospace GS-11D/Quanterra Q330 Linear Phase Below | HTI-90-U Hydrophone;/Quanterra Q330 Linear Phase B,EarthScope,fdsn,4
ZD_2007,Q01,ZD,-3.7982,-103.749496,-3391.0,2007-12-30 00:00:00.000,2009-01-18 23:59:59.000000,EDH EL1 EL2 ELZ (100 Hz); LDH LL1 LL2 LLZ (1 Hz); VPB (0.1 Hz),100.0,pressure+seismometer,Geospace GS-11D/Quanterra Q330 Linear Phase Compos | HTI-90-U Hydrophone;/Quanterra Q330 Linear Phase C | Quanterra Q330 Linear Phase Composite,EarthScope,fdsn,385
ZD_2007,Q02,ZD,-3.6799,-103.700104,-3653.0,2007-12-30 00:00:00.000,2009-01-17 23:59:59.000000,EDH EL1 EL2 ELZ (100 Hz); LDH LL1 LL2 LLZ (1 Hz); VPB (0.1 Hz),100.0,pressure+seismometer,Geospace GS-11D/Quanterra Q330 Linear Phase Compos | HTI-90-U Hydrophone;/Quanterra Q330 Linear Phase C | Quanterra Q330 Linear Phase Composite,EarthScope,fdsn,384
ZD_2007,Q03,ZD,-3.7544,-103.670601,-3845.0,2007-12-30 00:00:00.000,2009-01-18 23:59:59.000000,EDH EL1 EL2 ELZ (100 Hz); LDH LL1 LL2 LLZ (1 Hz); VPB (0.1 Hz),100.0,pressure+seismometer,Geospace GS-11D/Quanterra Q330 Linear Phase Compos | HTI-90-U Hydrophone;/Quanterra Q330 Linear Phase C | Quanterra Q330 Linear Phase Composite,EarthScope,fdsn,385
ZD_2007,Q05,ZD,-3.6995,-103.517502,-3632.0,2007-12-30 00:00:00.000,2009-01-17 23:59:59.000000,EDH EL1 EL2 ELZ (100 Hz); LDH LL1 LL2 LLZ (1 Hz); VPB (0.1 Hz),100.0,pressure+seismometer,Geospace GS-11D/Quanterra Q330 Linear Phase Compos | HTI-90-U Hydrophone;/Quanterra Q330 Linear Phase C | Quanterra Q330 Linear Phase Composite,EarthScope,fdsn,384
ZD_2007,Q06,ZD,-3.8384,-103.549301,-2961.0,2007-12-30 00:00:00.000,2009-01-17 23:59:59.000000,HH1 HH2 HHZ (100 Hz); BDH (10 Hz); LDH LH1 LH2 LHZ (1 Hz); VPB (0.1 Hz),100.0,pressure+seismometer,Differential Pressure Gauge/Quanterra Q330 Linear | Guralp CMG3T_120sec WHOI OBSIP/Quanterra Q330 Line | Quanterra Q330 Linear Phase Composite,EarthScope,fdsn,384
ZD_2007,Q08,ZD,-3.6536,-103.019798,-3036.0,2007-12-31 00:00:00.000,2009-01-16 23:59:59.000000,HH1 HH2 HHZ (100 Hz); BDH (10 Hz); LDH LH1 LH2 LHZ (1 Hz); VPB (0.1 Hz),100.0,pressure+seismometer,Differential Pressure Gauge/Quanterra Q330 Linear | Guralp CMG3T_120sec WHOI OBSIP/Quanterra Q330 Line | Quanterra Q330 Linear Phase Composite,EarthScope,fdsn,382
ZD_2007,Q09,ZD,-3.6835,-102.855499,-3309.0,2007-12-31 00:00:00.000,2009-01-16 23:59:59.000000,HH1 HH2 HHZ (100 Hz); BDH (10 Hz); LDH LH1 LH2 LHZ (1 Hz); VPB (0.1 Hz),100.0,pressure+seismometer,Differential Pressure Gauge/Quanterra Q330 Linear | Guralp CMG3T_120sec WHOI OBSIP/Quanterra Q330 Line | Quanterra Q330 Linear Phase Composite,EarthScope,fdsn,382
ZD_2007,Q10,ZD,-3.7113,-102.714302,-3344.0,2007-12-31 00:00:00.000,2009-01-15 23:59:59.000000,HH1 HH2 HHZ (100 Hz); BDH (10 Hz); LDH LH1 LH2 LHZ (1 Hz); VPB (0.1 Hz),100.0,pressure+seismometer,Differential Pressure Gauge/Quanterra Q330 Linear | Guralp CMG3T_120sec WHOI OBSIP/Quanterra Q330 Line | Quanterra Q330 Linear Phase Composite,EarthScope,fdsn,381
ZD_2007,Q12,ZD,-3.7492,-102.7798,-3874.0,2008-01-03 00:00:00.000,2009-01-15 23:59:59.000000,EDH EL1 EL2 ELZ (100 Hz); LDH LL1 LL2 LLZ (1 Hz); VPB (0.1 Hz),100.0,pressure+seismometer,Geospace GS-11D/Quanterra Q330 Linear Phase Compos | HTI-90-U Hydrophone;/Quanterra Q330 Linear Phase C | Quanterra Q330 Linear Phase Composite,EarthScope,fdsn,378
ZD_2007,Q13,ZD,-3.7926,-102.890099,-3368.0,2008-01-01 00:00:00.000,2009-01-16 23:59:59.000000,EDH EL1 EL2 ELZ (100 Hz); LDH LL1 LL2 LLZ (1 Hz); VPB (0.1 Hz),100.0,pressure+seismometer,Geospace GS-11D/Quanterra Q330 Linear Phase Compos | HTI-90-U Hydrophone;/Quanterra Q330 Linear Phase C | Quanterra Q330 Linear Phase Composite,EarthScope,fdsn,381
ZD_2007,Q14,ZD,-3.7341,-102.850403,-3822.0,2008-01-01 00:00:00.000,2009-01-15 23:59:59.000000,EDH EL1 EL2 ELZ (100 Hz); LDH LL1 LL2 LLZ (1 Hz); VPB (0.1 Hz),100.0,pressure+seismometer,Geospace GS-11D/Quanterra Q330 Linear Phase Compos | HTI-90-U Hydrophone;/Quanterra Q330 Linear Phase C | Quanterra Q330 Linear Phase Composite,EarthScope,fdsn,380
ZD_2007,Q15,ZD,-3.7222,-102.9198,-3680.0,2008-01-01 00:00:00.000,2009-01-16 23:59:59.000000,EDH EL1 EL2 ELZ (100 Hz); LDH LL1 LL2 LLZ (1 Hz); VPB (0.1 Hz),100.0,pressure+seismometer,Geospace GS-11D/Quanterra Q330 Linear Phase Compos | HTI-90-U Hydrophone;/Quanterra Q330 Linear Phase C | Quanterra Q330 Linear Phase Composite,EarthScope,fdsn,381
ZF_2011,301,ZF,53.67503,-155.506287,-4488.0,2011-07-02 07:16:00.000,2011-07-05 07:48:59.000000,EDH EL1 EL2 ELZ (200 Hz),200.0,pressure+seismometer,HTI_90_U Hydrophone OBSIP-SIO/ABALONES | L28LB OBSIP-SIO Seismometer Differential/ABALONES,EarthScope,fdsn,3
ZF_2011,302,ZF,53.80061,-155.617615,-4577.0,2011-07-02 08:42:00.000,2011-07-05 10:38:59.000000,EDH EL1 EL2 ELZ (200 Hz),200.0,pressure+seismometer,HTI_90_U Hydrophone OBSIP-SIO/ABALONES | L28LB OBSIP-SIO Seismometer Differential/ABALONES,EarthScope,fdsn,3
ZF_2011,303,ZF,53.926208,-155.730072,-4693.0,2011-07-02 09:45:00.000,2011-07-05 13:42:59.000000,EDH EL1 EL2 ELZ (200 Hz),200.0,pressure+seismometer,HTI_90_U Hydrophone OBSIP-SIO/ABALONES | L28LB OBSIP-SIO Seismometer Differential/ABALONES,EarthScope,fdsn,3
ZF_2011,304,ZF,54.051521,-155.842575,-4915.0,2011-07-02 10:45:00.000,2011-07-05 16:41:59.000000,EDH EL1 EL2 ELZ (200 Hz),200.0,pressure+seismometer,HTI_90_U Hydrophone OBSIP-SIO/ABALONES | L28LB OBSIP-SIO Seismometer Differential/ABALONES,EarthScope,fdsn,3
ZF_2011,305,ZF,54.176659,-155.957169,-5150.0,2011-07-02 11:48:00.000,2011-07-05 19:25:59.000000,EDH EL1 EL2 ELZ (200 Hz),200.0,pressure+seismometer,HTI_90_U Hydrophone OBSIP-SIO/ABALONES | L28LB OBSIP-SIO Seismometer Differential/ABALONES,EarthScope,fdsn,3
ZF_2011,306,ZF,54.2752,-156.045731,-5484.0,2011-07-02 12:19:00.000,2011-07-05 22:14:59.000000,EDH EL1 EL2 ELZ (200 Hz),200.0,pressure+seismometer,HTI_90_U Hydrophone OBSIP-SIO/ABALONES | L28LB OBSIP-SIO Seismometer Differential/ABALONES,EarthScope,fdsn,3
ZF_2011,307,ZF,54.45232,-156.207825,-5509.0,2011-07-02 12:33:00.000,2011-07-06 01:54:59.000000,EDH EL1 EL2 ELZ (200 Hz),200.0,pressure+seismometer,HTI_90_U Hydrophone OBSIP-SIO/ABALONES | L28LB OBSIP-SIO Seismometer Differential/ABALONES,EarthScope,fdsn,3
ZF_2011,308,ZF,54.582039,-156.333954,-4151.0,2011-07-02 14:51:00.000,2011-07-06 04:58:59.000000,EDH EL1 EL2 ELZ (200 Hz),200.0,pressure+seismometer,HTI_90_U Hydrophone OBSIP-SIO/ABALONES | L28LB OBSIP-SIO Seismometer Differential/ABALONES,EarthScope,fdsn,3
ZF_2011,309,ZF,54.707588,-156.446289,-3023.0,2011-07-02 16:46:00.000,2011-07-06 07:09:59.000000,EDH EL1 EL2 ELZ (200 Hz),200.0,pressure+seismometer,HTI_90_U Hydrophone OBSIP-SIO/ABALONES | L28LB OBSIP-SIO Seismometer Differential/ABALONES,EarthScope,fdsn,3
ZF_2011,310,ZF,54.8311,-156.562027,-1771.0,2011-07-02 17:49:00.000,2011-07-06 09:16:59.000000,EDH EL1 EL2 ELZ (200 Hz),200.0,pressure+seismometer,HTI_90_U Hydrophone OBSIP-SIO/ABALONES | L28LB OBSIP-SIO Seismometer Differential/ABALONES,EarthScope,fdsn,3
ZF_2011,311,ZF,54.95792,-156.682465,-1366.0,2011-07-02 18:55:00.000,2011-07-06 11:12:00.000000,EDH EL1 EL2 ELZ (200 Hz),200.0,pressure+seismometer,HTI_90_U Hydrophone OBSIP-SIO/ABALONES | L28LB OBSIP-SIO Seismometer Differential/ABALONES,EarthScope,fdsn,3
ZF_2011,312,ZF,55.083229,-156.801453,-461.0,2011-07-02 20:13:00.000,2011-07-06 12:54:59.000000,EDH EL1 EL2 ELZ (200 Hz),200.0,pressure+seismometer,HTI_90_U Hydrophone OBSIP-SIO/ABALONES | L28LB OBSIP-SIO Seismometer Differential/ABALONES,EarthScope,fdsn,3
ZF_2011,313,ZF,55.207802,-156.922043,-116.0,2011-07-02 20:46:00.000,2011-07-06 14:13:59.000000,EDH EL1 EL2 ELZ (200 Hz),200.0,pressure+seismometer,HTI_90_U Hydrophone OBSIP-SIO/ABALONES | L28LB OBSIP-SIO Seismometer Differential/ABALONES,EarthScope,fdsn,3
ZF_2011,314,ZF,55.333752,-157.042496,-97.0,2011-07-02 22:08:00.000,2011-07-06 15:30:59.000000,EDH EL1 EL2 ELZ (200 Hz),200.0,pressure+seismometer,HTI_90_U Hydrophone OBSIP-SIO/ABALONES | L28LB OBSIP-SIO Seismometer Differential/ABALONES,EarthScope,fdsn,3
ZF_2011,315,ZF,55.45726,-157.160889,-91.0,2011-07-02 22:32:00.000,2011-07-06 17:01:00.000000,EDH EL1 EL2 ELZ (200 Hz),200.0,pressure+seismometer,HTI_90_U Hydrophone OBSIP-SIO/ABALONES | L28LB OBSIP-SIO Seismometer Differential/ABALONES,EarthScope,fdsn,3
ZF_2011,316,ZF,55.58102,-157.283676,-94.0,2011-07-02 23:01:00.000,2011-07-06 18:29:00.000000,EDH EL1 EL2 ELZ (200 Hz),200.0,pressure+seismometer,HTI_90_U Hydrophone OBSIP-SIO/ABALONES | L28LB OBSIP-SIO Seismometer Differential/ABALONES,EarthScope,fdsn,3
ZF_2011,317,ZF,55.704899,-157.408279,-97.0,2011-07-03 01:00:00.000,2011-07-06 19:57:00.000000,EDH EL1 EL2 ELZ (200 Hz),200.0,pressure+seismometer,HTI_90_U Hydrophone OBSIP-SIO/ABALONES | L28LB OBSIP-SIO Seismometer Differential/ABALONES,EarthScope,fdsn,3
ZF_2011,318,ZF,55.828449,-157.532288,-98.0,2011-07-03 01:56:00.000,2011-07-06 21:22:59.000000,EDH EL1 EL2 ELZ (200 Hz),200.0,pressure+seismometer,HTI_90_U Hydrophone OBSIP-SIO/ABALONES | L28LB OBSIP-SIO Seismometer Differential/ABALONES,EarthScope,fdsn,3
ZF_2011,319,ZF,55.952629,-157.655685,-75.0,2011-07-03 02:48:00.000,2011-07-06 22:38:00.000000,EDH EL1 EL2 ELZ (200 Hz),200.0,pressure+seismometer,HTI_90_U Hydrophone OBSIP-SIO/ABALONES | L28LB OBSIP-SIO Seismometer Differential/ABALONES,EarthScope,fdsn,3
ZF_2011,320,ZF,56.077412,-157.779221,-162.0,2011-07-03 03:41:00.000,2011-07-06 23:52:59.000000,EDH EL1 EL2 ELZ (200 Hz),200.0,pressure+seismometer,HTI_90_U Hydrophone OBSIP-SIO/ABALONES | L28LB OBSIP-SIO Seismometer Differential/ABALONES,EarthScope,fdsn,3
ZF_2011,321,ZF,56.200878,-157.906631,-143.0,2011-07-03 04:42:00.000,2011-07-07 01:11:59.000000,EDH EL1 EL2 ELZ (200 Hz),200.0,pressure+seismometer,HTI_90_U Hydrophone OBSIP-SIO/ABALONES | L28LB OBSIP-SIO Seismometer Differential/ABALONES,EarthScope,fdsn,3
ZF_2011,501,ZF,52.63435,-159.560745,-4696.0,2011-07-07 23:01:00.000,2011-07-10 12:23:59.000000,EDH EL1 EL2 ELZ (200 Hz),200.0,pressure+seismometer,HTI_90_U Hydrophone OBSIP-SIO/ABALONES | L28LB OBSIP-SIO Seismometer Differential/ABALONES,EarthScope,fdsn,2
ZF_2011,502,ZF,52.744888,-159.611481,-4690.0,2011-07-08 00:20:00.000,2011-07-10 14:53:59.000000,EDH EL1 EL2 ELZ (200 Hz),200.0,pressure+seismometer,HTI_90_U Hydrophone OBSIP-SIO/ABALONES | L28LB OBSIP-SIO Seismometer Differential/ABALONES,EarthScope,fdsn,2
ZF_2011,503,ZF,52.8549,-159.661743,-4695.0,2011-07-08 01:14:00.000,2011-07-10 17:22:59.000000,EDH EL1 EL2 ELZ (200 Hz),200.0,pressure+seismometer,HTI_90_U Hydrophone OBSIP-SIO/ABALONES | L28LB OBSIP-SIO Seismometer Differential/ABALONES,EarthScope,fdsn,2
ZF_2011,504,ZF,52.965752,-159.712006,-4745.0,2011-07-08 02:12:00.000,2011-07-10 19:49:59.000000,EDH EL1 EL2 ELZ (200 Hz),200.0,pressure+seismometer,HTI_90_U Hydrophone OBSIP-SIO/ABALONES | L28LB OBSIP-SIO Seismometer Differential/ABALONES,EarthScope,fdsn,2
ZF_2011,505,ZF,53.075249,-159.762985,-4785.0,2011-07-08 03:03:00.000,2011-07-10 22:26:59.000000,EDH EL1 EL2 ELZ (200 Hz),200.0,pressure+seismometer,HTI_90_U Hydrophone OBSIP-SIO/ABALONES | L28LB OBSIP-SIO Seismometer Differential/ABALONES,EarthScope,fdsn,2
ZF_2011,506,ZF,53.186951,-159.815765,-4875.0,2011-07-08 03:55:00.000,2011-07-11 00:58:59.000000,EDH EL1 EL2 ELZ (200 Hz),200.0,pressure+seismometer,HTI_90_U Hydrophone OBSIP-SIO/ABALONES | L28LB OBSIP-SIO Seismometer Differential/ABALONES,EarthScope,fdsn,2
ZF_2011,507,ZF,53.29705,-159.86676,-5122.0,2011-07-08 04:55:00.000,2011-07-11 03:38:59.000000,EDH EL1 EL2 ELZ (200 Hz),200.0,pressure+seismometer,HTI_90_U Hydrophone OBSIP-SIO/ABALONES | L28LB OBSIP-SIO Seismometer Differential/ABALONES,EarthScope,fdsn,2
ZF_2011,508,ZF,53.407509,-159.917999,-5503.0,2011-07-08 05:39:00.000,2011-07-11 06:30:00.000000,EDH EL1 EL2 ELZ (200 Hz),200.0,pressure+seismometer,HTI_90_U Hydrophone OBSIP-SIO/ABALONES | L28LB OBSIP-SIO Seismometer Differential/ABALONES,EarthScope,fdsn,3
ZF_2011,509,ZF,53.731541,-160.071762,-5400.0,2011-07-08 06:42:00.000,2011-07-11 10:30:59.000000,EDH EL1 EL2 ELZ (200 Hz),200.0,pressure+seismometer,HTI_90_U Hydrophone OBSIP-SIO/ABALONES | L28LB OBSIP-SIO Seismometer Differential/ABALONES,EarthScope,fdsn,3
ZF_2011,510,ZF,53.8507,-160.128036,-3964.0,2011-07-08 09:04:00.000,2011-07-11 12:48:00.000000,EDH EL1 EL2 ELZ (200 Hz),200.0,pressure+seismometer,HTI_90_U Hydrophone OBSIP-SIO/ABALONES | L28LB OBSIP-SIO Seismometer Differential/ABALONES,EarthScope,fdsn,3
ZF_2011,511,ZF,53.960091,-160.181305,-3017.0,2011-07-08 09:37:00.000,2011-07-11 15:00:00.000000,EDH EL1 EL2 ELZ (200 Hz),200.0,pressure+seismometer,HTI_90_U Hydrophone OBSIP-SIO/ABALONES | L28LB OBSIP-SIO Seismometer Differential/ABALONES,EarthScope,fdsn,3
ZF_2011,512,ZF,54.070759,-160.235016,-1988.0,2011-07-08 10:14:00.000,2011-07-11 16:35:59.000000,EDH EL1 EL2 ELZ (200 Hz),200.0,pressure+seismometer,HTI_90_U Hydrophone OBSIP-SIO/ABALONES | L28LB OBSIP-SIO Seismometer Differential/ABALONES,EarthScope,fdsn,3
ZF_2011,513,ZF,54.181549,-160.284439,-1135.0,2011-07-08 10:25:00.000,2011-07-11 17:56:00.000000,EDH EL1 EL2 ELZ (200 Hz),200.0,pressure+seismometer,HTI_90_U Hydrophone OBSIP-SIO/ABALONES | L28LB OBSIP-SIO Seismometer Differential/ABALONES,EarthScope,fdsn,3
ZF_2011,514,ZF,54.290359,-160.342224,-297.0,2011-07-08 12:03:00.000,2011-07-11 19:05:59.000000,EDH EL1 EL2 ELZ (200 Hz),200.0,pressure+seismometer,HTI_90_U Hydrophone OBSIP-SIO/ABALONES | L28LB OBSIP-SIO Seismometer Differential/ABALONES,EarthScope,fdsn,3
ZF_2011,515,ZF,54.40065,-160.397751,-133.0,2011-07-08 12:13:00.000,2011-07-11 20:40:59.000000,EDH EL1 EL2 ELZ (200 Hz),200.0,pressure+seismometer,HTI_90_U Hydrophone OBSIP-SIO/ABALONES | L28LB OBSIP-SIO Seismometer Differential/ABALONES,EarthScope,fdsn,3
ZF_2011,516,ZF,54.510849,-160.451981,-148.0,2011-07-08 13:25:00.000,2011-07-11 21:46:00.000000,EDH EL1 EL2 ELZ (200 Hz),200.0,pressure+seismometer,HTI_90_U Hydrophone OBSIP-SIO/ABALONES | L28LB OBSIP-SIO Seismometer Differential/ABALONES,EarthScope,fdsn,3
ZF_2011,517,ZF,54.620949,-160.50676,-117.0,2011-07-08 13:34:00.000,2011-07-11 22:51:59.000000,EDH EL1 EL2 ELZ (200 Hz),200.0,pressure+seismometer,HTI_90_U Hydrophone OBSIP-SIO/ABALONES | L28LB OBSIP-SIO Seismometer Differential/ABALONES,EarthScope,fdsn,3
ZF_2011,518,ZF,54.731197,-160.561569,-117.0,2011-07-08 15:07:00.000,2011-07-11 23:56:59.000000,EDH EL1 EL2 ELZ (200 Hz),200.0,pressure+seismometer,HTI_90_U Hydrophone OBSIP-SIO/ABALONES | L28LB OBSIP-SIO Seismometer Differential/ABALONES,EarthScope,fdsn,3
ZF_2011,519,ZF,54.841591,-160.617783,-97.0,2011-07-08 15:26:00.000,2011-07-12 01:02:59.000000,EDH EL1 EL2 ELZ (200 Hz),200.0,pressure+seismometer,HTI_90_U Hydrophone OBSIP-SIO/ABALONES | L28LB OBSIP-SIO Seismometer Differential/ABALONES,EarthScope,fdsn,3
ZF_2011,520,ZF,54.95192,-160.67244,-81.0,2011-07-08 16:27:00.000,2011-07-12 02:22:00.000000,EDH EL1 EL2 ELZ (200 Hz),200.0,pressure+seismometer,HTI_90_U Hydrophone OBSIP-SIO/ABALONES | L28LB OBSIP-SIO Seismometer Differential/ABALONES,EarthScope,fdsn,3
ZF_2011,521,ZF,55.06052,-160.735321,-108.0,2011-07-08 16:37:00.000,2011-07-12 03:40:00.000000,EDH EL1 EL2 ELZ (200 Hz),200.0,pressure+seismometer,HTI_90_U Hydrophone OBSIP-SIO/ABALONES | L28LB OBSIP-SIO Seismometer Differential/ABALONES,EarthScope,fdsn,3
ZL_2005,I01,ZL,26.7139,-110.467201,-1331.0,2005-10-18 19:21:00.000,2006-10-09 02:46:00.000000,BDH BH1 BH2 BHZ (31.25 Hz),31.25,pressure+seismometer,DPG_OBSIP pressure sensor/LCheapo 2000 Long Period | Nanometrics Trillium 240 Sec Response/LCheapo 2000,EarthScope,fdsn,355
ZL_2005,I02,ZL,25.684299,-110.099602,-2376.0,2005-10-18 10:55:00.000,2006-10-08 19:01:58.000000,BDH BH1 BH2 BHZ (31.25 Hz),31.25,pressure+seismometer,DPG_OBSIP pressure sensor/LCheapo 2000 Long Period | Nanometrics Trillium 240 Sec Response/LCheapo 2000,EarthScope,fdsn,355
ZL_2005,N03,ZL,27.457899,-111.6129,-1791.0,2005-10-19 17:45:00.000,2006-10-10 01:14:58.000000,BDH BH1 BH2 BHZ (31.25 Hz),31.25,pressure+seismometer,DPG_OBSIP pressure sensor/LCheapo 2000 Long Period | Nanometrics Trillium 240 Sec Response/LCheapo 2000,EarthScope,fdsn,355
ZL_2005,N04,ZL,27.365801,-111.458397,-2049.0,2005-10-19 07:48:00.000,2006-10-10 03:55:59.000000,BDH BH1 BH2 BHZ (31.25 Hz),31.25,pressure+seismometer,DPG_OBSIP pressure sensor/LCheapo 2000 Long Period | Nanometrics Trillium 240 Sec Response/LCheapo 2000,EarthScope,fdsn,355
ZL_2005,N06,ZL,27.174299,-111.153603,-1785.0,2005-10-19 02:11:00.000,2006-10-10 08:47:57.000000,BDH BH1 BH2 BHZ (31.25 Hz),31.25,pressure+seismometer,DPG_OBSIP pressure sensor/LCheapo 2000 Long Period | Nanometrics Trillium 240 Sec Response/LCheapo 2000,EarthScope,fdsn,356
ZL_2005,S02,ZL,23.7045,-108.612503,-2785.0,2005-10-17 05:44:00.000,2006-10-07 15:26:58.000000,BDH BH1 BH2 BHZ (31.25 Hz),31.25,pressure+seismometer,DPG_OBSIP pressure sensor/LCheapo 2000 Long Period | Nanometrics Trillium 240 Sec Response/LCheapo 2000,EarthScope,fdsn,355
ZL_2005,S03,ZL,23.598101,-108.458603,-2703.0,2005-10-17 04:27:00.000,2006-10-07 12:11:59.000000,BDH BH1 BH2 BHZ (31.25 Hz),31.25,pressure+seismometer,DPG_OBSIP pressure sensor/LCheapo 2000 Long Period | Nanometrics Trillium 240 Sec Response/LCheapo 2000,EarthScope,fdsn,355
ZL_2005,S04,ZL,23.4559,-108.250801,-2498.0,2005-10-16 15:52:00.000,2006-10-07 08:21:59.000000,BDH BH1 BH2 BHZ (31.25 Hz),31.25,pressure+seismometer,DPG_OBSIP pressure sensor/LCheapo 2000 Long Period | Nanometrics Trillium 240 Sec Response/LCheapo 2000,EarthScope,fdsn,355
ZL_2005,S05,ZL,23.347799,-108.094299,-2564.0,2005-10-16 14:43:00.000,2006-10-07 05:29:57.000000,BDH BH1 BH2 BHZ (31.25 Hz),31.25,pressure+seismometer,DPG_OBSIP pressure sensor/LCheapo 2000 Long Period | Nanometrics Trillium 240 Sec Response/LCheapo 2000,EarthScope,fdsn,355
ZL_2010,A01,ZL,33.629501,156.598007,-5420.0,2010-07-28 00:00:00.000,2010-08-30 23:59:59.000000,EDH EL1 EL2 ELZ (200 Hz); LDH LL1 LL2 LLZ (1 Hz),200.0,pressure+seismometer,Geospace GS-11D/Quanterra Q330 Linear Phase Below | HTI-90-U Hydrophone;/Quanterra Q330 Linear Phase B,EarthScope,fdsn,33
ZL_2010,A02,ZL,33.550098,156.791107,-5337.0,2010-07-28 00:00:00.000,2010-08-30 23:59:59.000000,EDH EL1 EL2 ELZ (200 Hz); LDH LL1 LL2 LLZ (1 Hz),200.0,pressure+seismometer,Geospace GS-11D/Quanterra Q330 Linear Phase Below | HTI-90-U Hydrophone;/Quanterra Q330 Linear Phase B,EarthScope,fdsn,33
ZL_2010,A03,ZL,33.4706,156.984406,-5154.0,2010-07-28 00:00:00.000,2010-08-30 23:59:59.000000,EDH EL1 EL2 ELZ (200 Hz); LDH LL1 LL2 LLZ (1 Hz),200.0,pressure+seismometer,Geospace GS-11D/Quanterra Q330 Linear Phase Below | HTI-90-U Hydrophone;/Quanterra Q330 Linear Phase B,EarthScope,fdsn,33
ZL_2010,A04,ZL,33.389198,157.1772,-4583.0,2010-07-28 00:00:00.000,2010-08-30 23:59:59.000000,EDH EL1 EL2 ELZ (200 Hz); LDH LL1 LL2 LLZ (1 Hz),200.0,pressure+seismometer,Geospace GS-11D/Quanterra Q330 Linear Phase Below | HTI-90-U Hydrophone;/Quanterra Q330 Linear Phase B,EarthScope,fdsn,33
ZL_2010,A05,ZL,33.3083,157.369293,-4289.0,2010-07-28 00:00:00.000,2010-08-31 00:38:30.000000,EDH EL1 EL2 ELZ (200 Hz); LDH LL1 LL2 LLZ (1 Hz),200.0,pressure+seismometer,Geospace GS-11D/Quanterra Q330 Linear Phase Below | HTI-90-U Hydrophone;/Quanterra Q330 Linear Phase B,EarthScope,fdsn,34
ZL_2010,A06,ZL,33.2272,157.561905,-3922.0,2010-07-28 00:00:00.000,2010-08-31 23:59:59.000000,EDH EL1 EL2 ELZ (200 Hz); LDH LL1 LL2 LLZ (1 Hz),200.0,pressure+seismometer,Geospace GS-11D/Quanterra Q330 Linear Phase Below | HTI-90-U Hydrophone;/Quanterra Q330 Linear Phase B,EarthScope,fdsn,34
ZL_2010,A07,ZL,33.1455,157.752502,-4016.0,2010-07-28 00:00:00.000,2010-08-31 23:59:59.000000,EDH EL1 EL2 ELZ (200 Hz); LDH LL1 LL2 LLZ (1 Hz),200.0,pressure+seismometer,Geospace GS-11D/Quanterra Q330 Linear Phase Below | HTI-90-U Hydrophone;/Quanterra Q330 Linear Phase B,EarthScope,fdsn,34
ZL_2010,A08,ZL,33.072102,157.925003,-3438.0,2010-07-28 00:00:00.000,2010-08-31 23:59:59.000000,EDH EL1 EL2 ELZ (200 Hz); LDH LL1 LL2 LLZ (1 Hz),200.0,pressure+seismometer,Geospace GS-11D/Quanterra Q330 Linear Phase Below | HTI-90-U Hydrophone;/Quanterra Q330 Linear Phase B,EarthScope,fdsn,34
ZL_2010,A09,ZL,32.981701,158.137604,-3198.0,2010-07-28 00:00:00.000,2010-08-31 23:59:59.000000,EDH EL1 EL2 ELZ (200 Hz); LDH LL1 LL2 LLZ (1 Hz),200.0,pressure+seismometer,Geospace GS-11D/Quanterra Q330 Linear Phase Below | HTI-90-U Hydrophone;/Quanterra Q330 Linear Phase B,EarthScope,fdsn,34
ZL_2010,A10,ZL,32.9207,158.278107,-2113.0,2010-07-28 00:00:00.000,2010-08-31 23:59:59.000000,EDH EL1 EL2 ELZ (200 Hz); LDH LL1 LL2 LLZ (1 Hz),200.0,pressure+seismometer,Geospace GS-11D/Quanterra Q330 Linear Phase Below | HTI-90-U Hydrophone;/Quanterra Q330 Linear Phase B,EarthScope,fdsn,34
ZL_2010,A11,ZL,32.8578,158.420502,-2702.0,2010-07-28 00:00:00.000,2010-08-31 23:59:59.000000,EDH EL1 EL2 ELZ (200 Hz); LDH LL1 LL2 LLZ (1 Hz),200.0,pressure+seismometer,Geospace GS-11D/Quanterra Q330 Linear Phase Below | HTI-90-U Hydrophone;/Quanterra Q330 Linear Phase B,EarthScope,fdsn,34
ZL_2010,A12,ZL,32.775398,158.610901,-2480.0,2010-07-27 00:00:00.000,2010-09-01 23:59:59.000000,EDH EL1 EL2 ELZ (200 Hz); LDH LL1 LL2 LLZ (1 Hz),200.0,pressure+seismometer,Geospace GS-11D/Quanterra Q330 Linear Phase Below | HTI-90-U Hydrophone;/Quanterra Q330 Linear Phase B,EarthScope,fdsn,36
ZL_2010,A13,ZL,32.704498,158.771393,-2463.0,2010-07-27 00:00:00.000,2010-09-01 23:59:59.000000,EDH EL1 EL2 ELZ (200 Hz); LDH LL1 LL2 LLZ (1 Hz),200.0,pressure+seismometer,Geospace GS-11D/Quanterra Q330 Linear Phase Below | HTI-90-U Hydrophone;/Quanterra Q330 Linear Phase B,EarthScope,fdsn,36
ZL_2010,A14,ZL,32.650398,158.894806,-2537.0,2010-07-27 00:00:00.000,2010-09-01 23:59:59.000000,EDH EL1 EL2 ELZ (200 Hz); LDH LL1 LL2 LLZ (1 Hz),200.0,pressure+seismometer,Geospace GS-11D/Quanterra Q330 Linear Phase Below | HTI-90-U Hydrophone;/Quanterra Q330 Linear Phase B,EarthScope,fdsn,36
ZL_2010,A15,ZL,32.5457,159.131104,-3080.0,2010-07-27 00:00:00.000,2010-09-01 23:59:59.000000,EDH EL1 EL2 ELZ (200 Hz); LDH LL1 LL2 LLZ (1 Hz),200.0,pressure+seismometer,Geospace GS-11D/Quanterra Q330 Linear Phase Below | HTI-90-U Hydrophone;/Quanterra Q330 Linear Phase B,EarthScope,fdsn,36
ZL_2010,A16,ZL,32.453499,159.338806,-3755.0,2010-07-27 00:00:00.000,2010-09-02 23:59:59.000000,EDH EL1 EL2 ELZ (200 Hz); LDH LL1 LL2 LLZ (1 Hz),200.0,pressure+seismometer,Geospace GS-11D/Quanterra Q330 Linear Phase Below | HTI-90-U Hydrophone;/Quanterra Q330 Linear Phase B,EarthScope,fdsn,37
ZL_2010,A17,ZL,32.3568,159.555206,-4334.0,2010-07-27 00:00:00.000,2010-09-02 23:59:59.000000,EDH EL1 EL2 ELZ (200 Hz); LDH LL1 LL2 LLZ (1 Hz),200.0,pressure+seismometer,Geospace GS-11D/Quanterra Q330 Linear Phase Below | HTI-90-U Hydrophone;/Quanterra Q330 Linear Phase B,EarthScope,fdsn,37
ZL_2010,A18,ZL,32.271999,159.743103,-4494.0,2010-07-27 00:00:00.000,2010-09-02 23:59:59.000000,EDH EL1 EL2 ELZ (200 Hz); LDH LL1 LL2 LLZ (1 Hz),200.0,pressure+seismometer,Geospace GS-11D/Quanterra Q330 Linear Phase Below | HTI-90-U Hydrophone;/Quanterra Q330 Linear Phase B,EarthScope,fdsn,37
ZL_2010,A19,ZL,32.187599,159.930298,-4992.0,2010-07-27 00:00:00.000,2010-09-02 23:59:59.000000,EDH EL1 EL2 ELZ (200 Hz); LDH LL1 LL2 LLZ (1 Hz),200.0,pressure+seismometer,Geospace GS-11D/Quanterra Q330 Linear Phase Below | HTI-90-U Hydrophone;/Quanterra Q330 Linear Phase B,EarthScope,fdsn,37
ZL_2010,A20,ZL,32.1022,160.117599,-5162.0,2010-07-27 00:00:00.000,2010-09-02 23:59:59.000000,EDH EL1 EL2 ELZ (200 Hz); LDH LL1 LL2 LLZ (1 Hz),200.0,pressure+seismometer,Geospace GS-11D/Quanterra Q330 Linear Phase Below | HTI-90-U Hydrophone;/Quanterra Q330 Linear Phase B,EarthScope,fdsn,37
ZL_2010,A21,ZL,31.995399,160.351196,-5334.0,2010-07-27 00:00:00.000,2010-09-02 23:59:59.000000,EDH EL1 EL2 ELZ (200 Hz); LDH LL1 LL2 LLZ (1 Hz),200.0,pressure+seismometer,Geospace GS-11D/Quanterra Q330 Linear Phase Below | HTI-90-U Hydrophone;/Quanterra Q330 Linear Phase B,EarthScope,fdsn,37
ZL_2010,B01,ZL,32.136501,158.233002,-2671.0,2010-07-28 00:00:00.000,2010-09-01 23:59:59.000000,EDH EL1 EL2 ELZ (200 Hz); LDH LL1 LL2 LLZ (1 Hz),200.0,pressure+seismometer,Geospace GS-11D/Quanterra Q330 Linear Phase Below | HTI-90-U Hydrophone;/Quanterra Q330 Linear Phase B,EarthScope,fdsn,35
ZL_2010,B02,ZL,32.298401,158.326401,-2558.0,2010-07-28 00:00:00.000,2010-09-01 23:59:59.000000,EDH EL1 EL2 ELZ (200 Hz); LDH LL1 LL2 LLZ (1 Hz),200.0,pressure+seismometer,Geospace GS-11D/Quanterra Q330 Linear Phase Below | HTI-90-U Hydrophone;/Quanterra Q330 Linear Phase B,EarthScope,fdsn,35
ZL_2010,B03,ZL,32.4594,158.421204,-2458.0,2010-07-28 00:00:00.000,2010-09-01 23:59:59.000000,EDH EL1 EL2 ELZ (200 Hz); LDH LL1 LL2 LLZ (1 Hz),200.0,pressure+seismometer,Geospace GS-11D/Quanterra Q330 Linear Phase Below | HTI-90-U Hydrophone;/Quanterra Q330 Linear Phase B,EarthScope,fdsn,35
ZL_2010,B04,ZL,32.620399,158.515701,-2392.0,2010-07-28 00:00:00.000,2010-09-01 23:59:59.000000,EDH EL1 EL2 ELZ (200 Hz); LDH LL1 LL2 LLZ (1 Hz),200.0,pressure+seismometer,Geospace GS-11D/Quanterra Q330 Linear Phase Below | HTI-90-U Hydrophone;/Quanterra Q330 Linear Phase B,EarthScope,fdsn,35
ZL_2010,B05,ZL,32.942501,158.705795,-2659.0,2010-07-27 00:00:00.000,2010-09-01 23:59:59.000000,EDH EL1 EL2 ELZ (200 Hz); LDH LL1 LL2 LLZ (1 Hz),200.0,pressure+seismometer,Geospace GS-11D/Quanterra Q330 Linear Phase Below | HTI-90-U Hydrophone;/Quanterra Q330 Linear Phase B,EarthScope,fdsn,36
ZL_2010,B06,ZL,33.103401,158.801895,-2996.0,2010-07-27 00:00:00.000,2010-08-31 23:59:59.000000,EDH EL1 EL2 ELZ (200 Hz); LDH LL1 LL2 LLZ (1 Hz),200.0,pressure+seismometer,Geospace GS-11D/Quanterra Q330 Linear Phase Below | HTI-90-U Hydrophone;/Quanterra Q330 Linear Phase B,EarthScope,fdsn,35
ZL_2010,B07,ZL,33.2645,158.8983,-3074.0,2010-07-26 00:00:00.000,2010-08-31 23:59:59.000000,EDH EL1 EL2 ELZ (200 Hz); LDH LL1 LL2 LLZ (1 Hz),200.0,pressure+seismometer,Geospace GS-11D/Quanterra Q330 Linear Phase Below | HTI-90-U Hydrophone;/Quanterra Q330 Linear Phase B,EarthScope,fdsn,36
ZM_2001,S1H16,ZM,-47.410198,100.838898,-2481.0,2001-12-12 00:00:00.000,2001-12-13 23:59:59.000000,EDH (200 Hz),200.0,pressure,OAS E-2PD Hydrophone;/WHOI 3rd Generation Ocean Bo,EarthScope,fdsn,1
ZM_2001,S1H20,ZM,-47.233299,100.469704,-2700.0,2001-12-12 00:00:00.000,2001-12-13 23:59:59.000000,EDH (200 Hz),200.0,pressure,OAS E-2PD Hydrophone;/WHOI 3rd Generation Ocean Bo,EarthScope,fdsn,1
ZM_2001,S1H25,ZM,-47.333401,100.670998,-2481.0,2001-12-12 00:00:00.000,2001-12-13 23:59:59.000000,EDH (200 Hz),200.0,pressure,OAS E-2SD Hydrophone;/WHOI 3rd Generation Ocean Bo,EarthScope,fdsn,1
ZM_2001,S1H27,ZM,-47.509899,101.054901,-2640.0,2001-12-12 00:00:00.000,2001-12-13 23:59:59.000000,EDH (200 Hz),200.0,pressure,OAS E-2PD Hydrophone;/WHOI 3rd Generation Ocean Bo,EarthScope,fdsn,1
ZM_2001,S2H16,ZM,-47.549599,100.674301,-2870.0,2001-12-14 00:00:00.000,2001-12-15 23:59:59.000000,EDH (200 Hz),200.0,pressure,OAS E-2PD Hydrophone;/WHOI 3rd Generation Ocean Bo,EarthScope,fdsn,1
ZM_2001,S2H20,ZM,-47.375599,100.319504,-2906.0,2001-12-14 00:00:00.000,2001-12-15 23:59:59.000000,EDH (200 Hz),200.0,pressure,OAS E-2PD Hydrophone;/WHOI 3rd Generation Ocean Bo,EarthScope,fdsn,1
ZM_2001,S2H25,ZM,-47.466,100.500603,-2813.0,2001-12-14 00:00:00.000,2001-12-15 23:59:59.000000,EDH (200 Hz),200.0,pressure,OAS E-2SD Hydrophone;/WHOI 3rd Generation Ocean Bo,EarthScope,fdsn,1
ZM_2001,S2H27,ZM,-47.672001,100.912498,-2888.0,2001-12-14 00:00:00.000,2001-12-15 23:59:59.000000,EDH (200 Hz),200.0,pressure,OAS E-2PD Hydrophone;/WHOI 3rd Generation Ocean Bo,EarthScope,fdsn,1
ZM_2001,S3H16,ZM,-47.811699,101.9748,-2832.0,2001-12-15 00:00:00.000,2001-12-17 23:59:59.000000,EDH (200 Hz),200.0,pressure,OAS E-2PD Hydrophone;/WHOI 3rd Generation Ocean Bo,EarthScope,fdsn,2
ZM_2001,S3H20,ZM,-47.6357,101.541496,-2822.0,2001-12-15 00:00:00.000,2001-12-16 23:59:59.000000,EDH (200 Hz),200.0,pressure,OAS E-2PD Hydrophone;/WHOI 3rd Generation Ocean Bo,EarthScope,fdsn,1
ZM_2001,S3H25,ZM,-47.733398,101.774803,-2732.0,2001-12-15 00:00:00.000,2001-12-16 23:59:59.000000,EDH (200 Hz),200.0,pressure,OAS E-2SD Hydrophone;/WHOI 3rd Generation Ocean Bo,EarthScope,fdsn,1
ZM_2001,S3H27,ZM,-47.916199,102.224602,-3007.0,2001-12-15 00:00:00.000,2001-12-17 23:59:59.000000,EDH (200 Hz),200.0,pressure,OAS E-2PD Hydrophone;/WHOI 3rd Generation Ocean Bo,EarthScope,fdsn,2
ZM_2001,S4H16,ZM,-47.9776,101.843002,-2940.0,2001-12-17 00:00:00.000,2001-12-20 23:59:59.000000,EDH (200 Hz),200.0,pressure,OAS E-2PD Hydrophone;/WHOI 3rd Generation Ocean Bo,EarthScope,fdsn,3
ZM_2001,S4H20,ZM,-47.833099,101.449097,-2981.0,2001-12-17 00:00:00.000,2001-12-20 23:59:59.000000,EDH (200 Hz),200.0,pressure,OAS E-2PD Hydrophone;/WHOI 3rd Generation Ocean Bo,EarthScope,fdsn,3
ZM_2001,S4H25,ZM,-47.8946,101.616203,-2905.0,2001-12-17 00:00:00.000,2001-12-20 23:59:59.000000,EDH (200 Hz),200.0,pressure,OAS E-2SD Hydrophone;/WHOI 3rd Generation Ocean Bo,EarthScope,fdsn,3
ZM_2001,S4H27,ZM,-48.0616,102.074997,-2920.0,2001-12-17 00:00:00.000,2001-12-20 23:59:59.000000,EDH (200 Hz),200.0,pressure,OAS E-2PD Hydrophone;/WHOI 3rd Generation Ocean Bo,EarthScope,fdsn,3
ZM_2001,S5H16,ZM,-49.549801,109.544601,-3273.0,2002-01-07 00:00:00.000,2002-01-11 23:59:59.000000,EDH (200 Hz),200.0,pressure,OAS E-2PD Hydrophone;/WHOI 3rd Generation Ocean Bo,EarthScope,fdsn,4
ZM_2001,S5H20,ZM,-49.6903,110.003197,-3271.0,2002-01-07 00:00:00.000,2002-01-12 23:59:59.000000,EDH (200 Hz),200.0,pressure,OAS E-2PD Hydrophone;/WHOI 3rd Generation Ocean Bo,EarthScope,fdsn,5
ZM_2001,S5H25,ZM,-49.624901,109.783897,-3437.0,2002-01-07 00:00:00.000,2002-01-12 23:59:59.000000,EDH (200 Hz),200.0,pressure,OAS E-2SD Hydrophone;/WHOI 3rd Generation Ocean Bo,EarthScope,fdsn,5
ZM_2001,S5H27,ZM,-49.483101,109.333199,-3232.0,2002-01-07 00:00:00.000,2002-01-11 00:00:00.000000,EDH (200 Hz),200.0,pressure,OAS E-2PD Hydrophone;/WHOI 3rd Generation Ocean Bo,EarthScope,fdsn,4
ZM_2001,S6H16,ZM,-49.98,115.049599,-4120.0,2002-01-13 00:00:00.000,2002-01-18 23:59:59.000000,EDH (200 Hz),200.0,pressure,OAS E-2PD Hydrophone;/WHOI 3rd Generation Ocean Bo,EarthScope,fdsn,5
ZM_2001,S6H20,ZM,-49.8783,114.561096,-4308.0,2002-01-13 00:00:00.000,2002-01-18 00:00:00.000000,EDH (200 Hz),200.0,pressure,OAS E-2PD Hydrophone;/WHOI 3rd Generation Ocean Bo,EarthScope,fdsn,5
ZM_2001,S6H25,ZM,-49.9212,114.759399,-4274.0,2002-01-13 00:00:00.000,2002-01-18 23:59:59.000000,EDH (200 Hz),200.0,pressure,OAS E-2SD Hydrophone;/WHOI 3rd Generation Ocean Bo,EarthScope,fdsn,5
ZM_2001,S6H27,ZM,-50.021599,115.254303,-4168.0,2002-01-13 00:00:00.000,2002-01-18 23:59:59.000000,EDH (200 Hz),200.0,pressure,OAS E-2PD Hydrophone;/WHOI 3rd Generation Ocean Bo,EarthScope,fdsn,5
ZM_2005,D18,ZM,30.1243,-42.080299,-1287.0,2005-06-05 00:00:00.000,2006-03-24 23:59:59.000000,EDH EL1 EL2 ELZ (100 Hz); LDH LL1 LL2 LLZ (1 Hz),100.0,pressure+seismometer,Geospace GS-11D/Quanterra Q330 Linear Phase Below | HTI-90-U Hydrophone;/Quanterra Q330 Linear Phase B,EarthScope,fdsn,292
ZM_2005,D21,ZM,30.187901,-41.987301,-3987.0,2005-06-05 00:00:00.000,2006-03-24 23:59:59.000000,EDH EL1 EL2 ELZ (100 Hz); LDH LL1 LL2 LLZ (1 Hz),100.0,pressure+seismometer,Geospace GS-11D/Quanterra Q330 Linear Phase Below | HTI-90-U Hydrophone;/Quanterra Q330 Linear Phase B,EarthScope,fdsn,292
ZM_2005,D29,ZM,30.0511,-42.125099,-3953.0,2005-06-05 00:00:00.000,2006-03-24 23:59:59.000000,EDH EL1 EL2 ELZ (100 Hz); LDH LL1 LL2 LLZ (1 Hz),100.0,pressure+seismometer,Geospace GS-11D/Quanterra Q330 Linear Phase Below | HTI-90-U Hydrophone;/Quanterra Q330 Linear Phase B,EarthScope,fdsn,292
ZM_2005,D41,ZM,30.0923,-41.976601,-4422.0,2005-06-05 00:00:00.000,2006-03-24 23:59:59.000000,EDH EL1 EL2 ELZ (100 Hz); LDH LL1 LL2 LLZ (1 Hz),100.0,pressure+seismometer,Geospace GS-11D/Quanterra Q330 Linear Phase Below | HTI-90-U Hydrophone;/Quanterra Q330 Linear Phase B,EarthScope,fdsn,292
ZM_2005,D58,ZM,30.191401,-42.115601,-1715.0,2005-06-05 00:00:00.000,2006-03-24 23:59:59.000000,EDH EL1 EL2 ELZ (100 Hz); LDH LL1 LL2 LLZ (1 Hz),100.0,pressure+seismometer,Geospace GS-11D/Quanterra Q330 Linear Phase Below | HTI-90-U Hydrophone;/Quanterra Q330 Linear Phase B,EarthScope,fdsn,292
ZN_2010,B,ZN,-9.7494,150.350494,-1205.0,2010-03-02 11:14:00.000,2011-01-27 03:29:00.000000,BDH BH1 BH2 BHZ (50 Hz),50.0,pressure+seismometer,Differential Pressure Gauge OBSIP-SIO/ABALONES-4x4 | Nanometrics Trillium 240 Single-Sided/ABALONES-4x4,EarthScope,fdsn,330
ZN_2010,D,ZN,-9.9434,150.707001,-1040.0,2010-03-02 02:59:00.000,2011-01-26 14:14:17.000000,BDH BH1 BH2 BHZ (50 Hz),50.0,pressure+seismometer,Differential Pressure Gauge OBSIP-SIO/ABALONES-4x4 | Nanometrics Trillium 240 Single-Sided/ABALONES-4x4,EarthScope,fdsn,330
ZN_2010,E,ZN,-10.0805,150.621307,-1400.0,2010-03-02 05:14:00.000,2011-01-26 11:40:59.000000,BDH BH1 BH2 BHZ (50 Hz),50.0,pressure+seismometer,Differential Pressure Gauge OBSIP-SIO/ABALONES-4x4 | Nanometrics Trillium 240 Single-Sided/ABALONES-4x4,EarthScope,fdsn,330
ZN_2010,F,ZN,-9.9505,150.200394,-1358.0,2010-03-02 07:49:00.000,2011-01-26 22:14:06.000000,BDH BH1 BH2 BHZ (50 Hz),50.0,pressure+seismometer,Differential Pressure Gauge OBSIP-SIO/ABALONES-4x4 | Nanometrics Trillium 240 Single-Sided/ABALONES-4x4,EarthScope,fdsn,330
ZN_2010,G,ZN,-9.3332,149.666794,-555.0,2010-03-03 05:54:00.000,2011-01-27 11:42:04.000000,BDH BH1 BH2 BHZ (50 Hz),50.0,pressure+seismometer,Differential Pressure Gauge OBSIP-SIO/ABALONES-4x4 | Nanometrics Trillium 240 Single-Sided/ABALONES-4x4,EarthScope,fdsn,330
ZN_2010,H,ZN,-8.9998,149.667694,-557.0,2010-03-03 09:04:00.000,2011-01-27 22:18:00.000000,BDH BH1 BH2 BHZ (50 Hz),50.0,pressure+seismometer,Differential Pressure Gauge OBSIP-SIO/ABALONES-4x4 | Nanometrics Trillium 240 Single-Sided/ABALONES-4x4,EarthScope,fdsn,330
ZN_2010,I,ZN,-9.4667,149.929504,-959.0,2010-03-03 02:33:00.000,2011-01-27 08:31:00.000000,BDH BH1 BH2 BHZ (50 Hz),50.0,pressure+seismometer,Differential Pressure Gauge OBSIP-SIO/ABALONES-4x4 | Nanometrics Trillium 240 Single-Sided/ABALONES-4x4,EarthScope,fdsn,330
ZN_2010,J,ZN,-8.8702,149.933502,-508.0,2010-03-03 11:15:00.000,2011-01-28 01:03:00.000000,BDH BH1 BH2 BHZ (50 Hz),50.0,pressure+seismometer,Differential Pressure Gauge OBSIP-SIO/ABALONES-4x4 | Nanometrics Trillium 240 Single-Sided/ABALONES-4x4,EarthScope,fdsn,330
ZS_2012,S01,ZS,39.870098,-70.962997,-880.0,2012-07-06 00:00:00.000,2012-12-06 23:59:59.000000,EDH EL1 EL2 ELZ (100 Hz); LDH LL1 LL2 LLZ (1 Hz); VPB (0.1 Hz),100.0,pressure+seismometer,Geospace GS-11D/Quanterra Q330 Linear Phase Compos | HTI-90-U Hydrophone;/Quanterra Q330 Linear Phase C | Quanterra Q330 Linear Phase Composite,EarthScope,fdsn,153
ZS_2012,S02,ZS,39.865601,-70.962997,-816.0,2012-07-06 00:00:00.000,2012-12-06 23:59:59.000000,EDH EL1 EL2 ELZ (100 Hz); LDH LL1 LL2 LLZ (1 Hz); VPB (0.1 Hz),100.0,pressure+seismometer,Geospace GS-11D/Quanterra Q330 Linear Phase Compos | HTI-90-U Hydrophone;/Quanterra Q330 Linear Phase C | Quanterra Q330 Linear Phase Composite,EarthScope,fdsn,153
ZS_2012,S03,ZS,39.862499,-70.962997,-825.0,2012-07-06 00:00:00.000,2012-12-06 23:59:59.000000,EDH EL1 EL2 ELZ (100 Hz); LDH LL1 LL2 LLZ (1 Hz); VPB (0.1 Hz),100.0,pressure+seismometer,Geospace GS-11D/Quanterra Q330 Linear Phase Compos | HTI-90-U Hydrophone;/Quanterra Q330 Linear Phase C | Quanterra Q330 Linear Phase Composite,EarthScope,fdsn,153
ZS_2012,S04,ZS,39.859699,-70.962097,-832.0,2012-07-06 00:00:00.000,2012-12-06 23:59:59.000000,EDH EL1 EL2 ELZ (100 Hz); LDH LL1 LL2 LLZ (1 Hz); VPB (0.1 Hz),100.0,pressure+seismometer,Geospace GS-11D/Quanterra Q330 Linear Phase Compos | HTI-90-U Hydrophone;/Quanterra Q330 Linear Phase C | Quanterra Q330 Linear Phase Composite,EarthScope,fdsn,153
ZS_2012,S05,ZS,39.862999,-70.956596,-838.0,2012-07-06 00:00:00.000,2012-12-06 23:59:59.000000,EDH EL1 EL2 ELZ (100 Hz); LDH LL1 LL2 LLZ (1 Hz); VPB (0.1 Hz),100.0,pressure+seismometer,Geospace GS-11D/Quanterra Q330 Linear Phase Compos | HTI-90-U Hydrophone;/Quanterra Q330 Linear Phase C | Quanterra Q330 Linear Phase Composite,EarthScope,fdsn,153
ZS_2012,S06,ZS,39.8522,-70.962997,-860.0,2012-07-06 00:00:00.000,2012-12-06 23:59:59.000000,EDH EL1 EL2 ELZ (100 Hz); LDH LL1 LL2 LLZ (1 Hz); VPB (0.1 Hz),100.0,pressure+seismometer,Geospace GS-11D/Quanterra Q330 Linear Phase Compos | HTI-90-U Hydrophone;/Quanterra Q330 Linear Phase C | Quanterra Q330 Linear Phase Composite,EarthScope,fdsn,153
ZS_2012,S07,ZS,39.856701,-70.957199,-843.0,2012-07-06 00:00:00.000,2012-12-07 23:59:59.000000,EDH EL1 EL2 ELZ (100 Hz); LDH LL1 LL2 LLZ (1 Hz); VPB (0.1 Hz),100.0,pressure+seismometer,Geospace GS-11D/Quanterra Q330 Linear Phase Compos | HTI-90-U Hydrophone;/Quanterra Q330 Linear Phase C | Quanterra Q330 Linear Phase Composite,EarthScope,fdsn,154
ZS_2012,S08,ZS,39.861099,-70.957199,-833.0,2012-07-06 00:00:00.000,2012-11-30 23:59:59.000000,EDH EL1 EL2 ELZ (100 Hz); LDH LL1 LL2 LLZ (1 Hz); VPB (0.1 Hz),100.0,pressure+seismometer,Geospace GS-11D/Quanterra Q330 Linear Phase Compos | HTI-90-U Hydrophone;/Quanterra Q330 Linear Phase C | Quanterra Q330 Linear Phase Composite,EarthScope,fdsn,147
ZS_2012,S09,ZS,39.8657,-70.9571,-838.0,2012-07-06 00:00:00.000,2012-12-06 23:59:59.000000,EDH EL1 EL2 ELZ (100 Hz); LDH LL1 LL2 LLZ (1 Hz); VPB (0.1 Hz),100.0,pressure+seismometer,Geospace GS-11D/Quanterra Q330 Linear Phase Compos | HTI-90-U Hydrophone;/Quanterra Q330 Linear Phase C | Quanterra Q330 Linear Phase Composite,EarthScope,fdsn,153
ZS_2012,S10,ZS,39.856602,-70.968903,-841.0,2012-07-06 00:00:00.000,2012-12-06 23:59:59.000000,EDH EL1 EL2 ELZ (100 Hz); LDH LL1 LL2 LLZ (1 Hz); VPB (0.1 Hz),100.0,pressure+seismometer,Geospace GS-11D/Quanterra Q330 Linear Phase Compos | HTI-90-U Hydrophone;/Quanterra Q330 Linear Phase C | Quanterra Q330 Linear Phase Composite,EarthScope,fdsn,153
ZS_2012,S12,ZS,39.8657,-70.968903,-816.0,2012-07-06 00:00:00.000,2012-12-07 23:59:59.000000,EDH EL1 EL2 ELZ (100 Hz); LDH LL1 LL2 LLZ (1 Hz); VPB (0.1 Hz),100.0,pressure+seismometer,Geospace GS-11D/Quanterra Q330 Linear Phase Compos | HTI-90-U Hydrophone;/Quanterra Q330 Linear Phase C | Quanterra Q330 Linear Phase Composite,EarthScope,fdsn,154
ZS_2012,W01,ZS,39.816799,-70.426804,-1031.0,2012-11-29 00:00:00.000,2013-09-12 23:59:59.000000,EDH EL1 EL2 ELZ (100 Hz); LDH LL1 LL2 LLZ (1 Hz); VPB (0.1 Hz),100.0,pressure+seismometer,Geospace GS-11D/Quanterra Q330 Linear Phase Compos | HTI-90-U Hydrophone;/Quanterra Q330 Linear Phase C | Quanterra Q330 Linear Phase Composite,EarthScope,fdsn,287
ZS_2012,W02,ZS,39.563499,-70.850502,-2386.0,2012-11-29 00:00:00.000,2013-09-12 23:59:59.000000,EDH EL1 EL2 ELZ (100 Hz); LDH LL1 LL2 LLZ (1 Hz); VPB (0.1 Hz),100.0,pressure+seismometer,Geospace GS-11D/Quanterra Q330 Linear Phase Compos | HTI-90-U Hydrophone;/Quanterra Q330 Linear Phase C | Quanterra Q330 Linear Phase Composite,EarthScope,fdsn,287
ZS_2012,W03,ZS,39.7948,-71.293098,-978.0,2012-11-29 00:00:00.000,2013-09-11 23:59:59.000000,EDH EL1 EL2 ELZ (100 Hz); LDH LL1 LL2 LLZ (1 Hz); VPB (0.1 Hz),100.0,pressure+seismometer,Geospace GS-11D/Quanterra Q330 Linear Phase Compos | HTI-90-U Hydrophone;/Quanterra Q330 Linear Phase C | Quanterra Q330 Linear Phase Composite,EarthScope,fdsn,286
ZS_2012,W04,ZS,39.432899,-71.475601,-2288.0,2012-11-29 00:00:00.000,2013-11-22 23:59:59.000000,EDH EL1 EL2 ELZ (100 Hz); LDH LL1 LL2 LLZ (1 Hz); VPB (0.1 Hz),100.0,pressure+seismometer,Geospace GS-11D/Quanterra Q330 Linear Phase Compos | HTI-90-U Hydrophone;/Quanterra Q330 Linear Phase C | Quanterra Q330 Linear Phase Composite,EarthScope,fdsn,358
ZS_2012,W05,ZS,39.379101,-71.982002,-927.0,2012-11-29 00:00:00.000,2013-09-12 23:59:59.000000,EDH EL1 EL2 ELZ (100 Hz); LDH LL1 LL2 LLZ (1 Hz); VPB (0.1 Hz),100.0,pressure+seismometer,Geospace GS-11D/Quanterra Q330 Linear Phase Compos | HTI-90-U Hydrophone;/Quanterra Q330 Linear Phase C | Quanterra Q330 Linear Phase Composite,EarthScope,fdsn,287
ZT_2003,ALST0,ZT,39.272598,-70.055199,-2645.0,2003-11-19 00:00:00.000,2004-01-19 23:59:59.000000,BDH BH1 BH2 BHZ BLZ SHE SHN (40 Hz); LDH LH1 LH2 LHZ (1 Hz),40.0,pressure+seismometer,Mark Products L-4C/Quanterra Q330 Linear Phase Bel | SIO Differential Pressure Gauge/Quanterra Q330 Lin,EarthScope,fdsn,61
ZU_2002,10,ZU,44.569099,-125.114197,-957.0,2002-08-16 00:00:00.000,2002-08-19 23:59:59.000000,EDH EL1 EL2 ELZ (200 Hz); LDH LL1 LL2 LLZ (1 Hz); VPB (0.1 Hz),200.0,pressure+seismometer,Geospace GS-11D/Quanterra Q330 Linear Phase Below | HTI-90-U Hydrophone;/Quanterra Q330 Linear Phase B | Quanterra Q330 Linear Phase Below 100 Composite,EarthScope,fdsn,3
ZU_2002,12,ZU,44.5695,-125.105499,-1037.0,2002-08-20 00:00:00.000,2002-08-25 23:59:59.000000,EDH EL1 EL2 ELZ (200 Hz); LDH LL1 LL2 LLZ (1 Hz); VPB (0.1 Hz),200.0,pressure+seismometer,Geospace GS-11D/Quanterra Q330 Linear Phase Below | HTI-90-U Hydrophone;/Quanterra Q330 Linear Phase B | Quanterra Q330 Linear Phase Below 100 Composite,EarthScope,fdsn,5
ZU_2002,14,ZU,44.569698,-125.096199,-1113.0,2002-08-20 00:00:00.000,2002-08-25 23:59:59.000000,EDH EL1 EL2 ELZ (200 Hz); LDH LL1 LL2 LLZ (1 Hz); VPB (0.1 Hz),200.0,pressure+seismometer,Geospace GS-11D/Quanterra Q330 Linear Phase Below | HTI-90-U Hydrophone;/Quanterra Q330 Linear Phase B | Quanterra Q330 Linear Phase Below 100 Composite,EarthScope,fdsn,5
ZU_2002,16,ZU,44.569801,-125.087196,-1159.0,2002-08-20 00:00:00.000,2002-08-25 23:59:59.000000,EDH EL1 EL2 ELZ (200 Hz); LDH LL1 LL2 LLZ (1 Hz); VPB (0.1 Hz),200.0,pressure+seismometer,Geospace GS-11D/Quanterra Q330 Linear Phase Below | HTI-90-U Hydrophone;/Quanterra Q330 Linear Phase B | Quanterra Q330 Linear Phase Below 100 Composite,EarthScope,fdsn,5
ZU_2002,18,ZU,44.569901,-125.078598,-1203.0,2002-08-20 00:00:00.000,2002-08-24 23:59:59.000000,EDH EL1 EL2 ELZ (200 Hz); LDH LL1 LL2 LLZ (1 Hz); VPB (0.1 Hz),200.0,pressure+seismometer,Geospace GS-11D/Quanterra Q330 Linear Phase Below | HTI-90-U Hydrophone;/Quanterra Q330 Linear Phase B | Quanterra Q330 Linear Phase Below 100 Composite,EarthScope,fdsn,4
ZU_2002,2,ZU,44.568298,-125.150398,-805.0,2002-08-16 00:00:00.000,2002-08-20 00:21:49.000000,EDH EL1 EL2 ELZ (200 Hz); LDH LL1 LL2 LLZ (1 Hz); VPB (0.1 Hz),200.0,pressure+seismometer,Geospace GS-11D/Quanterra Q330 Linear Phase Below | HTI-90-U Hydrophone;/Quanterra Q330 Linear Phase B | Quanterra Q330 Linear Phase Below 100 Composite,EarthScope,fdsn,4
ZU_2002,20,ZU,44.570099,-125.069298,-1231.0,2002-08-20 00:00:00.000,2002-08-24 23:59:59.000000,EDH EL1 EL2 ELZ (200 Hz); LDH LL1 LL2 LLZ (1 Hz); VPB (0.1 Hz),200.0,pressure+seismometer,Geospace GS-11D/Quanterra Q330 Linear Phase Below | HTI-90-U Hydrophone;/Quanterra Q330 Linear Phase B | Quanterra Q330 Linear Phase Below 100 Composite,EarthScope,fdsn,4
ZU_2002,21A,ZU,44.570301,-125.1474,-779.0,2002-08-25 00:00:00.000,2002-08-30 23:59:59.000000,EDH EL1 EL2 ELZ (200 Hz); LDH LL1 LL2 LLZ (1 Hz); VPB (0.1 Hz),200.0,pressure+seismometer,Geospace GS-11D/Quanterra Q330 Linear Phase Below | HTI-90-U Hydrophone;/Quanterra Q330 Linear Phase B | Quanterra Q330 Linear Phase Below 100 Composite,EarthScope,fdsn,5
ZU_2002,22A,ZU,44.570301,-125.146202,-782.0,2002-08-25 00:00:00.000,2002-08-30 23:59:59.000000,EDH EL1 EL2 ELZ (200 Hz); LDH LL1 LL2 LLZ (1 Hz); VPB (0.1 Hz),200.0,pressure+seismometer,Geospace GS-11D/Quanterra Q330 Linear Phase Below | HTI-90-U Hydrophone;/Quanterra Q330 Linear Phase B | Quanterra Q330 Linear Phase Below 100 Composite,EarthScope,fdsn,5
ZU_2002,4,ZU,44.5686,-125.141403,-818.0,2002-08-16 00:00:00.000,2002-08-19 23:59:59.000000,EDH EL1 EL2 ELZ (200 Hz); LDH LL1 LL2 LLZ (1 Hz); VPB (0.1 Hz),200.0,pressure+seismometer,Geospace GS-11D/Quanterra Q330 Linear Phase Below | HTI-90-U Hydrophone;/Quanterra Q330 Linear Phase B | Quanterra Q330 Linear Phase Below 100 Composite,EarthScope,fdsn,3
ZU_2002,6A,ZU,44.568901,-125.133301,-866.0,2002-08-25 00:00:00.000,2002-08-26 23:59:59.000000,EDH EL1 EL2 ELZ (200 Hz); LDH LL1 LL2 LLZ (1 Hz); VPB (0.1 Hz),200.0,pressure+seismometer,Geospace GS-11D/Quanterra Q330 Linear Phase Below | HTI-90-U Hydrophone;/Quanterra Q330 Linear Phase B | Quanterra Q330 Linear Phase Below 100 Composite,EarthScope,fdsn,1
ZU_2002,8,ZU,44.569,-125.123299,-892.0,2002-08-16 00:00:00.000,2002-08-19 23:59:59.000000,EDH EL1 EL2 ELZ (200 Hz); LDH LL1 LL2 LLZ (1 Hz); VPB (0.1 Hz),200.0,pressure+seismometer,Geospace GS-11D/Quanterra Q330 Linear Phase Below | HTI-90-U Hydrophone;/Quanterra Q330 Linear Phase B | Quanterra Q330 Linear Phase Below 100 Composite,EarthScope,fdsn,3
ZU_2009,NZ01,ZU,-44.4981,165.001602,-4682.0,2009-01-31 00:00:00.000,2010-02-04 23:59:59.000000,BDH BH1 BH2 BHZ (50 Hz),50.0,pressure+seismometer,Differential Pressure Gauge OBSIP-SIO/LCheapo2000 | Nanometrics Trillium 240 Single-Sided/LCheapo2000,EarthScope,fdsn,369
ZU_2009,NZ02,ZU,-43.998001,166.501099,-3816.0,2009-02-01 00:00:00.000,2010-02-04 23:59:59.000000,BDH BH1 BH2 BHZ (50 Hz),50.0,pressure+seismometer,Differential Pressure Gauge OBSIP-SIO/LCheapo2000 | Nanometrics Trillium 240 Single-Sided/LCheapo2000,EarthScope,fdsn,368
ZU_2009,NZ03,ZU,-43.001801,165.999496,-4225.0,2009-02-02 00:00:00.000,2010-02-05 23:59:59.000000,BDH BH1 BH2 BHZ (50 Hz),50.0,pressure+seismometer,Differential Pressure Gauge OBSIP-SIO/LCheapo2000 | Nanometrics Trillium 240 Single-Sided/LCheapo2000,EarthScope,fdsn,368
ZU_2009,NZ04,ZU,-41.999298,165.502396,-4470.0,2009-02-02 00:00:00.000,2010-02-06 23:59:59.000000,BDH BH1 BH2 BHZ (50 Hz),50.0,pressure+seismometer,Differential Pressure Gauge OBSIP-SIO/LCheapo2000 | Nanometrics Trillium 240 Single-Sided/LCheapo2000,EarthScope,fdsn,369
ZU_2009,NZ05,ZU,-40.6493,167.251007,-1188.0,2009-02-03 00:00:00.000,2010-01-29 23:59:59.000000,BDH BH1 BH2 BHZ (50 Hz),50.0,pressure+seismometer,Differential Pressure Gauge OBSIP-SIO/LCheapo2000 | Nanometrics Trillium 240 Single-Sided/LCheapo2000,EarthScope,fdsn,360
ZU_2009,NZ06,ZU,-39.749802,168.001099,-859.0,2009-02-03 00:00:00.000,2010-01-29 23:59:59.000000,BDH BH1 BH2 BHZ (50 Hz),50.0,pressure+seismometer,Differential Pressure Gauge OBSIP-SIO/LCheapo2000 | Nanometrics Trillium 240 Single-Sided/LCheapo2000,EarthScope,fdsn,360
ZU_2009,NZ07,ZU,-40.250099,169.000305,-852.0,2009-02-03 00:00:00.000,2010-01-29 23:59:59.000000,BDH BH1 BH2 BHZ (50 Hz),50.0,pressure+seismometer,Differential Pressure Gauge OBSIP-SIO/LCheapo2000 | Nanometrics Trillium 240 Single-Sided/LCheapo2000,EarthScope,fdsn,360
ZU_2009,NZ08,ZU,-40.999802,168.501099,-995.0,2009-02-04 00:00:00.000,2010-01-30 23:59:59.000000,BDH BH1 BH2 BHZ (50 Hz),50.0,pressure+seismometer,Differential Pressure Gauge OBSIP-SIO/LCheapo2000 | Nanometrics Trillium 240 Single-Sided/LCheapo2000,EarthScope,fdsn,360
ZU_2009,NZ09,ZU,-41.6507,167.899796,-1335.0,2009-02-04 00:00:00.000,2010-02-01 23:59:59.000000,BDH BH1 BH2 BHZ (50 Hz),50.0,pressure+seismometer,Differential Pressure Gauge OBSIP-SIO/LCheapo2000 | Nanometrics Trillium 240 Single-Sided/LCheapo2000,EarthScope,fdsn,362
ZU_2009,NZ10,ZU,-43.200699,168.000397,-1193.0,2009-02-04 00:00:00.000,2010-02-05 23:59:59.000000,BDH BH1 BH2 BHZ (50 Hz),50.0,pressure+seismometer,Differential Pressure Gauge OBSIP-SIO/LCheapo2000 | Nanometrics Trillium 240 Single-Sided/LCheapo2000,EarthScope,fdsn,366
ZU_2009,NZ11,ZU,-43.299999,168.850204,-911.0,2009-02-04 00:00:00.000,2010-02-02 23:59:59.000000,BDH BH1 BH2 BHZ (50 Hz),50.0,pressure+seismometer,Differential Pressure Gauge OBSIP-SIO/LCheapo2000 | Nanometrics Trillium 240 Single-Sided/LCheapo2000,EarthScope,fdsn,363
ZU_2009,NZ12,ZU,-43.001701,169.598602,-625.0,2009-02-05 00:00:00.000,2010-02-02 23:59:59.000000,BDH BH1 BH2 BHZ (50 Hz),50.0,pressure+seismometer,Differential Pressure Gauge OBSIP-SIO/LCheapo2000 | Nanometrics Trillium 240 Single-Sided/LCheapo2000,EarthScope,fdsn,362
ZU_2009,NZ13,ZU,-42.499699,169.0,-1165.0,2009-02-05 00:00:00.000,2010-02-01 23:59:59.000000,BDH BH1 BH2 BHZ (50 Hz),50.0,pressure+seismometer,Differential Pressure Gauge OBSIP-SIO/LCheapo2000 | Nanometrics Trillium 240 Single-Sided/LCheapo2000,EarthScope,fdsn,361
ZU_2009,NZ14,ZU,-42.6506,169.949997,-633.0,2009-02-06 00:00:00.000,2010-01-31 23:59:59.000000,BDH BH1 BH2 BHZ (50 Hz),50.0,pressure+seismometer,Differential Pressure Gauge OBSIP-SIO/LCheapo2000 | Nanometrics Trillium 40 Single Sided/LCheapo2000 D,EarthScope,fdsn,359
ZU_2009,NZ15,ZU,-42.1506,170.399597,-561.0,2009-02-06 00:00:00.000,2009-06-18 23:59:59.000000,BDH BH1 BH2 BHZ (50 Hz),50.0,pressure+seismometer,Differential Pressure Gauge OBSIP-SIO/LCheapo2000 | Nanometrics Trillium 240 Single-Sided/LCheapo2000,EarthScope,fdsn,132
ZU_2009,NZ16,ZU,-41.749901,169.2491,-1063.0,2009-02-06 00:00:00.000,2010-01-30 23:59:59.000000,BDH BH1 BH2 BHZ (50 Hz),50.0,pressure+seismometer,Differential Pressure Gauge OBSIP-SIO/LCheapo2000 | Nanometrics Trillium 240 Single-Sided/LCheapo2000,EarthScope,fdsn,358
ZU_2009,NZ18,ZU,-41.000198,170.0,-805.0,2009-02-07 00:00:00.000,2010-01-28 23:59:59.000000,BDH BH1 BH2 BHZ (50 Hz),50.0,pressure+seismometer,Differential Pressure Gauge OBSIP-SIO/LCheapo2000 | Nanometrics Trillium 240 Single-Sided/LCheapo2000,EarthScope,fdsn,355
ZU_2009,NZ19,ZU,-40.750198,170.900406,-549.0,2009-02-08 00:00:00.000,2010-01-27 23:59:59.000000,BDH BH1 BH2 BHZ (50 Hz),50.0,pressure+seismometer,Differential Pressure Gauge OBSIP-SIO/LCheapo2000 | Nanometrics Trillium 240 Single-Sided/LCheapo2000,EarthScope,fdsn,353
ZU_2009,NZ20,ZU,-40.199501,170.750305,-714.0,2009-02-08 00:00:00.000,2010-01-27 23:59:59.000000,BDH BH1 BH2 BHZ (50 Hz),50.0,pressure+seismometer,Differential Pressure Gauge OBSIP-SIO/LCheapo2000 | Nanometrics Trillium 240 Single-Sided/LCheapo2000,EarthScope,fdsn,353
ZU_2009,NZ21,ZU,-39.5005,170.000107,-676.0,2009-02-08 00:00:00.000,2010-01-27 23:59:59.000000,BDH BH1 BH2 BHZ (50 Hz),50.0,pressure+seismometer,Differential Pressure Gauge OBSIP-SIO/LCheapo2000 | Nanometrics Trillium 240 Single-Sided/LCheapo2000,EarthScope,fdsn,353
ZU_2009,NZ22,ZU,-44.500599,173.998703,-776.0,2009-02-12 00:00:00.000,2010-02-14 23:59:59.000000,BDH BH1 BH2 BHZ (50 Hz),50.0,pressure+seismometer,Differential Pressure Gauge OBSIP-SIO/LCheapo2000 | Nanometrics Trillium 240 Single-Sided/LCheapo2000,EarthScope,fdsn,367
ZU_2009,NZ23,ZU,-45.149399,174.852005,-1091.0,2009-02-12 00:00:00.000,2010-02-12 23:59:59.000000,BDH BH1 BH2 BHZ (50 Hz),50.0,pressure+seismometer,Differential Pressure Gauge OBSIP-SIO/LCheapo2000 | Nanometrics Trillium 240 Single-Sided/LCheapo2000,EarthScope,fdsn,365
ZU_2009,NZ24,ZU,-45.498402,176.002594,-1507.0,2009-02-14 00:00:00.000,2010-02-12 23:59:59.000000,BDH BH1 BH2 BHZ (50 Hz),50.0,pressure+seismometer,Differential Pressure Gauge OBSIP-SIO/LCheapo2000 | Nanometrics Trillium 240 Single-Sided/LCheapo2000,EarthScope,fdsn,363
ZU_2009,NZ25,ZU,-45.997799,174.750397,-1727.0,2009-02-15 00:00:00.000,2010-02-12 23:59:59.000000,BDH BH1 BH2 BHZ (50 Hz),50.0,pressure+seismometer,Differential Pressure Gauge OBSIP-SIO/LCheapo2000 | Nanometrics Trillium 240 Single-Sided/LCheapo2000,EarthScope,fdsn,362
ZU_2009,NZ26,ZU,-46.997898,174.498398,-1316.0,2009-02-15 00:00:00.000,2010-02-11 23:59:59.000000,BDH BH1 BH2 BHZ (50 Hz),50.0,pressure+seismometer,Differential Pressure Gauge OBSIP-SIO/LCheapo2000 | Nanometrics Trillium 240 Single-Sided/LCheapo2000,EarthScope,fdsn,361
ZU_2009,NZ27,ZU,-46.500702,173.249695,-1544.0,2009-02-16 00:00:00.000,2010-02-11 23:59:59.000000,BDH BH1 BH2 BHZ (50 Hz),50.0,pressure+seismometer,Differential Pressure Gauge OBSIP-SIO/LCheapo2000 | Nanometrics Trillium 240 Single-Sided/LCheapo2000,EarthScope,fdsn,360
ZU_2009,NZ28,ZU,-45.963902,171.751404,-1328.0,2009-02-16 00:00:00.000,2010-02-11 23:59:59.000000,BDH BH1 BH2 BHZ (50 Hz),50.0,pressure+seismometer,Differential Pressure Gauge OBSIP-SIO/LCheapo2000 | Nanometrics Trillium 240 Single-Sided/LCheapo2000,EarthScope,fdsn,360
ZU_2009,NZ29,ZU,-45.247398,172.253494,-1383.0,2009-02-17 00:00:00.000,2010-02-13 23:59:59.000000,BDH BH1 BH2 BHZ (50 Hz),50.0,pressure+seismometer,Differential Pressure Gauge OBSIP-SIO/LCheapo2000 | Nanometrics Trillium 240 Single-Sided/LCheapo2000,EarthScope,fdsn,361
ZU_2009,NZ30,ZU,-45.498001,173.501007,-1416.0,2009-02-17 00:00:00.000,2010-02-13 23:59:59.000000,BDH BH1 BH2 BHZ (50 Hz),50.0,pressure+seismometer,Differential Pressure Gauge OBSIP-SIO/LCheapo2000 | Nanometrics Trillium 240 Single-Sided/LCheapo2000,EarthScope,fdsn,361
ZU_2018,101,ZU,18.84335,-157.61711,-4555.0,2018-09-17 20:08:00.000,2018-10-14 09:21:59.997600,EDH EL1 EL2 ELZ (200 Hz),200.0,pressure+seismometer,HTI_90_U Hydrophone OBSIP-SIO/ABALONES | L28LB OBSIP-SIO Seismometer Differential/ABALONES,EarthScope,fdsn,26
ZU_2018,102,ZU,18.938078,-157.515289,-4515.0,2018-09-15 00:00:00.000,2018-10-16 23:59:59.000000,EDH EL1 EL2 ELZ (200 Hz); LDH LL1 LL2 LLZ (1 Hz); VPB (0.1 Hz),200.0,pressure+seismometer,Geospace GS-11D/Quanterra Q330 Linear Phase Compos | HTI-90-U Hydrophone;/Quanterra Q330 Linear Phase C | Quanterra Q330 Linear Phase Composite,EarthScope,fdsn,31
ZU_2018,103,ZU,19.032829,-157.4133,-4549.0,2018-09-15 00:00:00.000,2018-10-16 23:59:59.000000,EDH EL1 EL2 ELZ (200 Hz); LDH LL1 LL2 LLZ (1 Hz); VPB (0.1 Hz),200.0,pressure+seismometer,Geospace GS-11D/Quanterra Q330 Linear Phase Compos | HTI-90-U Hydrophone;/Quanterra Q330 Linear Phase C | Quanterra Q330 Linear Phase Composite,EarthScope,fdsn,31
ZU_2018,104,ZU,19.127533,-157.312393,-4616.0,2018-09-15 00:00:00.000,2018-10-15 23:59:59.000000,EDH EL1 EL2 ELZ (200 Hz); LDH LL1 LL2 LLZ (1 Hz); VPB (0.1 Hz),200.0,pressure+seismometer,Geospace GS-11D/Quanterra Q330 Linear Phase Compos | HTI-90-U Hydrophone;/Quanterra Q330 Linear Phase C | Quanterra Q330 Linear Phase Composite,EarthScope,fdsn,30
ZU_2018,105,ZU,19.222176,-157.21051,-3934.0,2018-09-15 00:00:00.000,2018-10-15 23:59:59.000000,EDH EL1 EL2 ELZ (200 Hz); LDH LL1 LL2 LLZ (1 Hz); VPB (0.1 Hz),200.0,pressure+seismometer,Geospace GS-11D/Quanterra Q330 Linear Phase Compos | HTI-90-U Hydrophone;/Quanterra Q330 Linear Phase C | Quanterra Q330 Linear Phase Composite,EarthScope,fdsn,30
ZU_2018,106,ZU,19.316533,-157.10818,-2607.0,2018-09-18 00:51:00.000,2018-10-13 20:48:59.982600,EDH EL1 EL2 ELZ (200 Hz),200.0,pressure+seismometer,HTI_90_U Hydrophone OBSIP-SIO/ABALONES | L28LB OBSIP-SIO Seismometer Differential/ABALONES,EarthScope,fdsn,25
ZU_2018,107,ZU,19.41124,-157.00605,-2221.0,2018-09-18 02:02:00.000,2018-10-13 18:46:59.940600,EDH EL1 EL2 ELZ (200 Hz),200.0,pressure+seismometer,HTI_90_U Hydrophone OBSIP-SIO/ABALONES | L28LB OBSIP-SIO Seismometer Differential/ABALONES,EarthScope,fdsn,25
ZU_2018,108,ZU,19.505213,-156.90412,-4753.0,2018-09-18 03:17:00.000,2018-10-13 16:57:59.781800,EDH EL1 EL2 ELZ (200 Hz),200.0,pressure+seismometer,HTI_90_U Hydrophone OBSIP-SIO/ABALONES | L28LB OBSIP-SIO Seismometer Differential/ABALONES,EarthScope,fdsn,25
ZU_2018,109,ZU,19.599493,-156.80096,-4482.0,2018-09-18 04:12:00.000,2018-10-13 14:16:59.876900,EDH EL1 EL2 ELZ (200 Hz),200.0,pressure+seismometer,HTI_90_U Hydrophone OBSIP-SIO/ABALONES | L28LB OBSIP-SIO Seismometer Differential/ABALONES,EarthScope,fdsn,25
ZU_2018,110,ZU,19.69398,-156.69892,-4294.0,2018-09-18 04:47:00.000,2018-10-13 11:38:00.440000,EDH EL1 EL2 ELZ (200 Hz),200.0,pressure+seismometer,HTI_90_U Hydrophone OBSIP-SIO/ABALONES | L28LB OBSIP-SIO Seismometer Differential/ABALONES,EarthScope,fdsn,25
ZU_2018,111,ZU,19.788172,-156.59609,-4807.0,2018-09-18 05:40:00.000,2018-10-13 09:04:59.959000,EDH EL1 EL2 ELZ (200 Hz),200.0,pressure+seismometer,HTI_90_U Hydrophone OBSIP-SIO/ABALONES | L28LB OBSIP-SIO Seismometer Differential/ABALONES,EarthScope,fdsn,25
ZU_2018,112,ZU,19.880883,-156.49461,-4791.0,2018-09-18 06:42:00.000,2018-10-13 06:15:59.957000,EDH EL1 EL2 ELZ (200 Hz),200.0,pressure+seismometer,HTI_90_U Hydrophone OBSIP-SIO/ABALONES | L28LB OBSIP-SIO Seismometer Differential/ABALONES,EarthScope,fdsn,24
ZU_2018,113,ZU,19.97648,-156.39162,-3087.0,2018-09-18 07:31:00.000,2018-10-13 03:31:59.987800,EDH EL1 EL2 ELZ (200 Hz),200.0,pressure+seismometer,HTI_90_U Hydrophone OBSIP-SIO/ABALONES | L28LB OBSIP-SIO Seismometer Differential/ABALONES,EarthScope,fdsn,24
ZU_2018,114,ZU,20.07091,-156.28834,-1259.0,2018-09-18 08:34:00.000,2018-10-13 01:10:59.970500,EDH EL1 EL2 ELZ (200 Hz),200.0,pressure+seismometer,HTI_90_U Hydrophone OBSIP-SIO/ABALONES | L28LB OBSIP-SIO Seismometer Differential/ABALONES,EarthScope,fdsn,24
ZU_2018,115,ZU,20.164118,-156.1854,-1085.0,2018-09-18 09:41:00.000,2018-10-12 23:22:59.992900,EDH EL1 EL2 ELZ (200 Hz),200.0,pressure+seismometer,HTI_90_U Hydrophone OBSIP-SIO/ABALONES | L28LB OBSIP-SIO Seismometer Differential/ABALONES,EarthScope,fdsn,24
ZU_2018,116,ZU,20.2583,-156.0816,-957.0,2018-09-18 11:09:00.000,2018-10-12 21:34:59.959800,EDH EL1 EL2 ELZ (200 Hz),200.0,pressure+seismometer,HTI_90_U Hydrophone OBSIP-SIO/ABALONES | L28LB OBSIP-SIO Seismometer Differential/ABALONES,EarthScope,fdsn,24
ZU_2018,117,ZU,20.352152,-155.97836,-744.0,2018-09-18 11:35:00.000,2018-10-12 19:50:00.281000,EDH EL1 EL2 ELZ (200 Hz),200.0,pressure+seismometer,HTI_90_U Hydrophone OBSIP-SIO/ABALONES | L28LB OBSIP-SIO Seismometer Differential/ABALONES,EarthScope,fdsn,24
ZU_2018,118,ZU,20.44245,-155.87853,-937.0,2018-09-18 12:43:00.000,2018-10-12 18:24:59.964700,EDH EL1 EL2 ELZ (200 Hz),200.0,pressure+seismometer,HTI_90_U Hydrophone OBSIP-SIO/ABALONES | L28LB OBSIP-SIO Seismometer Differential/ABALONES,EarthScope,fdsn,24
ZU_2018,119,ZU,20.53625,-155.77471,-2768.0,2018-09-18 13:38:00.000,2018-10-12 16:56:50.840300,EDH EL1 EL2 ELZ (200 Hz),200.0,pressure+seismometer,HTI_90_U Hydrophone OBSIP-SIO/ABALONES | L28LB OBSIP-SIO Seismometer Differential/ABALONES,EarthScope,fdsn,24
ZU_2018,120,ZU,20.6331,-155.66715,-1871.0,2018-09-18 14:06:00.000,2018-10-12 14:56:59.969000,EDH EL1 EL2 ELZ (200 Hz),200.0,pressure+seismometer,HTI_90_U Hydrophone OBSIP-SIO/ABALONES | L28LB OBSIP-SIO Seismometer Differential/ABALONES,EarthScope,fdsn,24
ZU_2018,121,ZU,20.72672,-155.56336,-1723.0,2018-09-18 15:07:00.000,2018-10-12 13:11:00.241000,EDH EL1 EL2 ELZ (200 Hz),200.0,pressure+seismometer,HTI_90_U Hydrophone OBSIP-SIO/ABALONES | L28LB OBSIP-SIO Seismometer Differential/ABALONES,EarthScope,fdsn,23
ZU_2018,122,ZU,20.820267,-155.460464,-3397.0,2018-09-16 00:00:00.000,2018-10-13 23:59:59.000000,EDH EL1 EL2 ELZ (200 Hz); LDH LL1 LL2 LLZ (1 Hz); VPB (0.1 Hz),200.0,pressure+seismometer,Geospace GS-11D/Quanterra Q330 Linear Phase Compos | HTI-90-U Hydrophone;/Quanterra Q330 Linear Phase C | Quanterra Q330 Linear Phase Composite,EarthScope,fdsn,27
ZU_2018,123,ZU,20.91371,-155.355377,-4909.0,2018-09-16 00:00:00.000,2018-10-13 23:59:59.000000,EDH EL1 EL2 ELZ (200 Hz); LDH LL1 LL2 LLZ (1 Hz); VPB (0.1 Hz),200.0,pressure+seismometer,Geospace GS-11D/Quanterra Q330 Linear Phase Compos | HTI-90-U Hydrophone;/Quanterra Q330 Linear Phase C | Quanterra Q330 Linear Phase Composite,EarthScope,fdsn,27
ZU_2018,124,ZU,20.991158,-155.271347,-5376.0,2018-09-16 00:00:00.000,2018-10-13 23:59:59.000000,EDH EL1 EL2 ELZ (200 Hz); LDH LL1 LL2 LLZ (1 Hz); VPB (0.1 Hz),200.0,pressure+seismometer,Geospace GS-11D/Quanterra Q330 Linear Phase Compos | HTI-90-U Hydrophone;/Quanterra Q330 Linear Phase C | Quanterra Q330 Linear Phase Composite,EarthScope,fdsn,27
ZU_2018,125,ZU,21.231358,-155.000961,-5485.0,2018-09-17 00:00:00.000,2018-10-13 23:59:59.000000,EDH EL1 EL2 ELZ (200 Hz); LDH LL1 LL2 LLZ (1 Hz); VPB (0.1 Hz),200.0,pressure+seismometer,Geospace GS-11D/Quanterra Q330 Linear Phase Compos | HTI-90-U Hydrophone;/Quanterra Q330 Linear Phase C | Quanterra Q330 Linear Phase Composite,EarthScope,fdsn,26
ZU_2018,127,ZU,21.39155,-154.82086,-5261.0,2018-09-19 00:10:00.000,2018-10-11 20:11:00.296000,EDH EL1 EL2 ELZ (200 Hz),200.0,pressure+seismometer,HTI_90_U Hydrophone OBSIP-SIO/ABALONES | L28LB OBSIP-SIO Seismometer Differential/ABALONES,EarthScope,fdsn,22
ZU_2018,128,ZU,21.47153,-154.73073,-4961.0,2018-09-19 01:23:00.000,2018-10-11 17:25:59.964000,EDH EL1 EL2 ELZ (200 Hz),200.0,pressure+seismometer,HTI_90_U Hydrophone OBSIP-SIO/ABALONES | L28LB OBSIP-SIO Seismometer Differential/ABALONES,EarthScope,fdsn,22
ZU_2018,129,ZU,21.55148,-154.64049,-4936.0,2018-09-19 03:08:00.000,2018-10-11 14:37:00.733000,EDH EL1 EL2 ELZ (200 Hz),200.0,pressure+seismometer,HTI_90_U Hydrophone OBSIP-SIO/ABALONES | L28LB OBSIP-SIO Seismometer Differential/ABALONES,EarthScope,fdsn,22
ZU_2018,130,ZU,21.631445,-154.55012,-4991.0,2018-09-19 04:05:00.000,2018-10-11 11:55:00.235000,EDH EL1 EL2 ELZ (200 Hz),200.0,pressure+seismometer,HTI_90_U Hydrophone OBSIP-SIO/ABALONES | L28LB OBSIP-SIO Seismometer Differential/ABALONES,EarthScope,fdsn,22
ZU_2018,131,ZU,21.72055,-154.44919,-5208.0,2018-09-19 05:05:00.000,2018-10-11 09:13:00.127000,EDH EL1 EL2 ELZ (200 Hz),200.0,pressure+seismometer,HTI_90_U Hydrophone OBSIP-SIO/ABALONES | L28LB OBSIP-SIO Seismometer Differential/ABALONES,EarthScope,fdsn,22
ZU_2018,132,ZU,21.79127,-154.36921,-5153.0,2018-09-19 06:04:00.000,2018-10-11 06:27:00.155000,EDH EL1 EL2 ELZ (200 Hz),200.0,pressure+seismometer,HTI_90_U Hydrophone OBSIP-SIO/ABALONES | L28LB OBSIP-SIO Seismometer Differential/ABALONES,EarthScope,fdsn,22
ZU_2018,133,ZU,21.87126,-154.27825,-5304.0,2018-09-19 06:58:00.000,2018-10-11 03:46:59.931100,EDH EL1 EL2 ELZ (200 Hz),200.0,pressure+seismometer,HTI_90_U Hydrophone OBSIP-SIO/ABALONES | L28LB OBSIP-SIO Seismometer Differential/ABALONES,EarthScope,fdsn,21
ZU_2018,134,ZU,21.950873,-154.18751,-4861.0,2018-09-19 08:01:00.000,2018-10-11 00:55:00.650000,EDH EL1 EL2 ELZ (200 Hz),200.0,pressure+seismometer,HTI_90_U Hydrophone OBSIP-SIO/ABALONES | L28LB OBSIP-SIO Seismometer Differential/ABALONES,EarthScope,fdsn,21
ZU_2018,135,ZU,22.03081,-154.09641,-4451.0,2018-09-19 09:03:00.000,2018-10-10 22:02:00.849000,EDH EL1 EL2 ELZ (200 Hz),200.0,pressure+seismometer,HTI_90_U Hydrophone OBSIP-SIO/ABALONES | L28LB OBSIP-SIO Seismometer Differential/ABALONES,EarthScope,fdsn,21
ZU_2018,201,ZU,19.257943,-159.12765,-4621.0,2018-09-14 16:23:00.000,2018-10-14 20:05:00.418000,EDH EL1 EL2 ELZ (200 Hz),200.0,pressure+seismometer,HTI_90_U Hydrophone OBSIP-SIO/ABALONES | L28LB OBSIP-SIO Seismometer Differential/ABALONES,EarthScope,fdsn,30
ZU_2018,202,ZU,19.37454,-159.09433,-4451.0,2018-09-14 15:08:00.000,2018-10-14 22:37:59.978900,SDH SL1 SL2 SLZ (50 Hz),50.0,pressure+seismometer,HTI_90_U Hydrophone OBSIP-SIO/ABALONES | L28LB OBSIP-SIO Seismometer Differential/ABALONES,EarthScope,fdsn,30
ZU_2018,203,ZU,19.506808,-159.05757,-4861.0,2018-09-14 14:02:00.000,2018-10-15 01:30:59.982200,EDH EL1 EL2 ELZ (200 Hz),200.0,pressure+seismometer,HTI_90_U Hydrophone OBSIP-SIO/ABALONES | L28LB OBSIP-SIO Seismometer Differential/ABALONES,EarthScope,fdsn,30
ZU_2018,204,ZU,19.638633,-159.02048,-4479.0,2018-09-14 12:42:00.000,2018-10-15 04:21:59.950700,EDH EL1 EL2 ELZ (200 Hz),200.0,pressure+seismometer,HTI_90_U Hydrophone OBSIP-SIO/ABALONES | L28LB OBSIP-SIO Seismometer Differential/ABALONES,EarthScope,fdsn,30
ZU_2018,205,ZU,19.770768,-158.98245,-4394.0,2018-09-14 11:44:00.000,2018-10-15 07:26:59.987900,EDH EL1 EL2 ELZ (200 Hz),200.0,pressure+seismometer,HTI_90_U Hydrophone OBSIP-SIO/ABALONES | L28LB OBSIP-SIO Seismometer Differential/ABALONES,EarthScope,fdsn,30
ZU_2018,206,ZU,19.902655,-158.94548,-4406.0,2018-09-14 10:57:00.000,2018-10-15 10:07:00.110000,EDH EL1 EL2 ELZ (200 Hz),200.0,pressure+seismometer,HTI_90_U Hydrophone OBSIP-SIO/ABALONES | L28LB OBSIP-SIO Seismometer Differential/ABALONES,EarthScope,fdsn,30
ZU_2018,207,ZU,20.03461,-158.9077,-4406.0,2018-09-14 10:19:00.000,2018-10-15 13:14:00.109000,EDH EL1 EL2 ELZ (200 Hz),200.0,pressure+seismometer,HTI_90_U Hydrophone OBSIP-SIO/ABALONES | L28LB OBSIP-SIO Seismometer Differential/ABALONES,EarthScope,fdsn,31
ZU_2018,208,ZU,20.166953,-158.87043,-4058.0,2018-09-14 09:07:00.000,2018-10-15 15:45:59.989200,EDH EL1 EL2 ELZ (200 Hz),200.0,pressure+seismometer,HTI_90_U Hydrophone OBSIP-SIO/ABALONES | L28LB OBSIP-SIO Seismometer Differential/ABALONES,EarthScope,fdsn,31
ZU_2018,209,ZU,20.299023,-158.8326,-4298.0,2018-09-14 07:51:00.000,2018-10-15 18:19:59.941200,EDH EL1 EL2 ELZ (200 Hz),200.0,pressure+seismometer,HTI_90_U Hydrophone OBSIP-SIO/ABALONES | L28LB OBSIP-SIO Seismometer Differential/ABALONES,EarthScope,fdsn,31
ZU_2018,210,ZU,20.430997,-158.79527,-4218.0,2018-09-14 06:40:00.000,2018-10-15 20:46:59.731500,EDH EL1 EL2 ELZ (200 Hz),200.0,pressure+seismometer,HTI_90_U Hydrophone OBSIP-SIO/ABALONES | L28LB OBSIP-SIO Seismometer Differential/ABALONES,EarthScope,fdsn,31
ZU_2018,211,ZU,20.562618,-158.75854,-4023.0,2018-09-14 05:34:00.000,2018-10-15 23:19:59.908800,EDH EL1 EL2 ELZ (200 Hz),200.0,pressure+seismometer,HTI_90_U Hydrophone OBSIP-SIO/ABALONES | L28LB OBSIP-SIO Seismometer Differential/ABALONES,EarthScope,fdsn,31
ZU_2018,212,ZU,20.69526,-158.71926,-3946.0,2018-09-14 04:25:00.000,2018-10-16 02:01:00.765000,EDH EL1 EL2 ELZ (200 Hz),200.0,pressure+seismometer,HTI_90_U Hydrophone OBSIP-SIO/ABALONES | L28LB OBSIP-SIO Seismometer Differential/ABALONES,EarthScope,fdsn,31
ZU_2018,213,ZU,20.82699,-158.68137,-4145.0,2018-09-14 03:38:00.000,2018-10-16 04:52:59.944800,EDH EL1 EL2 ELZ (200 Hz),200.0,pressure+seismometer,HTI_90_U Hydrophone OBSIP-SIO/ABALONES | L28LB OBSIP-SIO Seismometer Differential/ABALONES,EarthScope,fdsn,32
ZU_2018,214,ZU,20.959118,-158.64342,-4527.0,2018-09-14 02:14:00.000,2018-10-16 07:43:59.965300,EDH EL1 EL2 ELZ (200 Hz),200.0,pressure+seismometer,HTI_90_U Hydrophone OBSIP-SIO/ABALONES | L28LB OBSIP-SIO Seismometer Differential/ABALONES,EarthScope,fdsn,32
ZU_2018,215,ZU,21.090965,-158.6053,-4160.0,2018-09-14 01:00:00.000,2018-10-16 10:26:59.948800,EDH EL1 EL2 ELZ (200 Hz),200.0,pressure+seismometer,HTI_90_U Hydrophone OBSIP-SIO/ABALONES | L28LB OBSIP-SIO Seismometer Differential/ABALONES,EarthScope,fdsn,32
ZU_2018,216,ZU,21.223258,-158.56761,-2796.0,2018-09-13 23:55:00.000,2018-10-16 12:37:59.995400,EDH EL1 EL2 ELZ (200 Hz),200.0,pressure+seismometer,HTI_90_U Hydrophone OBSIP-SIO/ABALONES | L28LB OBSIP-SIO Seismometer Differential/ABALONES,EarthScope,fdsn,32
ZU_2018,217,ZU,21.354947,-158.5295,-2617.0,2018-09-13 22:01:00.000,2018-10-16 14:34:59.804100,EDH EL1 EL2 ELZ (200 Hz),200.0,pressure+seismometer,HTI_90_U Hydrophone OBSIP-SIO/ABALONES | L28LB OBSIP-SIO Seismometer Differential/ABALONES,EarthScope,fdsn,32
ZU_2018,218,ZU,21.487165,-158.490952,-2593.0,2018-09-11 00:00:00.000,2018-10-17 23:59:59.000000,EDH EL1 EL2 ELZ (200 Hz); LDH LL1 LL2 LLZ (1 Hz); VPB (0.1 Hz),200.0,pressure+seismometer,Geospace GS-11D/Quanterra Q330 Linear Phase Compos | HTI-90-U Hydrophone;/Quanterra Q330 Linear Phase C | Quanterra Q330 Linear Phase Composite,EarthScope,fdsn,36
ZU_2018,219,ZU,21.619179,-158.452271,-731.0,2018-09-11 00:00:00.000,2018-10-17 23:59:59.000000,EDH EL1 EL2 ELZ (200 Hz); LDH LL1 LL2 LLZ (1 Hz); VPB (0.1 Hz),200.0,pressure+seismometer,Geospace GS-11D/Quanterra Q330 Linear Phase Compos | HTI-90-U Hydrophone;/Quanterra Q330 Linear Phase C | Quanterra Q330 Linear Phase Composite,EarthScope,fdsn,36
ZU_2018,220,ZU,21.751154,-158.414383,-1139.0,2018-09-11 00:00:00.000,2018-10-18 23:59:59.000000,EDH EL1 EL2 ELZ (200 Hz); LDH LL1 LL2 LLZ (1 Hz); VPB (0.1 Hz),200.0,pressure+seismometer,Geospace GS-11D/Quanterra Q330 Linear Phase Compos | HTI-90-U Hydrophone;/Quanterra Q330 Linear Phase C | Quanterra Q330 Linear Phase Composite,EarthScope,fdsn,37
ZU_2018,221,ZU,21.88308,-158.376144,-2606.0,2018-09-11 00:00:00.000,2018-10-18 23:59:59.000000,EDH EL1 EL2 ELZ (200 Hz); LDH LL1 LL2 LLZ (1 Hz); VPB (0.1 Hz),200.0,pressure+seismometer,Geospace GS-11D/Quanterra Q330 Linear Phase Compos | HTI-90-U Hydrophone;/Quanterra Q330 Linear Phase C | Quanterra Q330 Linear Phase Composite,EarthScope,fdsn,37
ZU_2018,222,ZU,22.014998,-158.33737,-4225.0,2018-09-13 15:13:00.000,2018-10-17 01:33:59.821700,EDH EL1 EL2 ELZ (200 Hz),200.0,pressure+seismometer,HTI_90_U Hydrophone OBSIP-SIO/ABALONES | L28LB OBSIP-SIO Seismometer Differential/ABALONES,EarthScope,fdsn,33
ZU_2018,223,ZU,22.14677,-158.29928,-4767.0,2018-09-13 14:02:00.000,2018-10-17 04:24:00.441000,EDH EL1 EL2 ELZ (200 Hz),200.0,pressure+seismometer,HTI_90_U Hydrophone OBSIP-SIO/ABALONES | L28LB OBSIP-SIO Seismometer Differential/ABALONES,EarthScope,fdsn,33
ZU_2018,224,ZU,22.278447,-158.25989,-5098.0,2018-09-13 12:48:00.000,2018-10-17 07:17:59.935500,EDH EL1 EL2 ELZ (200 Hz),200.0,pressure+seismometer,HTI_90_U Hydrophone OBSIP-SIO/ABALONES | L28LB OBSIP-SIO Seismometer Differential/ABALONES,EarthScope,fdsn,33
ZU_2018,225,ZU,22.41061,-158.22155,-4846.0,2018-09-13 11:44:00.000,2018-10-17 10:05:00.526000,EDH EL1 EL2 ELZ (200 Hz),200.0,pressure+seismometer,HTI_90_U Hydrophone OBSIP-SIO/ABALONES | L28LB OBSIP-SIO Seismometer Differential/ABALONES,EarthScope,fdsn,33
ZU_2018,226,ZU,22.542453,-158.18258,-4854.0,2018-09-13 10:30:00.000,2018-10-17 12:59:59.951300,EDH EL1 EL2 ELZ (200 Hz),200.0,pressure+seismometer,HTI_90_U Hydrophone OBSIP-SIO/ABALONES | L28LB OBSIP-SIO Seismometer Differential/ABALONES,EarthScope,fdsn,34
ZU_2018,227,ZU,22.674228,-158.1445,-4775.0,2018-09-13 09:44:00.000,2018-10-17 15:45:59.953700,EDH EL1 EL2 ELZ (200 Hz),200.0,pressure+seismometer,HTI_90_U Hydrophone OBSIP-SIO/ABALONES | L28LB OBSIP-SIO Seismometer Differential/ABALONES,EarthScope,fdsn,34
ZU_2018,228,ZU,22.8071,-158.1054,-4747.0,2018-09-13 08:11:00.000,2018-10-17 18:36:00.108000,EDH EL1 EL2 ELZ (200 Hz),200.0,pressure+seismometer,HTI_90_U Hydrophone OBSIP-SIO/ABALONES | L28LB OBSIP-SIO Seismometer Differential/ABALONES,EarthScope,fdsn,34
ZU_2018,229,ZU,22.938255,-158.06669,-4677.0,2018-09-12 23:24:00.000,2018-10-17 21:16:59.937900,EDH EL1 EL2 ELZ (200 Hz),200.0,pressure+seismometer,HTI_90_U Hydrophone OBSIP-SIO/ABALONES | L28LB OBSIP-SIO Seismometer Differential/ABALONES,EarthScope,fdsn,34
ZU_2018,230,ZU,23.07074,-158.027328,-4823.0,2018-09-11 00:00:00.000,2018-10-19 23:59:59.000000,EDH EL1 EL2 ELZ (200 Hz); LDH LL1 LL2 LLZ (1 Hz); VPB (0.1 Hz),200.0,pressure+seismometer,Geospace GS-11D/Quanterra Q330 Linear Phase Compos | HTI-90-U Hydrophone;/Quanterra Q330 Linear Phase C | Quanterra Q330 Linear Phase Composite,EarthScope,fdsn,38
ZU_2018,231,ZU,23.202084,-157.987305,-4542.9,2018-09-11 00:00:00.000,2018-10-19 23:59:59.000000,EDH EL1 EL2 ELZ (200 Hz); LDH LL1 LL2 LLZ (1 Hz); VPB (0.1 Hz),200.0,pressure+seismometer,Geospace GS-11D/Quanterra Q330 Linear Phase Compos | HTI-90-U Hydrophone;/Quanterra Q330 Linear Phase C | Quanterra Q330 Linear Phase Composite,EarthScope,fdsn,38
ZU_2018,232,ZU,23.333622,-157.948517,-4505.0,2018-09-11 00:00:00.000,2018-10-19 23:59:59.000000,EDH EL1 EL2 ELZ (200 Hz); LDH LL1 LL2 LLZ (1 Hz); VPB (0.1 Hz),200.0,pressure+seismometer,Geospace GS-11D/Quanterra Q330 Linear Phase Compos | HTI-90-U Hydrophone;/Quanterra Q330 Linear Phase C | Quanterra Q330 Linear Phase Composite,EarthScope,fdsn,38
ZU_2018,233,ZU,23.465865,-157.9097,-4482.0,2018-09-12 18:17:00.000,2018-10-18 07:44:59.804500,EDH EL1 EL2 ELZ (200 Hz),200.0,pressure+seismometer,HTI_90_U Hydrophone OBSIP-SIO/ABALONES | L28LB OBSIP-SIO Seismometer Differential/ABALONES,EarthScope,fdsn,35
ZU_2018,234,ZU,23.59762,-157.86481,-4452.0,2018-09-12 16:40:00.000,2018-10-18 10:29:59.963400,EDH EL1 EL2 ELZ (200 Hz),200.0,pressure+seismometer,HTI_90_U Hydrophone OBSIP-SIO/ABALONES | L28LB OBSIP-SIO Seismometer Differential/ABALONES,EarthScope,fdsn,35
ZU_2018,235,ZU,23.729237,-157.83051,-4450.0,2018-09-12 13:36:00.000,2018-10-18 13:13:59.925000,EDH EL1 EL2 ELZ (200 Hz),200.0,pressure+seismometer,HTI_90_U Hydrophone OBSIP-SIO/ABALONES | L28LB OBSIP-SIO Seismometer Differential/ABALONES,EarthScope,fdsn,35
ZU_2018,E114,ZU,46.0429,168.905304,-5499.0,2019-05-03 00:00:00.000,2019-05-12 23:59:59.000000,EDH EL1 EL2 ELZ (200 Hz); LDH LL1 LL2 LLZ (1 Hz); VPB (0.1 Hz),200.0,pressure+seismometer,Geospace GS-11D/Quanterra Q330 Linear Phase Compos | HTI-90-U Hydrophone;/Quanterra Q330 Linear Phase C | Quanterra Q330 Linear Phase Composite,EarthScope,fdsn,9
ZU_2018,E115,ZU,46.066002,169.094299,-3629.4,2019-05-01 00:00:00.000,2019-05-12 23:59:59.000000,EDH EL1 EL2 ELZ (200 Hz); LDH LL1 LL2 LLZ (1 Hz); VPB (0.1 Hz),200.0,pressure+seismometer,Geospace GS-11D/Quanterra Q330 Linear Phase Compos | HTI-90-U Hydrophone;/Quanterra Q330 Linear Phase C | Quanterra Q330 Linear Phase Composite,EarthScope,fdsn,11
ZU_2018,E116,ZU,46.085701,169.259598,-1595.1,2019-05-01 00:00:00.000,2019-05-12 23:59:59.000000,EDH EL1 EL2 ELZ (200 Hz); LDH LL1 LL2 LLZ (1 Hz); VPB (0.1 Hz),200.0,pressure+seismometer,Geospace GS-11D/Quanterra Q330 Linear Phase Compos | HTI-90-U Hydrophone;/Quanterra Q330 Linear Phase C | Quanterra Q330 Linear Phase Composite,EarthScope,fdsn,11
ZU_2018,E117,ZU,46.106201,169.432297,-1336.5,2019-05-01 00:00:00.000,2019-05-11 23:59:59.000000,EDH EL1 EL2 ELZ (200 Hz); LDH LL1 LL2 LLZ (1 Hz); VPB (0.1 Hz),200.0,pressure+seismometer,Geospace GS-11D/Quanterra Q330 Linear Phase Compos | HTI-90-U Hydrophone;/Quanterra Q330 Linear Phase C | Quanterra Q330 Linear Phase Composite,EarthScope,fdsn,10
ZU_2018,E118,ZU,46.122799,169.574997,-1394.7,2019-05-01 00:00:00.000,2019-05-27 23:59:59.000000,EDH EL1 EL2 ELZ (200 Hz); LDH LL1 LL2 LLZ (1 Hz); VPB (0.1 Hz),200.0,pressure+seismometer,Geospace GS-11D/Quanterra Q330 Linear Phase Compos | HTI-90-U Hydrophone;/Quanterra Q330 Linear Phase C | Quanterra Q330 Linear Phase Composite,EarthScope,fdsn,26
ZU_2018,E119,ZU,46.140999,169.7332,-1936.6,2019-05-01 00:00:00.000,2019-05-11 23:59:59.000000,EDH EL1 EL2 ELZ (200 Hz); LDH LL1 LL2 LLZ (1 Hz); VPB (0.1 Hz),200.0,pressure+seismometer,Geospace GS-11D/Quanterra Q330 Linear Phase Compos | HTI-90-U Hydrophone;/Quanterra Q330 Linear Phase C | Quanterra Q330 Linear Phase Composite,EarthScope,fdsn,10
ZU_2018,E120,ZU,46.161098,169.912094,-5372.5,2019-05-01 00:00:00.000,2019-05-11 23:59:59.000000,EDH EL1 EL2 ELZ (200 Hz); LDH LL1 LL2 LLZ (1 Hz); VPB (0.1 Hz),200.0,pressure+seismometer,Geospace GS-11D/Quanterra Q330 Linear Phase Compos | HTI-90-U Hydrophone;/Quanterra Q330 Linear Phase C | Quanterra Q330 Linear Phase Composite,EarthScope,fdsn,10
ZU_2018,E207,ZU,46.525101,169.415695,-2238.5,2019-05-19 00:00:00.000,2019-05-27 23:59:59.000000,EDH EL1 EL2 ELZ (200 Hz); LDH LL1 LL2 LLZ (1 Hz); VPB (0.1 Hz),200.0,pressure+seismometer,Geospace GS-11D/Quanterra Q330 Linear Phase Compos | HTI-90-U Hydrophone;/Quanterra Q330 Linear Phase C | Quanterra Q330 Linear Phase Composite,EarthScope,fdsn,8
ZU_2018,E209,ZU,46.323898,169.495895,-1644.6,2019-05-18 00:00:00.000,2019-05-26 23:59:59.000000,EDH EL1 EL2 ELZ (200 Hz); LDH LL1 LL2 LLZ (1 Hz); VPB (0.1 Hz),200.0,pressure+seismometer,Geospace GS-11D/Quanterra Q330 Linear Phase Compos | HTI-90-U Hydrophone;/Quanterra Q330 Linear Phase C | Quanterra Q330 Linear Phase Composite,EarthScope,fdsn,8
ZU_2018,E212,ZU,45.905602,169.660904,-2867.6,2019-05-18 00:00:00.000,2019-05-27 23:59:59.000000,EDH EL1 EL2 ELZ (200 Hz); LDH LL1 LL2 LLZ (1 Hz); VPB (0.1 Hz),200.0,pressure+seismometer,Geospace GS-11D/Quanterra Q330 Linear Phase Compos | HTI-90-U Hydrophone;/Quanterra Q330 Linear Phase C | Quanterra Q330 Linear Phase Composite,EarthScope,fdsn,9
ZU_2018,E221,ZU,44.670601,170.131607,-1409.6,2019-05-17 00:00:00.000,2019-05-27 23:59:59.000000,EDH EL1 EL2 ELZ (200 Hz); LDH LL1 LL2 LLZ (1 Hz); VPB (0.1 Hz),200.0,pressure+seismometer,Geospace GS-11D/Quanterra Q330 Linear Phase Compos | HTI-90-U Hydrophone;/Quanterra Q330 Linear Phase C | Quanterra Q330 Linear Phase Composite,EarthScope,fdsn,10
ZU_2018,E223,ZU,44.465199,170.208099,-1196.2,2019-05-17 00:00:00.000,2019-05-27 23:59:59.000000,EDH EL1 EL2 ELZ (200 Hz); LDH LL1 LL2 LLZ (1 Hz); VPB (0.1 Hz),200.0,pressure+seismometer,Geospace GS-11D/Quanterra Q330 Linear Phase Compos | HTI-90-U Hydrophone;/Quanterra Q330 Linear Phase C | Quanterra Q330 Linear Phase Composite,EarthScope,fdsn,10
ZU_2018,E225,ZU,44.260101,170.283707,-2069.1,2019-05-17 00:00:00.000,2019-05-27 23:59:59.000000,EDH EL1 EL2 ELZ (200 Hz); LDH LL1 LL2 LLZ (1 Hz); VPB (0.1 Hz),200.0,pressure+seismometer,Geospace GS-11D/Quanterra Q330 Linear Phase Compos | HTI-90-U Hydrophone;/Quanterra Q330 Linear Phase C | Quanterra Q330 Linear Phase Composite,EarthScope,fdsn,10
ZU_2018,E227,ZU,44.054798,170.358902,-3663.6,2019-05-19 00:00:00.000,2019-05-27 23:59:59.000000,EDH EL1 EL2 ELZ (200 Hz); LDH LL1 LL2 LLZ (1 Hz); VPB (0.1 Hz),200.0,pressure+seismometer,Geospace GS-11D/Quanterra Q330 Linear Phase Compos | HTI-90-U Hydrophone;/Quanterra Q330 Linear Phase C | Quanterra Q330 Linear Phase Composite,EarthScope,fdsn,8
ZV_2006,OBS01,ZV,59.368198,-153.263596,-46.8,2006-02-08 00:00:00.000,2006-03-26 23:59:59.000000,EDH EL1 EL2 ELZ (100 Hz); LDH LL1 LL2 LLZ (1 Hz),100.0,pressure+seismometer,Geospace GS-11D/Quanterra Q330 Linear Phase Below | HTI-90-U Hydrophone;/Quanterra Q330 Linear Phase B,EarthScope,fdsn,46
ZV_2006,OBS04,ZV,59.273399,-153.546906,-32.4,2006-02-08 00:00:00.000,2006-03-27 23:59:59.000000,EDH EL1 EL2 ELZ (100 Hz); LDH LL1 LL2 LLZ (1 Hz),100.0,pressure+seismometer,Geospace GS-11D/Quanterra Q330 Linear Phase Below | HTI-90-U Hydrophone;/Quanterra Q330 Linear Phase B,EarthScope,fdsn,47
ZV_2006,OBS05,ZV,59.229698,-153.395798,-48.6,2006-02-08 00:00:00.000,2006-03-26 23:59:59.000000,EDH EL1 EL2 ELZ (100 Hz); LDH LL1 LL2 LLZ (1 Hz),100.0,pressure+seismometer,Geospace GS-11D/Quanterra Q330 Linear Phase Below | HTI-90-U Hydrophone;/Quanterra Q330 Linear Phase B,EarthScope,fdsn,46
ZX_2019,BRA02,ZX,-62.6599,-59.4864,-1338.0,2019-01-12 05:57:00.000,2020-02-11 12:24:00.000000,HDH HH1 HH2 HHZ (100 Hz),100.0,pressure+seismometer,"HiTech HTI-04-PLC-ULF hydrophone, 0.01-XXX Hz [config: SN-700053_6d6_50M] | Trillium Compact 120s updated improved responses by Nanometrics [config: TC120_improved]",GEOFON,fdsn,395
ZX_2019,BRA03,ZX,-62.981,-59.3436,-785.0,2019-01-12 08:25:00.000,2020-02-11 08:15:00.000000,HDH HH1 HH2 HHZ (100 Hz),100.0,pressure+seismometer,"HiTech HTI-04-PLC-ULF hydrophone, 0.01-XXX Hz [config: SN-700046_6d6_50M] | Trillium Compact 120s updated improved responses by Nanometrics [config: TC120_improved]",GEOFON,fdsn,394
ZX_2019,BRA04,ZX,-62.7413,-58.8036,-1534.0,2019-01-12 23:48:00.000,2020-02-11 16:50:00.000000,HDH HH1 HH2 HHZ (100 Hz),100.0,pressure+seismometer,"HiTech HTI-04-PLC-ULF hydrophone, 0.01-XXX Hz [config: SN-700044_6d6_50M] | Trillium Compact 120s updated improved responses by Nanometrics [config: TC120_improved]",GEOFON,fdsn,394
ZX_2019,BRA05,ZX,-62.4103,-58.4479,-1141.0,2019-01-11 14:42:12.000,2020-02-12 08:46:00.000000,HDH HH1 HH2 HHZ (100 Hz),100.0,pressure+seismometer,"HiTech HTI-04-PLC-ULF hydrophone, 0.01-XXX Hz [config: SN-700048_6d6_50M] | Trillium Compact 120s updated improved responses by Nanometrics [config: TC120_improved]",GEOFON,fdsn,396
ZX_2019,BRA08,ZX,-62.6845,-58.1026,-1049.0,2019-01-13 02:28:00.000,2020-02-11 21:00:00.000000,HDH HH1 HH2 HHZ (100 Hz),100.0,pressure+seismometer,"HiTech HTI-04-PLC-ULF hydrophone, 0.01-XXX Hz [config: SN-700045_6d6_50M] | Trillium Compact 120s updated improved responses by Nanometrics [config: TC120_improved]",GEOFON,fdsn,394
ZX_2019,BRA09,ZX,-62.3509,-58.019,-1943.0,2019-01-13 05:04:00.000,2020-02-12 13:19:00.000000,HDH HH1 HH2 HHZ (100 Hz),100.0,pressure+seismometer,"HiTech HTI-04-PLC-ULF hydrophone, 0.01-XXX Hz [config: SN-700047_6d6_50M] | Trillium Compact 120s updated improved responses by Nanometrics [config: TC120_improved]",GEOFON,fdsn,395
ZX_2019,BRA10,ZX,-62.5418,-57.6636,-1639.0,2019-01-11 04:47:00.000,2020-02-16 01:38:00.000000,HDH HH1 HH2 HHZ (100 Hz),100.0,pressure+seismometer,"HiTech HTI-04-PLC-ULF hydrophone, 0.01-XXX Hz [config: SN-700055_6d6_50M] | Trillium Compact 120s updated improved responses by Nanometrics [config: TC120_improved]",GEOFON,fdsn,400
ZX_2019,BRA11,ZX,-62.1197,-57.3129,-1725.0,2019-01-11 00:04:00.000,2020-02-16 12:32:00.000000,HDH HH1 HH2 HHZ (100 Hz),100.0,pressure+seismometer,"Guralp CMG-40T 60s seismometer, DEPAS pool [config: 4Poles] | HiTech HTI-04-PLC-ULF hydrophone, 0.01-XXX Hz [config: SN-31207305_6d6_50M]",GEOFON,fdsn,401
ZX_2019,BRA13,ZX,-62.456,-58.5994,-1460.0,2019-01-10 00:00:00.000,2020-02-14 23:59:59.000000,EDH ELZ (200 Hz); SL1 SL2 (100 Hz); LDH LL1 LL2 LLZ (1 Hz); VPB (0.1 Hz),200.0,pressure+seismometer,Geospace GS-11D/Quanterra Q330 Linear Phase Compos | HTI-90-U Hydrophone;/Quanterra Q330 Linear Phase C | Quanterra Q330 Linear Phase Composite,EarthScope,fdsn,400
ZX_2019,BRA14,ZX,-62.4797,-58.5699,-1495.0,2019-01-10 00:00:00.000,2020-02-14 23:59:59.000000,EDH ELZ (200 Hz); SL1 SL2 (100 Hz); LDH LL1 LL2 LLZ (1 Hz); VPB (0.1 Hz),200.0,pressure+seismometer,Geospace GS-11D/Quanterra Q330 Linear Phase Compos | HTI-90-U Hydrophone;/Quanterra Q330 Linear Phase C | Quanterra Q330 Linear Phase Composite,EarthScope,fdsn,400
ZX_2019,BRA15,ZX,-62.4333,-58.5485,-1349.0,2019-01-10 00:00:00.000,2020-02-14 23:59:59.000000,EDH ELZ (200 Hz); SL1 SL2 (100 Hz); LDH LL1 LL2 LLZ (1 Hz); VPB (0.1 Hz),200.0,pressure+seismometer,Geospace GS-11D/Quanterra Q330 Linear Phase Compos | HTI-90-U Hydrophone;/Quanterra Q330 Linear Phase C | Quanterra Q330 Linear Phase Composite,EarthScope,fdsn,400
ZX_2019,BRA16,ZX,-62.455,-58.5089,-1335.0,2019-01-10 00:00:00.000,2020-02-17 23:59:59.000000,EDH ELZ (200 Hz); SL1 SL2 (100 Hz); LDH LL1 LL2 LLZ (1 Hz); VPB (0.1 Hz),200.0,pressure+seismometer,Geospace GS-11D/Quanterra Q330 Linear Phase Compos | HTI-90-U Hydrophone;/Quanterra Q330 Linear Phase C | Quanterra Q330 Linear Phase Composite,EarthScope,fdsn,403
ZX_2019,BRA18,ZX,-62.4222,-58.4942,-1254.0,2019-01-11 00:00:00.000,2020-02-14 23:59:59.000000,EDH ELZ (200 Hz); SL1 SL2 (100 Hz); LDH LL1 LL2 LLZ (1 Hz); VPB (0.1 Hz),200.0,pressure+seismometer,Geospace GS-11D/Quanterra Q330 Linear Phase Compos | HTI-90-U Hydrophone;/Quanterra Q330 Linear Phase C | Quanterra Q330 Linear Phase Composite,EarthScope,fdsn,399
ZX_2019,BRA19,ZX,-62.4392,-58.4603,-1103.0,2019-01-11 00:00:00.000,2020-02-17 23:59:59.000000,EDH ELZ (200 Hz); SL1 SL2 (100 Hz); LDH LL1 LL2 LLZ (1 Hz); VPB (0.1 Hz),200.0,pressure+seismometer,Geospace GS-11D/Quanterra Q330 Linear Phase Compos | HTI-90-U Hydrophone;/Quanterra Q330 Linear Phase C | Quanterra Q330 Linear Phase Composite,EarthScope,fdsn,402
ZX_2019,BRA20,ZX,-62.4685,-58.4549,-1374.0,2019-01-11 00:00:00.000,2020-02-17 23:59:59.000000,EDH ELZ (200 Hz); SL1 SL2 (100 Hz); LDH LL1 LL2 LLZ (1 Hz); VPB (0.1 Hz),200.0,pressure+seismometer,Geospace GS-11D/Quanterra Q330 Linear Phase Compos | HTI-90-U Hydrophone;/Quanterra Q330 Linear Phase C | Quanterra Q330 Linear Phase Composite,EarthScope,fdsn,402
ZX_2019,BRA21,ZX,-62.4275,-58.414,-1092.0,2019-01-11 00:00:00.000,2020-02-20 23:59:59.000000,EDH ELZ (200 Hz); SL1 SL2 (100 Hz); LDH LL1 LL2 LLZ (1 Hz); VPB (0.1 Hz),200.0,pressure+seismometer,Geospace GS-11D/Quanterra Q330 Linear Phase Compos | HTI-90-U Hydrophone;/Quanterra Q330 Linear Phase C | Quanterra Q330 Linear Phase Composite,EarthScope,fdsn,405
ZX_2019,BRA22,ZX,-62.4364,-58.3908,-1019.0,2019-01-11 00:00:00.000,2020-02-17 23:59:59.000000,EDH ELZ (200 Hz); SL1 SL2 (100 Hz); LDH LL1 LL2 LLZ (1 Hz); VPB (0.1 Hz),200.0,pressure+seismometer,Geospace GS-11D/Quanterra Q330 Linear Phase Compos | HTI-90-U Hydrophone;/Quanterra Q330 Linear Phase C | Quanterra Q330 Linear Phase Composite,EarthScope,fdsn,402
ZX_2019,BRA23,ZX,-62.4637,-58.3867,-1365.0,2019-01-11 00:00:00.000,2020-02-17 23:59:59.000000,EDH ELZ (200 Hz); SL1 SL2 (100 Hz); LDH LL1 LL2 LLZ (1 Hz); VPB (0.1 Hz),200.0,pressure+seismometer,Geospace GS-11D/Quanterra Q330 Linear Phase Compos | HTI-90-U Hydrophone;/Quanterra Q330 Linear Phase C | Quanterra Q330 Linear Phase Composite,EarthScope,fdsn,402
ZX_2019,BRA24,ZX,-62.3965,-58.4007,-1161.0,2019-01-16 00:00:00.000,2020-02-20 23:59:59.000000,EDH ELZ (200 Hz); SL1 SL2 (100 Hz); LDH LL1 LL2 LLZ (1 Hz); VPB (0.1 Hz),200.0,pressure+seismometer,Geospace GS-11D/Quanterra Q330 Linear Phase Compos | HTI-90-U Hydrophone;/Quanterra Q330 Linear Phase C | Quanterra Q330 Linear Phase Composite,EarthScope,fdsn,400
ZX_2019,BRA25,ZX,-62.4143,-58.39,-1326.0,2019-01-12 00:00:00.000,2020-02-20 23:59:59.000000,EDH ELZ (200 Hz); SL1 SL2 (100 Hz); LDH LL1 LL2 LLZ (1 Hz); VPB (0.1 Hz),200.0,pressure+seismometer,Geospace GS-11D/Quanterra Q330 Linear Phase Compos | HTI-90-U Hydrophone;/Quanterra Q330 Linear Phase C | Quanterra Q330 Linear Phase Composite,EarthScope,fdsn,404
ZX_2019,BRA26,ZX,-62.4213,-58.3379,-1431.0,2019-01-12 00:00:00.000,2020-02-20 23:59:59.000000,EDH ELZ (200 Hz); SL1 SL2 (100 Hz); LDH LL1 LL2 LLZ (1 Hz); VPB (0.1 Hz),200.0,pressure+seismometer,Geospace GS-11D/Quanterra Q330 Linear Phase Compos | HTI-90-U Hydrophone;/Quanterra Q330 Linear Phase C | Quanterra Q330 Linear Phase Composite,EarthScope,fdsn,404
ZX_2019,BRA27,ZX,-62.4436,-58.3313,-1467.0,2019-01-11 00:00:00.000,2020-02-17 23:59:59.000000,EDH ELZ (200 Hz); SL1 SL2 (100 Hz); LDH LL1 LL2 LLZ (1 Hz); VPB (0.1 Hz),200.0,pressure+seismometer,Geospace GS-11D/Quanterra Q330 Linear Phase Compos | HTI-90-U Hydrophone;/Quanterra Q330 Linear Phase C | Quanterra Q330 Linear Phase Composite,EarthScope,fdsn,402
ZZ_2002,LIB1,ZZ,33.7,26.501,-2705.0,2003-07-18 00:00:00.000,2004-01-25 00:00:00.000000,HHE HHN HHZ (125 Hz),125.0,seismometer,GFZ:ZZ2002:SM-6/g=28,GEOFON,fdsn,191
ZZ_2002,LIB10,ZZ,34.22,26.2498,-2041.0,2004-04-30 00:00:00.000,2004-06-22 00:00:00.000000,HHE HHN HHZ (125 Hz),125.0,seismometer,GFZ:ZZ2002:SM-6/g=28,GEOFON,fdsn,53
ZZ_2002,LIB12,ZZ,34.75,25.12,-1610.0,2004-02-14 00:00:00.000,2004-04-15 00:00:00.000000,HHE HHN HHZ (125 Hz),125.0,seismometer,GFZ:ZZ2002:SM-6/g=28,GEOFON,fdsn,61
ZZ_2002,LIB14,ZZ,34.86,25.541,-786.0,2004-02-15 00:00:00.000,2004-03-03 00:00:00.000000,HHE HHN HHZ (125 Hz),125.0,seismometer,GFZ:ZZ2002:SM-6/g=28,GEOFON,fdsn,17
ZZ_2002,LIB14,ZZ,34.8603,25.5407,-786.0,2004-04-30 00:00:00.000,2004-06-22 00:00:00.000000,HHE HHN HHZ (125 Hz),125.0,seismometer,GFZ:ZZ2002:SM-6/g=28,GEOFON,fdsn,53
ZZ_2002,LIB15,ZZ,34.6496,25.8003,-1621.0,2004-04-30 00:00:00.000,2004-06-22 00:00:00.000000,HHE HHN HHZ (125 Hz),125.0,seismometer,GFZ:ZZ2002:SM-6/g=28,GEOFON,fdsn,53
ZZ_2002,LIB15,ZZ,34.65,25.8,-1621.0,2004-02-08 00:00:00.000,2004-04-09 00:00:00.000000,HHE HHN HHZ (125 Hz),125.0,seismometer,GFZ:ZZ2002:SM-6/g=28,GEOFON,fdsn,61
ZZ_2002,LIB16,ZZ,34.4703,26.2305,-3600.0,2004-04-30 00:00:00.000,2004-06-22 00:00:00.000000,HHE HHN HHZ (125 Hz),125.0,seismometer,GFZ:ZZ2002:SM-6/g=28,GEOFON,fdsn,53
ZZ_2002,LIB17,ZZ,34.3995,25.6405,-2632.0,2004-04-30 00:00:00.000,2004-06-22 00:00:00.000000,HHE HHN HHZ (125 Hz),125.0,seismometer,GFZ:ZZ2002:SM-6/g=28,GEOFON,fdsn,53
ZZ_2002,LIB18,ZZ,34.17,25.47,-3115.0,2004-02-14 00:00:00.000,2004-04-15 00:00:00.000000,HHE HHN HHZ (125 Hz),125.0,seismometer,GFZ:ZZ2002:SM-6/g=28,GEOFON,fdsn,61
ZZ_2002,LIB19,ZZ,34.08,25.901,-2748.0,2004-02-14 00:00:00.000,2004-04-15 00:00:00.000000,HHE HHN HHZ (125 Hz),125.0,seismometer,GFZ:ZZ2002:SM-6/g=28,GEOFON,fdsn,61
ZZ_2002,LIB2,ZZ,33.9,25.4,-2595.0,2003-07-18 00:00:00.000,2003-09-17 00:00:00.000000,HHE HHN HHZ (125 Hz),125.0,seismometer,GFZ:ZZ2002:SM-6/g=28,GEOFON,fdsn,61
ZZ_2002,LIB22,ZZ,34.4998,25.0989,-1440.0,2004-04-30 00:00:00.000,2004-06-22 00:00:00.000000,HHE HHN HHZ (125 Hz),125.0,seismometer,GFZ:ZZ2002:CME4011/g=4000,GEOFON,fdsn,53
ZZ_2002,LIB3,ZZ,34.38,26.792,-1760.0,2003-07-17 00:00:00.000,2004-01-21 00:00:00.000000,HHE HHN HHZ (125 Hz),125.0,seismometer,GFZ:ZZ2002:SM-6/g=28,GEOFON,fdsn,188
ZZ_2002,LIB4,ZZ,34.65,25.8,-1600.0,2003-07-18 00:00:00.000,2004-01-21 00:00:00.000000,HHE HHN HHZ (125 Hz),125.0,seismometer,GFZ:ZZ2002:SM-6/g=28,GEOFON,fdsn,187
ZZ_2002,LIB6,ZZ,34.5,25.099,-1445.0,2003-07-18 00:00:00.000,2004-01-25 00:00:00.000000,HHE HHN HHZ (125 Hz),125.0,seismometer,GFZ:ZZ2002:SM-6/g=28,GEOFON,fdsn,191
ZZ_2002,SANT1,ZZ,36.52,25.3803,-280.0,2005-01-20 00:00:00.000,2005-03-23 00:00:00.000000,HHE HHN HHZ (125 Hz),125.0,seismometer,GFZ:ZZ2002:SM-6/g=28,GEOFON,fdsn,62
ZZ_2002,SANT2,ZZ,36.6305,25.48,-420.0,2005-01-23 00:00:00.000,2005-03-26 00:00:00.000000,HHE HHN HHZ (125 Hz),125.0,seismometer,GFZ:ZZ2002:SM-6/g=28,GEOFON,fdsn,62
ZZ_2002,SANT3,ZZ,36.7304,25.5503,-270.0,2005-01-23 00:00:00.000,2005-03-26 00:00:00.000000,HHE HHN HHZ (125 Hz),125.0,seismometer,GFZ:ZZ2002:SM-6/g=28,GEOFON,fdsn,62
ZZ_2002,SANT4,ZZ,36.71,25.7199,-350.0,2005-01-26 00:00:00.000,2005-03-26 00:00:00.000000,HHE HHN HHZ (125 Hz),125.0,seismometer,GFZ:ZZ2002:SM-6/g=28,GEOFON,fdsn,59
ZZ_2002,SANT5,ZZ,36.6301,25.8297,-620.0,2005-01-26 00:00:00.000,2005-03-26 00:00:00.000000,HHE HHN HHZ (125 Hz),125.0,seismometer,GFZ:ZZ2002:SM-6/g=28,GEOFON,fdsn,59
ZZ_2002,SANT6,ZZ,36.56,25.6799,-250.0,2005-01-20 00:00:00.000,2005-03-23 00:00:00.000000,HHE HHN HHZ (125 Hz),125.0,seismometer,GFZ:ZZ2002:SM-6/g=28,GEOFON,fdsn,62
ZZ_2002,SANT7,ZZ,36.46,25.5992,-290.0,2005-01-20 00:00:00.000,2005-03-23 00:00:00.000000,HHE HHN HHZ (125 Hz),125.0,seismometer,GFZ:ZZ2002:SM-6/g=28,GEOFON,fdsn,62
ZZ_2002,SANT8,ZZ,36.5313,25.4892,-210.0,2005-01-20 00:00:00.000,2005-02-08 00:00:00.000000,HHE HHN HHZ (125 Hz),125.0,seismometer,GFZ:ZZ2002:CME4011/g=4000,GEOFON,fdsn,19
ZZ_2015,XABV,ZZ,19.341801,-64.1353,-5426.3,2015-05-14 00:00:00.000,2016-05-31 23:59:59.000000,HH1 HH2 HHZ (100 Hz); BDH (40 Hz); LDH LH1 LH2 LHZ (1 Hz); VPB (0.1 Hz),100.0,pressure+seismometer,Nanometrics trillium_compact_obs WHOI OBSIP/Quante | Quanterra Q330 Linear Phase Composite | SIO Differential Pressure Gauge/Quanterra Q330 Lin,EarthScope,fdsn,383
ZZ_2015,XAGP,ZZ,19.148899,-67.154503,-4752.9,2015-05-15 00:00:00.000,2016-06-01 23:59:59.000000,HH1 HH2 HHZ (100 Hz); BDH (40 Hz); LDH LH1 LH2 LHZ (1 Hz); VPB (0.1 Hz),100.0,pressure+seismometer,Nanometrics trillium_compact_obs WHOI OBSIP/Quante | Quanterra Q330 Linear Phase Composite | SIO Differential Pressure Gauge/Quanterra Q330 Lin,EarthScope,fdsn,383
ZZ_2015,XMTP,ZZ,19.461901,-65.3983,-5234.0,2015-05-14 00:00:00.000,2016-06-01 23:59:59.000000,HH1 HH2 HHZ (100 Hz); BDH (40 Hz); LDH LH1 LH2 LHZ (1 Hz); VPB (0.1 Hz),100.0,pressure+seismometer,Nanometrics trillium_compact_obs WHOI OBSIP/Quante | Quanterra Q330 Linear Phase Composite | SIO Differential Pressure Gauge/Quanterra Q330 Lin,EarthScope,fdsn,384
ZZ_2015,XPCD,ZZ,19.376301,-68.292297,-5288.7,2015-05-16 00:00:00.000,2016-06-02 23:59:59.000000,HH1 HH2 HHZ (100 Hz); BDH (40 Hz); LDH LH1 LH2 LHZ (1 Hz); VPB (0.1 Hz),100.0,pressure+seismometer,Nanometrics trillium_compact_obs WHOI OBSIP/Quante | Quanterra Q330 Linear Phase Composite | SIO Differential Pressure Gauge/Quanterra Q330 Lin,EarthScope,fdsn,383
ZZ_2015,XSJN,ZZ,18.9669,-66.213501,-3505.1,2015-05-15 00:00:00.000,2016-06-01 23:59:59.000000,HH1 HH2 HHZ (100 Hz); BDH (40 Hz); LDH LH1 LH2 LHZ (1 Hz); VPB (0.1 Hz),100.0,pressure+seismometer,Nanometrics trillium_compact_obs WHOI OBSIP/Quante | Quanterra Q330 Linear Phase Composite | SIO Differential Pressure Gauge/Quanterra Q330 Lin,EarthScope,fdsn,383
ZZ_2015,XSTV,ZZ,18.952299,-65.042503,-2544.4,2015-05-13 00:00:00.000,2016-05-31 23:59:59.000000,HH1 HH2 HHZ (100 Hz); BDH (40 Hz); LDH LH1 LH2 LHZ (1 Hz); VPB (0.1 Hz),100.0,pressure+seismometer,Nanometrics trillium_compact_obs WHOI OBSIP/Quante | Quanterra Q330 Linear Phase Composite | SIO Differential Pressure Gauge/Quanterra Q330 Lin,EarthScope,fdsn,384
